wf3pc6ev,BROILED BURGERS,www.cooks.com/recipe/wf3pc6ev/broiled-burgers.html,,
jg5yk7cw,CHEESE-FILLED DOUBLE-DECKER BURGERS,www.cooks.com/recipe/jg5yk7cw/cheese-filled-double-decker-burgers.html,,
2h7nq41q,BEEFY BURGER CUPS,www.cooks.com/recipe/2h7nq41q/beefy-burger-cups.html,,
rx9782q0,ULTIMATE CHEESE BURGERS,www.cooks.com/recipe/rx9782q0/ultimate-cheese-burgers.html,,
rq8t974u,CLASSIC BURGER,www.cooks.com/recipe/rq8t974u/classic-burger.html,,
yv1ln8ii,ONION BURGERS,www.cooks.com/recipe/yv1ln8ii/onion-burgers.html,,
e055n9k9,ONION GRAVY BURGERS,www.cooks.com/recipe/e055n9k9/onion-gravy-burgers.html,,
b93369rd,BLUE CHEESE GRILLED BEEF BURGERS,www.cooks.com/recipe/b93369rd/blue-cheese-grilled-beef-burgers.html,,
7v5f31ns,BETTER BURGERS,www.cooks.com/recipe/7v5f31ns/better-burgers.html,,
e45ti9gw,BELLE'S CHILI CHEESE BURGER,www.cooks.com/recipe/e45ti9gw/belles-chili-cheese-burger.html,,
1203g0it,TURKEY AND CHEDDAR BURGERS,www.cooks.com/recipe/1203g0it/turkey-and-cheddar-burgers.html,,
vl50832f,BLACK BEAN BURGERS (CHILI'S KNOCK-OFF),www.cooks.com/recipe/vl50832f/black-bean-burgers-chilis-knock-off.html,,
956lp4t0,KITCHEN FAMOUS BROWN SUGAR BURGERS,www.cooks.com/recipe/956lp4t0/kitchen-famous-brown-sugar-burgers.html,,
8o85n2rk,MITCHELL BURGERS,www.cooks.com/recipe/8o85n2rk/mitchell-burgers.html,,
ss2ha5wg,TURKEY TERIYAKI BURGERS,www.cooks.com/recipe/ss2ha5wg/turkey-teriyaki-burgers.html,,
6s35t204,CHANNEL INN BURGER,www.cooks.com/recipe/6s35t204/channel-inn-burger.html,,
qt0c92cz,SURPRISE BACON BLUE CHEESE BURGERS,www.cooks.com/recipe/qt0c92cz/surprise-bacon-blue-cheese-burgers.html,,
pp1wz8ka,SHASHE'S BEER BURGERS,www.cooks.com/recipe/pp1wz8ka/shashes-beer-burgers.html,,
5r7b5227,MUSHROOM AND SWISS BURGERS,www.cooks.com/recipe/5r7b5227/mushroom-and-swiss-burgers.html,,
kk6g98n0,VIKING TURKEY BURGERS,www.cooks.com/recipe/kk6g98n0/viking-turkey-burgers.html,,
847tm6p1,VENISON BURGER & GREEN BEANS CASSEROLE,www.cooks.com/recipe/847tm6p1/venison-burger-green-beans-casserole.html,,
jg5yl7zn,KATIE'S LEMON AND HERB CRUSTED CHICKEN BURGERS,www.cooks.com/recipe/jg5yl7zn/katies-lemon-and-herb-crusted-chicken-burgers.html,,
wi7cn31x,"TACO BELL ""BELL-BURGER"" FROM THE 1960'S (COPYCAT)",www.cooks.com/recipe/wi7cn31x/taco-bell-bell-burger-from-the-1960s-copycat.html,,
7j3w70o5,MUNCHABLE MINI-BURGERS WITH FLAVORFUL FRUIT DIPS,www.cooks.com/recipe/7j3w70o5/munchable-mini-burgers-with-flavorful-fruit-dips.html,,
u12yq1zb,KATI'S QUESADILLA TERIYAKI CHEESE BURGER,www.cooks.com/recipe/u12yq1zb/katis-quesadilla-teriyaki-cheese-burger.html,,
l30wo853,BEEF BURGER,www.cooks.com/recipe/l30wo853/beef-burger.html,,
z57rq7ps,CINNAMON RAISIN TURKEY BURGER,www.cooks.com/recipe/z57rq7ps/cinnamon-raisin-turkey-burger.html,,
j82sy67n,DELICIOUS TURKEY CHEESE BURGERS,www.cooks.com/recipe/j82sy67n/delicious-turkey-cheese-burgers.html,,
n69gg9y5,GUACAMOLE BURGERS,www.cooks.com/recipe/n69gg9y5/guacamole-burgers.html,,
7g4rz3no,DANIEL'S EASY CHILI BACON BURGERS,www.cooks.com/recipe/7g4rz3no/daniels-easy-chili-bacon-burgers.html,,
mv13067q,SOY BURGERS,www.cooks.com/recipe/mv13067q/soy-burgers.html,,
162sd8q5,JUICY CHICKEN BURGERS,www.cooks.com/recipe/162sd8q5/juicy-chicken-burgers.html,,
mc03958p,APPLE BUTTER BARBECUE BURGERS,www.cooks.com/recipe/mc03958p/apple-butter-barbecue-burgers.html,,
if8uc0rz,SMOKED BUFFALO BURGERS,www.cooks.com/recipe/if8uc0rz/smoked-buffalo-burgers.html,,
3t3mv1qe,JUICY AND DELICIOUS TURKEY BURGERS,www.cooks.com/recipe/3t3mv1qe/juicy-and-delicious-turkey-burgers.html,,
pe6xl1gl,PREDATOR BURGER,www.cooks.com/recipe/pe6xl1gl/predator-burger.html,,
ii2nt2xc,SOUTH WEST BLUE CHEESE BACON BURGERS,www.cooks.com/recipe/ii2nt2xc/south-west-blue-cheese-bacon-burgers.html,,
1o9uo4yp,TURKEY BURGERS,www.cooks.com/recipe/1o9uo4yp/turkey-burgers.html,,
2758462s,GROUND TURKEY BURGERS,www.cooks.com/recipe/2758462s/ground-turkey-burgers.html,,
5w0xc1t1,TURKEY BURGERS PLUS,www.cooks.com/recipe/5w0xc1t1/turkey-burgers-plus.html,,
6g2pk8xz,SEASONED BURGERS,www.cooks.com/recipe/6g2pk8xz/seasoned-burgers.html,,
pa4ke8km,BEAN BURGER STEW,www.cooks.com/recipe/pa4ke8km/bean-burger-stew.html,,
p90mw415,FAMILY BURGERS!,www.cooks.com/recipe/p90mw415/family-burgers.html,,
kj9ij5pu,HANNA'S GREATEST BURGER OF ALL TIME,www.cooks.com/recipe/kj9ij5pu/hannas-greatest-burger-of-all-time.html,,
xz0ru47e,ONION SOUR CREAM BURGERS,www.cooks.com/recipe/xz0ru47e/onion-sour-cream-burgers.html,,
xv7xs1ib,DANS BURGER CHICKEN,www.cooks.com/recipe/xv7xs1ib/dans-burger-chicken.html,,
5971e4h4,BURGER BITES,www.cooks.com/recipe/5971e4h4/burger-bites.html,,
to9zj53k,PIZZA BURGERS,www.cooks.com/recipe/to9zj53k/pizza-burgers.html,,
ah12l7tb,PIZZA BURGERS,www.cooks.com/recipe/ah12l7tb/pizza-burgers.html,,
5i7zl4be,JAMIE'S EASY RANCH DRESSING BURGERS,www.cooks.com/recipe/5i7zl4be/jamies-easy-ranch-dressing-burgers.html,,
yv13e83t,CORNED BEEF AND EGG BURGERS,www.cooks.com/recipe/yv13e83t/corned-beef-and-egg-burgers.html,,
f27ac6ju,SUPER EASY SALMON BURGERS,www.cooks.com/recipe/f27ac6ju/super-easy-salmon-burgers.html,,
no4q6642,RHIANEN'S BEST BURGERS,www.cooks.com/recipe/no4q6642/rhianens-best-burgers.html,,
dc8kz4wh,NY TURKEY BURGER,www.cooks.com/recipe/dc8kz4wh/ny-turkey-burger.html,,
ym0f87qb,"MATT'S ""POUND 'EM DOWN"" SIRLOIN BURGERS",www.cooks.com/recipe/ym0f87qb/matts-pound-em-down-sirloin-burgers.html,,
e39tg8pi,KAREN'S BEST EVER BURGERS,www.cooks.com/recipe/e39tg8pi/karens-best-ever-burgers.html,,
q132p8k8,JANEL'S BEST LOW-FAT TURKEY BURGERS,www.cooks.com/recipe/q132p8k8/janels-best-low-fat-turkey-burgers.html,,
xw48k8av,PUB'S BLACK & BLUE BURGER,www.cooks.com/recipe/xw48k8av/pubs-black-blue-burger.html,,
2g7wg06a,MISSY'S FAMOUS BACON BLUE CHEESE BURGERS,www.cooks.com/recipe/2g7wg06a/missys-famous-bacon-blue-cheese-burgers.html,,
ir9qg177,MOMMA'S BURGERS,www.cooks.com/recipe/ir9qg177/mommas-burgers.html,,
cl5996kr,PIZZA BURGERS,www.cooks.com/recipe/cl5996kr/pizza-burgers.html,,
pc6d66ag,BEST BARBECUED BURGERS,www.cooks.com/recipe/pc6d66ag/best-barbecued-burgers.html,,
5m7vp2jx,GRILLED PORTOBELLO MUSHROOM BURGERS,www.cooks.com/recipe/5m7vp2jx/grilled-portobello-mushroom-burgers.html,,
yw0j37bk,BUFFALO CHICKEN BURGERS,www.cooks.com/recipe/yw0j37bk/buffalo-chicken-burgers.html,,
522yx3gb,GRILLED BURGER DELUXE,www.cooks.com/recipe/522yx3gb/grilled-burger-deluxe.html,,
pz78b8g1,KENT'S TURKEY BURGERS,www.cooks.com/recipe/pz78b8g1/kents-turkey-burgers.html,,
bq4zp2pe,ERIN'S GRILLED GREEK PORK BURGERS,www.cooks.com/recipe/bq4zp2pe/erins-grilled-greek-pork-burgers.html,,
ir2rt2i9,RENEE'S MEATLOAF TURKEY BURGERS,www.cooks.com/recipe/ir2rt2i9/renees-meatloaf-turkey-burgers.html,,
wx6l833b,TEXAS BACON BURGERS,www.cooks.com/recipe/wx6l833b/texas-bacon-burgers.html,,
k99vy9xk,SANDRA'S EASY GRILLED TURKEY BURGER,www.cooks.com/recipe/k99vy9xk/sandras-easy-grilled-turkey-burger.html,,
a78bu2th,SHERRY'S GREEK BURGERS,www.cooks.com/recipe/a78bu2th/sherrys-greek-burgers.html,,
t41j36y5,ALICIA'S SALMON BURGERS,www.cooks.com/recipe/t41j36y5/alicias-salmon-burgers.html,,
3l9c705m,BUBBA'S LEMON BURGER BISCUITS,www.cooks.com/recipe/3l9c705m/bubbas-lemon-burger-biscuits.html,,
1b8x92zb,WHITE BEAN BURGERS,www.cooks.com/recipe/1b8x92zb/white-bean-burgers.html,,
pw2ns1z1,VELVEETA STUFFED BURGERS,www.cooks.com/recipe/pw2ns1z1/velveeta-stuffed-burgers.html,,
qn01w4bh,SECRET SLOPPY BURGER SAUCE,www.cooks.com/recipe/qn01w4bh/secret-sloppy-burger-sauce.html,,
wd7cu3dz,HOT HAWAIIAN BRAT BURGERS,www.cooks.com/recipe/wd7cu3dz/hot-hawaiian-brat-burgers.html,,
5c2x53sr,THANKSGIVING TURKEY BURGERS,www.cooks.com/recipe/5c2x53sr/thanksgiving-turkey-burgers.html,,
rl10v23v,SPOOKY BURGERS,www.cooks.com/recipe/rl10v23v/spooky-burgers.html,,
v96xn85u,VOLCANO BURGERS,www.cooks.com/recipe/v96xn85u/volcano-burgers.html,,
wn7ad3is,CHEESY BBQ TURKEY BURGERS,www.cooks.com/recipe/wn7ad3is/cheesy-bbq-turkey-burgers.html,,
vi43d4nc,SOUTH BEACH DIET CLASSIC BURGER,www.cooks.com/recipe/vi43d4nc/south-beach-diet-classic-burger.html,,
5m5fp1xj,HEALTHY TURKEY BURGERS,www.cooks.com/recipe/5m5fp1xj/healthy-turkey-burgers.html,,
ji0mf7us,JACKIE'S CREOLE BURGERS,www.cooks.com/recipe/ji0mf7us/jackies-creole-burgers.html,,
zb0k73pv,WHITE CASTLE BURGERS,www.cooks.com/recipe/zb0k73pv/white-castle-burgers.html,,
js3af8vj,JIM'S CLASSIC MUSHROOM BURGERS OVER MASH!,www.cooks.com/recipe/js3af8vj/jims-classic-mushroom-burgers-over-mash.html,,
e85q4414,PORTABELLA BACON MUSHROOM BURGERS FOR TWO,www.cooks.com/recipe/e85q4414/portabella-bacon-mushroom-burgers-for-two.html,,
fq4h10dy,LEMON BBQ BURGERS,www.cooks.com/recipe/fq4h10dy/lemon-bbq-burgers.html,,
rq83870v,SHERRY'S CHEESY CHEYENNE BURGER,www.cooks.com/recipe/rq83870v/sherrys-cheesy-cheyenne-burger.html,,
8292f4m7,SHERRY'S CALIFORNIA BURGERS,www.cooks.com/recipe/8292f4m7/sherrys-california-burgers.html,,
5d6fx2je,VELMA'S MEATLOAF BURGERS,www.cooks.com/recipe/5d6fx2je/velmas-meatloaf-burgers.html,,
3t3oz1l3,SPAGHETTI TURKEY BURGERS,www.cooks.com/recipe/3t3oz1l3/spaghetti-turkey-burgers.html,,
qa0t53hs,VENISON BURGERS,www.cooks.com/recipe/qa0t53hs/venison-burgers.html,,
7h8y386z,AMANDA'S CRUNCHY OVEN BURGERS,www.cooks.com/recipe/7h8y386z/amandas-crunchy-oven-burgers.html,,
cu0dd1h6,GRILLED BLUE CHEESE BURGERS,www.cooks.com/recipe/cu0dd1h6/grilled-blue-cheese-burgers.html,,
ve6y38lu,BLUE CHEESE AND MOZZA BURGERS,www.cooks.com/recipe/ve6y38lu/blue-cheese-and-mozza-burgers.html,,
jq5w17ww,EASY FIESTA BURGERS,www.cooks.com/recipe/jq5w17ww/easy-fiesta-burgers.html,,
xf8lt0fc,RICK'S TUNA BURGERS,www.cooks.com/recipe/xf8lt0fc/ricks-tuna-burgers.html,,
gb4sb27e,WESTERN RANGE BURGERS,www.cooks.com/recipe/gb4sb27e/western-range-burgers.html,,
bz7p6919,COUNTRY BURGER - HOT DOG SAUCE,www.cooks.com/recipe/bz7p6919/country-burger-hot-dog-sauce.html,,
bm5qs9vx,WAFFLE BURGERS,www.cooks.com/recipe/bm5qs9vx/waffle-burgers.html,,
gc6gw4yb,NICO'S MONSTER BURGERS WITH SECRET SAUCE,www.cooks.com/recipe/gc6gw4yb/nicos-monster-burgers-with-secret-sauce.html,,
g74aa393,MORE MEAT BURGERS,www.cooks.com/recipe/g74aa393/more-meat-burgers.html,,
ed6v02ff,BOLOGNA BURGER,www.cooks.com/recipe/ed6v02ff/bologna-burger.html,,
th5ra39t,DIANNE'S PARTY ONION BURGERS,www.cooks.com/recipe/th5ra39t/diannes-party-onion-burgers.html,,
lj9gk2vb,SOUTHWEST JALAPENO VEGGIE BURGERS,www.cooks.com/recipe/lj9gk2vb/southwest-jalapeno-veggie-burgers.html,,
qt4z28ls,PEPPY BURGER SOUP,www.cooks.com/recipe/qt4z28ls/peppy-burger-soup.html,,
n19b09ct,GREEN CASTLES (VEGGIE WHITE CASTLE-STYLE BURGERS),www.cooks.com/recipe/n19b09ct/green-castles-veggie-white-castle-style-burgers.html,,
o864y7pv,PIZZA BURGER,www.cooks.com/recipe/o864y7pv/pizza-burger.html,,
2y7rt9t8,JALAPENO POPPER BURGERS,www.cooks.com/recipe/2y7rt9t8/jalapeno-popper-burgers.html,,
8n10i7be,BACON CHEDDAR BURGER BAKED POTATOES,www.cooks.com/recipe/8n10i7be/bacon-cheddar-burger-baked-potatoes.html,,
yh27817j,BACON MAC AND CHEESE BURGER CASSEROLE,www.cooks.com/recipe/yh27817j/bacon-mac-and-cheese-burger-casserole.html,,
u59fz26s,MUSHROOM BURGERS,www.cooks.com/recipe/u59fz26s/mushroom-burgers.html,,
hi1pm7e2,BLEU CHEESE BURGERS,www.cooks.com/recipe/hi1pm7e2/bleu-cheese-burgers.html,,
829r04jw,GRILLED BLACK BEAN BURGERS,www.cooks.com/recipe/829r04jw/grilled-black-bean-burgers.html,,
j75vg0li,LEISHA'S FANTASTIC BURGERS,www.cooks.com/recipe/j75vg0li/leishas-fantastic-burgers.html,,
sb6wy5yq,BARON'S TACO BURGER,www.cooks.com/recipe/sb6wy5yq/barons-taco-burger.html,,
203097y4,CHEESE BURGER SURPRISE,www.cooks.com/recipe/203097y4/cheese-burger-surprise.html,,
sc5dw735,CHILI 'N' BURGERS,www.cooks.com/recipe/sc5dw735/chili-n-burgers.html,,
2j31p9fe,GWEN'S OUTSIDE-IN BURGERS,www.cooks.com/recipe/2j31p9fe/gwens-outside-in-burgers.html,,
gh21f79c,VEGGIE BURGER,www.cooks.com/recipe/gh21f79c/veggie-burger.html,,
1u3oh7to,CHICKEN BURGER,www.cooks.com/recipe/1u3oh7to/chicken-burger.html,,
vt4nc7bc,CHEESE BURGER,www.cooks.com/recipe/vt4nc7bc/cheese-burger.html,,
n51le2lf,SAM'S MUSHROOM BURGERS,www.cooks.com/recipe/n51le2lf/sams-mushroom-burgers.html,,
6c1qn4w5,HONEY BACON BURGERS,www.cooks.com/recipe/6c1qn4w5/honey-bacon-burgers.html,,
gd4ak34k,BLACK BEAN BURGER,www.cooks.com/recipe/gd4ak34k/black-bean-burger.html,,
i22m04sq,FISH FILLET BURGER,www.cooks.com/recipe/i22m04sq/fish-fillet-burger.html,,
jm5ek77l,NANNYS MISSISSIPPI BURGERS,www.cooks.com/recipe/jm5ek77l/nannys-mississippi-burgers.html,,
g48ku3vt,BACON BURGER ROLL,www.cooks.com/recipe/g48ku3vt/bacon-burger-roll.html,,
js0au786,FISH FILLET BURGER,www.cooks.com/recipe/js0au786/fish-fillet-burger.html,,
p00q32bp,BURGER CASSEROLE,www.cooks.com/recipe/p00q32bp/burger-casserole.html,,
e46sm4wv,RED, WHITE, AND BLUE BURGER TOPPER,www.cooks.com/recipe/e46sm4wv/red-white-and-blue-burger-topper.html
4i0s00nw,FETA AND SPINACH BURGERS,www.cooks.com/recipe/4i0s00nw/feta-and-spinach-burgers.html,,
544103mg,OVEN PIZZA BURGERS,www.cooks.com/recipe/544103mg/oven-pizza-burgers.html,,
xw4ai7c4,ANNA'S CRUNCHY BURGERS,www.cooks.com/recipe/xw4ai7c4/annas-crunchy-burgers.html,,
ol9905cr,BIG BARN BURGERS,www.cooks.com/recipe/ol9905cr/big-barn-burgers.html,,
lj2og0py,MANDY'S BEST TURKEY BURGERS,www.cooks.com/recipe/lj2og0py/mandys-best-turkey-burgers.html,,
gb6ls2xw,HORSERADISH BURGER SAUCE,www.cooks.com/recipe/gb6ls2xw/horseradish-burger-sauce.html,,
pa0ru23b,PITA BURGER,www.cooks.com/recipe/pa0ru23b/pita-burger.html,,
m04fy6na,DELIGHT BURGERS,www.cooks.com/recipe/m04fy6na/delight-burgers.html,,
9h35g02p,BURGUNDY BURGERS,www.cooks.com/recipe/9h35g02p/burgundy-burgers.html,,
xa4wk4ic,IRISH CHEDDAR BURGERS,www.cooks.com/recipe/xa4wk4ic/irish-cheddar-burgers.html,,
5p57r28n,CHEDDAR BURGERS,www.cooks.com/recipe/5p57r28n/cheddar-burgers.html,,
163ul4sq,BEER BURGERS,www.cooks.com/recipe/163ul4sq/beer-burgers.html,,
9v8gx4y3,CLASSIC GERMAN BURGERS,www.cooks.com/recipe/9v8gx4y3/classic-german-burgers.html,,
bb1gh3gh,DINER-STYLE OVEN BURGERS,www.cooks.com/recipe/bb1gh3gh/diner-style-oven-burgers.html,,
952j968,BAKED BEER BURGERS,www.cooks.com/recipe/952j968/baked-beer-burgers.html,,
lz0x272x,DOUBLE BACON CHEDDAR SMOKEHOUSE BURGERS,www.cooks.com/recipe/lz0x272x/double-bacon-cheddar-smokehouse-burgers.html,,
5s93x7tc,JACK O'LANTERN BURGERS,www.cooks.com/recipe/5s93x7tc/jack-olantern-burgers.html,,
ya8yn5mv,BLACK BEANS BURGERS,www.cooks.com/recipe/ya8yn5mv/black-beans-burgers.html,,
7g7lm0nt,BURGER BEAN SPAGHETTI PIE,www.cooks.com/recipe/7g7lm0nt/burger-bean-spaghetti-pie.html,,
p88md7ep,SALMON BURGERS,www.cooks.com/recipe/p88md7ep/salmon-burgers.html,,
tf97p5e2,TURKEY BURGERS,www.cooks.com/recipe/tf97p5e2/turkey-burgers.html,,
i38pv1hf,TOFU BURGER LOAF,www.cooks.com/recipe/i38pv1hf/tofu-burger-loaf.html,,
ym53675w,HAMBURGER OR DEER-BURGER CASSEROLE,www.cooks.com/recipe/ym53675w/hamburger-or-deer-burger-casserole.html,,
o84986w9,STUFFED BURGERS,www.cooks.com/recipe/o84986w9/stuffed-burgers.html,,
rk8wl084,VEGETARIAN BURGER LOAF,www.cooks.com/recipe/rk8wl084/vegetarian-burger-loaf.html,,
lk4bu5y4,VEGETARIAN BURGER LOAF,www.cooks.com/recipe/lk4bu5y4/vegetarian-burger-loaf.html,,
a36lc9gq,VEGETARIAN BURGER LOAF,www.cooks.com/recipe/a36lc9gq/vegetarian-burger-loaf.html,,
ly7gt7tw,CHEESE BURGER PIE,www.cooks.com/recipe/ly7gt7tw/cheese-burger-pie.html,,
vd6sd1kh,AMY'S VEGETARIAN BURGERS,www.cooks.com/recipe/vd6sd1kh/amys-vegetarian-burgers.html,,
ne2rt6io,ALL-AMERICAN BURGERS,www.cooks.com/recipe/ne2rt6io/all-american-burgers.html,,
cl1c89kd,APPLE GLAZED TURKEY BURGERS,www.cooks.com/recipe/cl1c89kd/apple-glazed-turkey-burgers.html,,
fg3oy7v1,3 MINUTE BURGERS,www.cooks.com/recipe/fg3oy7v1/3-minute-burgers.html,,
3q5f06de,BACON STUFFED BURGERS,www.cooks.com/recipe/3q5f06de/bacon-stuffed-burgers.html,,
h03sk4ol,ALOHA BURGERS,www.cooks.com/recipe/h03sk4ol/aloha-burgers.html,,
7c8wr4ec,ALOHA BURGERS,www.cooks.com/recipe/7c8wr4ec/aloha-burgers.html,,
7n8ek4k6,BACON LAMB BURGERS,www.cooks.com/recipe/7n8ek4k6/bacon-lamb-burgers.html,,
vy0fm6s2,ALL-AMERICAN STUFFED BURGER,www.cooks.com/recipe/vy0fm6s2/all-american-stuffed-burger.html,,
2p0f70df,A REEL SEA BURGER,www.cooks.com/recipe/2p0f70df/a-reel-sea-burger.html,,
4b90548t,BEEF BURGERS HAWAIIAN,www.cooks.com/recipe/4b90548t/beef-burgers-hawaiian.html,,
8e3zj4lh,BARLEY BURGER STEW (LOW CHOLESTEROL),www.cooks.com/recipe/8e3zj4lh/barley-burger-stew-low-cholesterol.html,,
3w9fi45r,BAR B Q BURGERS,www.cooks.com/recipe/3w9fi45r/bar-b-q-burgers.html,,
b88zo896,BEER AND ONION BURGERS,www.cooks.com/recipe/b88zo896/beer-and-onion-burgers.html,,
v903a6yb,BEEF BURGERS DELIGHT,www.cooks.com/recipe/v903a6yb/beef-burgers-delight.html,,
n86o666l,BEAN BURGERS,www.cooks.com/recipe/n86o666l/bean-burgers.html,,
c040w263,BACON-STUFFED BURGERS,www.cooks.com/recipe/c040w263/bacon-stuffed-burgers.html,,
wj7018k6,BARBECUED LENTIL BURGERS,www.cooks.com/recipe/wj7018k6/barbecued-lentil-burgers.html,,
iw4y451u,BARBECUE BURGER MIX,www.cooks.com/recipe/iw4y451u/barbecue-burger-mix.html,,
gb9dk8le,BAR-B-Q BEEF BURGERS,www.cooks.com/recipe/gb9dk8le/bar-b-q-beef-burgers.html,,
yi49m6qv,BLUE CHEESE STUFFED BURGERS,www.cooks.com/recipe/yi49m6qv/blue-cheese-stuffed-burgers.html,,
l02ad2xw,BIEROCKS (CABBAGE BURGERS),www.cooks.com/recipe/l02ad2xw/bierocks-cabbage-burgers.html,,
vc87z63h,BREAKFAST BURGER,www.cooks.com/recipe/vc87z63h/breakfast-burger.html,,
255rt1hj,BIG MAC BURGERS,www.cooks.com/recipe/255rt1hj/big-mac-burgers.html,,
pj0hq8tu,BROILED SALMON BURGERS,www.cooks.com/recipe/pj0hq8tu/broiled-salmon-burgers.html,,
wl4dx9gr,BLUE CHEESE BURGERS,www.cooks.com/recipe/wl4dx9gr/blue-cheese-burgers.html,,
7a9fk8rl,BEER BURGERS,www.cooks.com/recipe/7a9fk8rl/beer-burgers.html,,
2b4tu378,BEST BACON CHEESE BURGERS,www.cooks.com/recipe/2b4tu378/best-bacon-cheese-burgers.html,,
hs4jy7vu,BETTY DAVIS BURGERS,www.cooks.com/recipe/hs4jy7vu/betty-davis-burgers.html,,
8o2el8wz,BLUE CHEESE BURGERS,www.cooks.com/recipe/8o2el8wz/blue-cheese-burgers.html,,
pk9qw21s,BUFFALO BURGERS,www.cooks.com/recipe/pk9qw21s/buffalo-burgers.html,,
7m8uy48g,BURGER - STUFFED ONIONS,www.cooks.com/recipe/7m8uy48g/burger-stuffed-onions.html,,
rd4r1731,BROILED SALMON BURGERS,www.cooks.com/recipe/rd4r1731/broiled-salmon-burgers.html,,
2s83m8q5,BUDGET BURGER BUNDLES,www.cooks.com/recipe/2s83m8q5/budget-burger-bundles.html,,
sm4cx56t,BURGER BEAN CUPS,www.cooks.com/recipe/sm4cx56t/burger-bean-cups.html,,
l317q0sz,BURGER STUFFED PEPPERS,www.cooks.com/recipe/l317q0sz/burger-stuffed-peppers.html,,
h07fx6nd,BROWN DERBY BURGERS WITH SAUCE DIABLO,www.cooks.com/recipe/h07fx6nd/brown-derby-burgers-with-sauce-diablo.html,,
fs7wg4sb,BURGERS - GREEK STYLE (ON THE GRILL),www.cooks.com/recipe/fs7wg4sb/burgers-greek-style-on-the-grill.html,,
nx10a8bc,BURGERS WITH MUSHROOM SAUCE,www.cooks.com/recipe/nx10a8bc/burgers-with-mushroom-sauce.html,,
cl5mm606,BUTTER BURGERS,www.cooks.com/recipe/cl5mm606/butter-burgers.html,,
uk7yf7wm,CAJUN TURKEY BURGERS,www.cooks.com/recipe/uk7yf7wm/cajun-turkey-burgers.html,,
uh2hu1mh,CABBAGE BURGERS,www.cooks.com/recipe/uh2hu1mh/cabbage-burgers.html,,
mo7fg1m9,CABBAGE BURGERS,www.cooks.com/recipe/mo7fg1m9/cabbage-burgers.html,,
2k48s0ow,CABBAGE BURGERS,www.cooks.com/recipe/2k48s0ow/cabbage-burgers.html,,
hr4v84wt,CABBAGE-BURGER CASSEROLE,www.cooks.com/recipe/hr4v84wt/cabbage-burger-casserole.html,,
kl8621dk,CALIFORNIA BURGERS,www.cooks.com/recipe/kl8621dk/california-burgers.html,,
e853m8ng,CABBAGE BURGERS (KRAUT BAROKS),www.cooks.com/recipe/e853m8ng/cabbage-burgers-kraut-baroks.html,,
709fx8rb,CABBAGE BURGERS,www.cooks.com/recipe/709fx8rb/cabbage-burgers.html,,
nn8oy987,CABBAGE BURGERS,www.cooks.com/recipe/nn8oy987/cabbage-burgers.html,,
dz3qd2l0,CAJUN TURKEY BURGERS,www.cooks.com/recipe/dz3qd2l0/cajun-turkey-burgers.html,,
si47b5qc,CHEESE BURGER PIE,www.cooks.com/recipe/si47b5qc/cheese-burger-pie.html,,
fm9og8rp,CHEESE STUFFED BURGER LOGS,www.cooks.com/recipe/fm9og8rp/cheese-stuffed-burger-logs.html,,
2h8xp8ri,CHEVRE-STUFFED LAMB BURGERS,www.cooks.com/recipe/2h8xp8ri/chevre-stuffed-lamb-burgers.html,,
ph5cm3f8,CHEDDAR - CHICKEN BURGERS (WEIGHT WATCHERS),www.cooks.com/recipe/ph5cm3f8/cheddar-chicken-burgers-weight-watchers.html,,
mn7ct1xc,CHEESY BURGERS,www.cooks.com/recipe/mn7ct1xc/cheesy-burgers.html,,
1w1xt4g3,CHEAP MEAT BURGER,www.cooks.com/recipe/1w1xt4g3/cheap-meat-burger.html,,
bu48u1ha,CHICK - PEA (GARBONZA) BURGERS,www.cooks.com/recipe/bu48u1ha/chick-pea-garbonza-burgers.html,,
v92lq4sv,CHEESE BURGER QUICHE,www.cooks.com/recipe/v92lq4sv/cheese-burger-quiche.html,,
hf0r11gd,CHEESE BURGER CASSEROLE,www.cooks.com/recipe/hf0r11gd/cheese-burger-casserole.html,,
w98xh951,CHEESE STUFFED BURGERS,www.cooks.com/recipe/w98xh951/cheese-stuffed-burgers.html,,
q49nx2c2,CHICKEN BURGERS,www.cooks.com/recipe/q49nx2c2/chicken-burgers.html,,
ty8050ry,CHICK-PEA (GARBONZA) BURGERS,www.cooks.com/recipe/ty8050ry/chick-pea-garbonza-burgers.html,,
7f9ck8bo,CHICKEN BURGERS,www.cooks.com/recipe/7f9ck8bo/chicken-burgers.html,,
8y6h52m6,CHIP AND DIP BURGERS,www.cooks.com/recipe/8y6h52m6/chip-and-dip-burgers.html,,
104z10pj,CROWD BURGERS,www.cooks.com/recipe/104z10pj/crowd-burgers.html,,
wj65h3yj,CHICKEN CHEESE BURGERS,www.cooks.com/recipe/wj65h3yj/chicken-cheese-burgers.html,,
jf1qz0pw,CREATIVE BURGER TOPPINGS,www.cooks.com/recipe/jf1qz0pw/creative-burger-toppings.html,,
97nk0s0,CHICKEN BURGERS,www.cooks.com/recipe/97nk0s0/chicken-burgers.html,,
p883l6ta,CONFETTI BURGERS (MEXICAN),www.cooks.com/recipe/p883l6ta/confetti-burgers-mexican.html,,
o28r69ys,CHICKEN BURGERS,www.cooks.com/recipe/o28r69ys/chicken-burgers.html,,
or2hp4t8,FETA-STUFFED PITA BURGERS,www.cooks.com/recipe/or2hp4t8/feta-stuffed-pita-burgers.html,,
6q5us8co,EASY CHEESY BURGER DIP,www.cooks.com/recipe/6q5us8co/easy-cheesy-burger-dip.html,,
7q24w3jq,FISH BURGERS,www.cooks.com/recipe/7q24w3jq/fish-burgers.html,,
7u8qj2lv,FISH BURGERS,www.cooks.com/recipe/7u8qj2lv/fish-burgers.html,,
e73wy0h4,FETA - STUFFED PITA BURGERS,www.cooks.com/recipe/e73wy0h4/feta-stuffed-pita-burgers.html,,
tv47x7b1,EGGPLANT BURGER--ITALIAN STYLE,www.cooks.com/recipe/tv47x7b1/eggplant-burger-italian-style.html,,
jx2cv17w,TUNA BURGERS,www.cooks.com/recipe/jx2cv17w/tuna-burgers.html,,
r70o99i9,DELUXE TURKEY BURGERS,www.cooks.com/recipe/r70o99i9/deluxe-turkey-burgers.html,,
yv1w88cd,CURRIED LAMB BURGERS,www.cooks.com/recipe/yv1w88cd/curried-lamb-burgers.html,,
4w3rl0ho,DETROIT GREEK BURGER,www.cooks.com/recipe/4w3rl0ho/detroit-greek-burger.html,,
ns93b2gg,GARDEN-FRESH TURKEY BURGERS,www.cooks.com/recipe/ns93b2gg/garden-fresh-turkey-burgers.html,,
3678r0zm,GARDEN-FRESH TURKEY BURGERS,www.cooks.com/recipe/3678r0zm/garden-fresh-turkey-burgers.html,,
qt2rz2hu,GARDEN FRESH TURKEY BURGERS,www.cooks.com/recipe/qt2rz2hu/garden-fresh-turkey-burgers.html,,
4e7ss5r9,FREEZE NOW EAT LATER TURKEY VEGETABLE BURGERS,www.cooks.com/recipe/4e7ss5r9/freeze-now-eat-later-turkey-vegetable-burgers.html,,
de9ze86c,GERMAN BURGERS,www.cooks.com/recipe/de9ze86c/german-burgers.html,,
dp7sj43v,GARDEN FRESH TURKEY BURGERS,www.cooks.com/recipe/dp7sj43v/garden-fresh-turkey-burgers.html,,
9906x0is,GARDEN - FRESH TURKEY BURGERS,www.cooks.com/recipe/9906x0is/garden-fresh-turkey-burgers.html,,
l23n7504,GARDEN FRESH TURKEY BURGERS,www.cooks.com/recipe/l23n7504/garden-fresh-turkey-burgers.html,,
ih09f9ra,GLAZED TUNA OR SALMON BURGER,www.cooks.com/recipe/ih09f9ra/glazed-tuna-or-salmon-burger.html,,
1d6cv9w3,GRAMMY'S BURGERS,www.cooks.com/recipe/1d6cv9w3/grammys-burgers.html,,
2m7p10hu,GRILLED BASIL BURGERS,www.cooks.com/recipe/2m7p10hu/grilled-basil-burgers.html,,
wx93f2y8,GRILLED PINEAPPLE BURGERS,www.cooks.com/recipe/wx93f2y8/grilled-pineapple-burgers.html,,
pu5oi7yd,GRILLED BASIL BURGERS,www.cooks.com/recipe/pu5oi7yd/grilled-basil-burgers.html,,
il0yp98n,GRILLED MEXI BURGERS,www.cooks.com/recipe/il0yp98n/grilled-mexi-burgers.html,,
pu63h59i,GRILLED MEXI BURGERS,www.cooks.com/recipe/pu63h59i/grilled-mexi-burgers.html,,
r40142wh,GREMLIN BURGERS,www.cooks.com/recipe/r40142wh/gremlin-burgers.html,,
yw3cd8fd,GRILLED MEXI BURGERS,www.cooks.com/recipe/yw3cd8fd/grilled-mexi-burgers.html,,
s374w7lh,GRILLED MEXI-BURGERS,www.cooks.com/recipe/s374w7lh/grilled-mexi-burgers.html,,
in9qh12r,GREMLIN BURGERS,www.cooks.com/recipe/in9qh12r/gremlin-burgers.html,,
365q6500,GRILL BURGERS,www.cooks.com/recipe/365q6500/grill-burgers.html,,
ao9l84dk,GYRO BURGERS,www.cooks.com/recipe/ao9l84dk/gyro-burgers.html,,
9h4j700h,GUMBO BURGERS,www.cooks.com/recipe/9h4j700h/gumbo-burgers.html,,
on8sf6oo,GYRO BURGERS,www.cooks.com/recipe/on8sf6oo/gyro-burgers.html,,
8w8i23hr,HEINZ 57 BURGERS,www.cooks.com/recipe/8w8i23hr/heinz-57-burgers.html,,
di7fw9rv,GUACAMOLE BURGERS,www.cooks.com/recipe/di7fw9rv/guacamole-burgers.html,,
dc8mg42a,HOT CHILI BURGERS,www.cooks.com/recipe/dc8mg42a/hot-chili-burgers.html,,
709k58ft,ITALIAN TOFU BURGER,www.cooks.com/recipe/709k58ft/italian-tofu-burger.html,,
ex8012cf,HOT DOG, CHILI BURGER SAUCE,www.cooks.com/recipe/ex8012cf/hot-dog-chili-burger-sauce.html,
7h8v34z2,JIMMY DEAN SAUSAGE BURGERS,www.cooks.com/recipe/7h8v34z2/jimmy-dean-sausage-burgers.html,,
y06ck1xj,GRILLED TURKEY BURGERS,www.cooks.com/recipe/y06ck1xj/grilled-turkey-burgers.html,,
jy6010df,OATMEAL BURGERS,www.cooks.com/recipe/jy6010df/oatmeal-burgers.html,,
t12ph2ek,JOHN'S BBQ SAUCE FOR CHARCOAL BURGERS,www.cooks.com/recipe/t12ph2ek/johns-bbq-sauce-for-charcoal-burgers.html,,
2w6iw4t4,KRAUT BURGERS,www.cooks.com/recipe/2w6iw4t4/kraut-burgers.html,,
4d1337xt,KRAUT BURGER CASSEROLE,www.cooks.com/recipe/4d1337xt/kraut-burger-casserole.html,,
id8965hu,KASHA BURGERS WITH KASHA SAUCE,www.cooks.com/recipe/id8965hu/kasha-burgers-with-kasha-sauce.html,,
227sk549,KRAUT BURGERS,www.cooks.com/recipe/227sk549/kraut-burgers.html,,
2g05n04p,JUMBO KRAUT BURGER,www.cooks.com/recipe/2g05n04p/jumbo-kraut-burger.html,,
ir8wm5pt,JOHN'S GRILLED BURGERS,www.cooks.com/recipe/ir8wm5pt/johns-grilled-burgers.html,,
x66zp3dx,KRAUT BURGERS,www.cooks.com/recipe/x66zp3dx/kraut-burgers.html,,
jk61v09u,KRAUT BURGERS,www.cooks.com/recipe/jk61v09u/kraut-burgers.html,,
e030w2tm,LEFTOVER MASHED POTATO BURGER PIE,www.cooks.com/recipe/e030w2tm/leftover-mashed-potato-burger-pie.html,,
c75y92cy,LENTIL BURGERS,www.cooks.com/recipe/c75y92cy/lentil-burgers.html,,
7e38j0c4,LENTIL BURGERS,www.cooks.com/recipe/7e38j0c4/lentil-burgers.html,,
7v9ir0rl,LENTIL BURGERS,www.cooks.com/recipe/7v9ir0rl/lentil-burgers.html,,
fn912888,LIGHTER BURGERS,www.cooks.com/recipe/fn912888/lighter-burgers.html,,
hd9536f0,KRAUT BURGERS,www.cooks.com/recipe/hd9536f0/kraut-burgers.html,,
36f72up,LIPTON ONION BURGERS,www.cooks.com/recipe/36f72up/lipton-onion-burgers.html,,
t18zc1h1,LIPTON ONION BURGERS,www.cooks.com/recipe/t18zc1h1/lipton-onion-burgers.html,,
gv37p4gf,LENTIL BURGERS,www.cooks.com/recipe/gv37p4gf/lentil-burgers.html,,
hf73628y,LAMB BURGERS,www.cooks.com/recipe/hf73628y/lamb-burgers.html,,
eq3zz7tj,MOCK STROGANOFF BURGERS,www.cooks.com/recipe/eq3zz7tj/mock-stroganoff-burgers.html,,
gv75d2z6,MICROWAVE MUSHROOM BURGERS,www.cooks.com/recipe/gv75d2z6/microwave-mushroom-burgers.html,,
8t3q31vy,LOW-FAT TURKEY BURGERS,www.cooks.com/recipe/8t3q31vy/low-fat-turkey-burgers.html,,
b76ch4i0,LOW FAT TURKEY BURGERS,www.cooks.com/recipe/b76ch4i0/low-fat-turkey-burgers.html,,
s24jb561,MACKEREL BURGERS,www.cooks.com/recipe/s24jb561/mackerel-burgers.html,,
ye0mh8ru,MUSHROOM BEEF BURGERS,www.cooks.com/recipe/ye0mh8ru/mushroom-beef-burgers.html,,
ra1wc2oe,MUGSY'S CAJUN MUENSTER BURGERS,www.cooks.com/recipe/ra1wc2oe/mugsys-cajun-muenster-burgers.html,,
hr9pq9x3,MARANDA'S PIZZA BURGERS,www.cooks.com/recipe/hr9pq9x3/marandas-pizza-burgers.html,,
za2zy0y4,MEATLOAF BURGERS,www.cooks.com/recipe/za2zy0y4/meatloaf-burgers.html,,
rv6150ea,LOW FAT TURKEY BURGERS,www.cooks.com/recipe/rv6150ea/low-fat-turkey-burgers.html,,
fj3y993r,OVEN READY SUPER BURGERS,www.cooks.com/recipe/fj3y993r/oven-ready-super-burgers.html,,
gv7926lt,OVEN BURGERS,www.cooks.com/recipe/gv7926lt/oven-burgers.html,,
xk1hj63l,MUSHROOM BURGERS,www.cooks.com/recipe/xk1hj63l/mushroom-burgers.html,,
n58pd7e9,OVEN BURGER (LOW CALORIE),www.cooks.com/recipe/n58pd7e9/oven-burger-low-calorie.html,,
5j3pw27h,OUTDOOR BBQ BURGERS,www.cooks.com/recipe/5j3pw27h/outdoor-bbq-burgers.html,,
ip3iv5lp,MUSHROOM BURGERS,www.cooks.com/recipe/ip3iv5lp/mushroom-burgers.html,,
s5b943b,NO-MEAT BURGERS-IN-A-HURRY,www.cooks.com/recipe/s5b943b/no-meat-burgers-in-a-hurry.html,,
me4gs8ym,NOODLE BURGER,www.cooks.com/recipe/me4gs8ym/noodle-burger.html,,
o61qs8k2,ORIENTAL BURGERS,www.cooks.com/recipe/o61qs8k2/oriental-burgers.html,,
i791g57e,NOODLE BURGER,www.cooks.com/recipe/i791g57e/noodle-burger.html,,
dz16631u,PINEAPPLE BURGERS,www.cooks.com/recipe/dz16631u/pineapple-burgers.html,,
7q9fg818,PIZZA BURGER PIE,www.cooks.com/recipe/7q9fg818/pizza-burger-pie.html,,
k00vc257,PIZZA - BURGERS,www.cooks.com/recipe/k00vc257/pizza-burgers.html,,
ze0638jv,PEPPER BURGERS,www.cooks.com/recipe/ze0638jv/pepper-burgers.html,,
b48fi3tz,PIZZA BURGERS ON COCKTAIL RYE,www.cooks.com/recipe/b48fi3tz/pizza-burgers-on-cocktail-rye.html,,
qs9nu91s,PITA BURGERS,www.cooks.com/recipe/qs9nu91s/pita-burgers.html,,
cq6s09uz,PINTO BEAN BURGERS,www.cooks.com/recipe/cq6s09uz/pinto-bean-burgers.html,,
oj1ci6ab,PACIFIC SALMON BURGERS,www.cooks.com/recipe/oj1ci6ab/pacific-salmon-burgers.html,,
tt0xv9yl,PIZZA BURGERS,www.cooks.com/recipe/tt0xv9yl/pizza-burgers.html,,
gx9ko6h7,PEPPER BEEF BURGER,www.cooks.com/recipe/gx9ko6h7/pepper-beef-burger.html,,
ua1nu5ls,PIZZA BURGERS,www.cooks.com/recipe/ua1nu5ls/pizza-burgers.html,,
7z7s92b8,PIZZA BURGERS,www.cooks.com/recipe/7z7s92b8/pizza-burgers.html,,
k10072jv,PIZZA BURGERS,www.cooks.com/recipe/k10072jv/pizza-burgers.html,,
6p38s0zk,PIZZA BURGERS,www.cooks.com/recipe/6p38s0zk/pizza-burgers.html,,
jm7iq3re,PIZZA BURGERS,www.cooks.com/recipe/jm7iq3re/pizza-burgers.html,,
c50qq08u,PIZZA BURGERS,www.cooks.com/recipe/c50qq08u/pizza-burgers.html,,
rs4yi5b3,PIZZA BURGERS,www.cooks.com/recipe/rs4yi5b3/pizza-burgers.html,,
n24i28sd,PIZZA BURGERS,www.cooks.com/recipe/n24i28sd/pizza-burgers.html,,
fu3nq03k,PIZZA BURGERS,www.cooks.com/recipe/fu3nq03k/pizza-burgers.html,,
2c6hm48t,PIZZA BURGERS,www.cooks.com/recipe/2c6hm48t/pizza-burgers.html,,
e81ov30h,PIZZA BURGERS,www.cooks.com/recipe/e81ov30h/pizza-burgers.html,,
r29v59hc,PIZZA BURGERS,www.cooks.com/recipe/r29v59hc/pizza-burgers.html,,
678932ag,POTATO BURGER CASSEROLE,www.cooks.com/recipe/678932ag/potato-burger-casserole.html,,
gh7kw4wi,SALMON BURGERS,www.cooks.com/recipe/gh7kw4wi/salmon-burgers.html,,
qj9vs2fe,POT LUCK BURGER BAKE,www.cooks.com/recipe/qj9vs2fe/pot-luck-burger-bake.html,,
tg9ed1iz,PORK BURGERS,www.cooks.com/recipe/tg9ed1iz/pork-burgers.html,,
vh8g86qq,PIZZA BURGERS,www.cooks.com/recipe/vh8g86qq/pizza-burgers.html,,
ky0h79al,PIZZA BURGERS,www.cooks.com/recipe/ky0h79al/pizza-burgers.html,,
vm8f571u,PIZZA BURGERS,www.cooks.com/recipe/vm8f571u/pizza-burgers.html,,
lk1d85k3,PIZZA STYLE BURGERS,www.cooks.com/recipe/lk1d85k3/pizza-style-burgers.html,,
pm4vx9y9,SALMON BURGERS,www.cooks.com/recipe/pm4vx9y9/salmon-burgers.html,,
315va58f,SALMON BURGERS,www.cooks.com/recipe/315va58f/salmon-burgers.html,,
tu48o435,SALMON BURGERS,www.cooks.com/recipe/tu48o435/salmon-burgers.html,,
y26ql6gk,SALMON BURGERS,www.cooks.com/recipe/y26ql6gk/salmon-burgers.html,,
tq8yu5rm,QUICK'N EASY ONION BURGERS,www.cooks.com/recipe/tq8yu5rm/quickn-easy-onion-burgers.html,,
oj8a86o7,SALMON BURGERS ON TOASTED BUNS,www.cooks.com/recipe/oj8a86o7/salmon-burgers-on-toasted-buns.html,,
f22xb8i1,SALMON BURGERS,www.cooks.com/recipe/f22xb8i1/salmon-burgers.html,,
aq1uh703,QUICK ITALIAN BURGERS,www.cooks.com/recipe/aq1uh703/quick-italian-burgers.html,,
974mj1b6,RICE BURGERS,www.cooks.com/recipe/974mj1b6/rice-burgers.html,,
3l1kp4i6,SALMON BURGERS,www.cooks.com/recipe/3l1kp4i6/salmon-burgers.html,,
oo8947zb,SALMON BURGER,www.cooks.com/recipe/oo8947zb/salmon-burger.html,,
ro94w14c,SALMON BURGERS,www.cooks.com/recipe/ro94w14c/salmon-burgers.html,,
ky9sn3ht,SALMON BURGERS,www.cooks.com/recipe/ky9sn3ht/salmon-burgers.html,,
5u92a631,SEASONED TURKEY BURGERS,www.cooks.com/recipe/5u92a631/seasoned-turkey-burgers.html,,
6g3uy1r1,SCRAMBLE BURGERS,www.cooks.com/recipe/6g3uy1r1/scramble-burgers.html,,
kj9v85ek,SALMON BURGERS,www.cooks.com/recipe/kj9v85ek/salmon-burgers.html,,
pb4fb814,SALMON BURGERS,www.cooks.com/recipe/pb4fb814/salmon-burgers.html,,
ov0qn6aw,SEASIDE SALMON BURGERS,www.cooks.com/recipe/ov0qn6aw/seaside-salmon-burgers.html,,
jp1ky0sc,SALMON BURGER,www.cooks.com/recipe/jp1ky0sc/salmon-burger.html,,
i30792mm,SALMON BURGERS,www.cooks.com/recipe/i30792mm/salmon-burgers.html,,
5275m9yq,SPAM BURGERS,www.cooks.com/recipe/5275m9yq/spam-burgers.html,,
nb0g28u2,SPAM BURGERS,www.cooks.com/recipe/nb0g28u2/spam-burgers.html,,
in9411jx,SOY BEAN BURGERS,www.cooks.com/recipe/in9411jx/soy-bean-burgers.html,,
bl5go402,SOUTH OF THE BORDER BURGERS,www.cooks.com/recipe/bl5go402/south-of-the-border-burgers.html,,
906ga4t7,SIMPLY TASTY TUNA BURGERS,www.cooks.com/recipe/906ga4t7/simply-tasty-tuna-burgers.html,,
yu1vp8li,SOUTHWEST TURKEY BURGERS,www.cooks.com/recipe/yu1vp8li/southwest-turkey-burgers.html,,
ua4zq55n,SLOPPY JOE BURGERS FOR KIDS,www.cooks.com/recipe/ua4zq55n/sloppy-joe-burgers-for-kids.html,,
va5x43a0,SLOPPY BURGERS,www.cooks.com/recipe/va5x43a0/sloppy-burgers.html,,
op0br4f7,SPECIAL VENISON BURGERS,www.cooks.com/recipe/op0br4f7/special-venison-burgers.html,,
ep9dk044,SPECIAL SAUCE BURGER TOPPING,www.cooks.com/recipe/ep9dk044/special-sauce-burger-topping.html,,
z222c67x,TACO BURGERS,www.cooks.com/recipe/z222c67x/taco-burgers.html,,
367d1095,STEAK BURGERS,www.cooks.com/recipe/367d1095/steak-burgers.html,,
lv6st7rg,STUFFED BURGERS,www.cooks.com/recipe/lv6st7rg/stuffed-burgers.html,,
fc0ck1lz,SPICED LAMB BURGERS,www.cooks.com/recipe/fc0ck1lz/spiced-lamb-burgers.html,,
xe107119,SWISS MUSHROOM BACON BURGERS,www.cooks.com/recipe/xe107119/swiss-mushroom-bacon-burgers.html,,
ph8t47kw,SPINACH BURGERS,www.cooks.com/recipe/ph8t47kw/spinach-burgers.html,,
k640x7g5,TACO BURGERS,www.cooks.com/recipe/k640x7g5/taco-burgers.html,,
gl50x89i,SPICY KALAMATA GYRO BURGERS,www.cooks.com/recipe/gl50x89i/spicy-kalamata-gyro-burgers.html,,
aj9vx4dt,TACO BURGERS,www.cooks.com/recipe/aj9vx4dt/taco-burgers.html,,
tt1jd2yk,STUFFED BURGERS,www.cooks.com/recipe/tt1jd2yk/stuffed-burgers.html,,
2h7w90mi,TASTY BURGER CASSEROLE,www.cooks.com/recipe/2h7w90mi/tasty-burger-casserole.html,,
x93n23s8,THREE BEAN TURKEY BURGER BAKE,www.cooks.com/recipe/x93n23s8/three-bean-turkey-burger-bake.html,,
5n7g127p,TOFU BEACH BURGER,www.cooks.com/recipe/5n7g127p/tofu-beach-burger.html,,
me5t9370,TERIYAKI BURGERS,www.cooks.com/recipe/me5t9370/teriyaki-burgers.html,,
ke9qu9n6,TASTEE BURGERS,www.cooks.com/recipe/ke9qu9n6/tastee-burgers.html,,
9w4j80tl,TATER BURGERS,www.cooks.com/recipe/9w4j80tl/tater-burgers.html,,
110js0ji,TERIYAKI BURGERS,www.cooks.com/recipe/110js0ji/teriyaki-burgers.html,,
ei0dq1vo,TASTEE BURGERS,www.cooks.com/recipe/ei0dq1vo/tastee-burgers.html,,
t911x2t9,TERIYAKI BURGERS,www.cooks.com/recipe/t911x2t9/teriyaki-burgers.html,,
ly7ti3nv,TOFU BURGERS,www.cooks.com/recipe/ly7ti3nv/tofu-burgers.html,,
2c7wi0k9,"TOFU ""CHICKEN"" BURGERS",www.cooks.com/recipe/2c7wi0k9/tofu-chicken-burgers.html,,
xe8uw7c2,TUNA BURGERS,www.cooks.com/recipe/xe8uw7c2/tuna-burgers.html,,
j20qd35q,TOFU BURGERS,www.cooks.com/recipe/j20qd35q/tofu-burgers.html,,
ya6c41os,TOFU BURGERS,www.cooks.com/recipe/ya6c41os/tofu-burgers.html,,
ll6zr012,TOFU BURGERS,www.cooks.com/recipe/ll6zr012/tofu-burgers.html,,
tp9ob3zo,TUNA BURGER BAKE,www.cooks.com/recipe/tp9ob3zo/tuna-burger-bake.html,,
ds3ra0gw,TUNA - ONION BURGERS,www.cooks.com/recipe/ds3ra0gw/tuna-onion-burgers.html,,
bm68u2yv,TOFU BURGERS,www.cooks.com/recipe/bm68u2yv/tofu-burgers.html,,
3v7675j1,TOFU BURGERS,www.cooks.com/recipe/3v7675j1/tofu-burgers.html,,
pp1vj8gz,TOFU BURGERS,www.cooks.com/recipe/pp1vj8gz/tofu-burgers.html,,
o72al0e0,TUNA SALAD BURGERS,www.cooks.com/recipe/o72al0e0/tuna-salad-burgers.html,,
ws2le0q0,TUNA BURGERS,www.cooks.com/recipe/ws2le0q0/tuna-burgers.html,,
908zd88n,TUNA BURGERS,www.cooks.com/recipe/908zd88n/tuna-burgers.html,,
8w8sd86s,TURKEY BURGERS WITH SPRING VEGETABLES,www.cooks.com/recipe/8w8sd86s/turkey-burgers-with-spring-vegetables.html,,
1t90a4g2,TUNA BURGERS,www.cooks.com/recipe/1t90a4g2/tuna-burgers.html,,
an1gh9eb,TUNA BURGERS,www.cooks.com/recipe/an1gh9eb/tuna-burgers.html,,
rt7bm7rz,TUNA BURGERS,www.cooks.com/recipe/rt7bm7rz/tuna-burgers.html,,
t09la9eb,TURKEY BURGER CASSEROLE,www.cooks.com/recipe/t09la9eb/turkey-burger-casserole.html,,
as5jm6q6,TUNA BURGERS,www.cooks.com/recipe/as5jm6q6/tuna-burgers.html,,
t18965it,TUNA BURGERS,www.cooks.com/recipe/t18965it/tuna-burgers.html,,
xm0kx69b,TURKEY BURGERS,www.cooks.com/recipe/xm0kx69b/turkey-burgers.html,,
rq81a0us,TURKEY BURGERS,www.cooks.com/recipe/rq81a0us/turkey-burgers.html,,
v23ac68o,TURKEY BURGERS,www.cooks.com/recipe/v23ac68o/turkey-burgers.html,,
662ah8rz,TURKEY BURGERS,www.cooks.com/recipe/662ah8rz/turkey-burgers.html,,
yj4k6993,TURKEY BURGERS,www.cooks.com/recipe/yj4k6993/turkey-burgers.html,,
p769w6te,TURKEY BURGERS,www.cooks.com/recipe/p769w6te/turkey-burgers.html,,
ft38t21q,TURKEY BURGERS,www.cooks.com/recipe/ft38t21q/turkey-burgers.html,,
ky4rz4cn,TURKEY BURGERS,www.cooks.com/recipe/ky4rz4cn/turkey-burgers.html,,
xf8966ox,TURKEY BURGERS,www.cooks.com/recipe/xf8966ox/turkey-burgers.html,,
lf48j5u4,TURKEY BURGERS,www.cooks.com/recipe/lf48j5u4/turkey-burgers.html,,
px4i09h3,TURKEY-VEGETABLE BURGERS,www.cooks.com/recipe/px4i09h3/turkey-vegetable-burgers.html,,
ea53u9dv,TURKEY BURGER,www.cooks.com/recipe/ea53u9dv/turkey-burger.html,,
xk8597v5,TURKEY BURGERS,www.cooks.com/recipe/xk8597v5/turkey-burgers.html,,
cg1di4jc,TURKEY BURGERS,www.cooks.com/recipe/cg1di4jc/turkey-burgers.html,,
6g7t96ap,TURKEY BURGERS,www.cooks.com/recipe/6g7t96ap/turkey-burgers.html,,
883az7hu,VEGETABLE BURGER SOUP,www.cooks.com/recipe/883az7hu/vegetable-burger-soup.html,,
tu97x3mf,TURKEY BURGERS,www.cooks.com/recipe/tu97x3mf/turkey-burgers.html,,
px4r595z,TURKEY CORNMEAL BURGERS,www.cooks.com/recipe/px4r595z/turkey-cornmeal-burgers.html,,
3a5mm5rt,TURKEY CORNMEAL BURGERS WITH SALSA,www.cooks.com/recipe/3a5mm5rt/turkey-cornmeal-burgers-with-salsa.html,,
t93sr5vh,TURKEY BURGER,www.cooks.com/recipe/t93sr5vh/turkey-burger.html,,
hx0p72h4,VENISON BURGERS,www.cooks.com/recipe/hx0p72h4/venison-burgers.html,,
pf2on4fr,VEGETARIAN BURGER,www.cooks.com/recipe/pf2on4fr/vegetarian-burger.html,,
kj9dt33r,VENISON BURGER SPECIALS,www.cooks.com/recipe/kj9dt33r/venison-burger-specials.html,,
2p5sw4yu,WEIGHT WATCHERS HERBED TURKEY BURGERS,www.cooks.com/recipe/2p5sw4yu/weight-watchers-herbed-turkey-burgers.html,,
y06691by,VEGGIE BURGERS,www.cooks.com/recipe/y06691by/veggie-burgers.html,,
ay1159ao,VEGETARIAN OAT-PECAN BURGERS,www.cooks.com/recipe/ay1159ao/vegetarian-oat-pecan-burgers.html,,
xp8cr74h,VEGGY BURGER,www.cooks.com/recipe/xp8cr74h/veggy-burger.html,,
fs3xk2j1,VEGETABLE BURGERS,www.cooks.com/recipe/fs3xk2j1/vegetable-burgers.html,,
3l7bk5pr,VEGGIE BURGERS,www.cooks.com/recipe/3l7bk5pr/veggie-burgers.html,,
v23lk6rf,VEGETABLE BURGERS,www.cooks.com/recipe/v23lk6rf/vegetable-burgers.html,,
o161w5n2,RED KIDNEY BEAN BURGERS,www.cooks.com/recipe/o161w5n2/red-kidney-bean-burgers.html,,
a81ge91s,SPOON BURGERS,www.cooks.com/recipe/a81ge91s/spoon-burgers.html,,
5r3d01l4,TURKEY BURGERS,www.cooks.com/recipe/5r3d01l4/turkey-burgers.html,,
kz4yy7p1,PIZZA BURGER,www.cooks.com/recipe/kz4yy7p1/pizza-burger.html,,
1e9h34gx,PIZZA BURGER,www.cooks.com/recipe/1e9h34gx/pizza-burger.html,,
9d4p429h,WESTERN BURGERS,www.cooks.com/recipe/9d4p429h/western-burgers.html,,
r497r1nu,GRILLED BURGERS,www.cooks.com/recipe/r497r1nu/grilled-burgers.html,,
kj9p13pe,LIGHT DIET BURGERS,www.cooks.com/recipe/kj9p13pe/light-diet-burgers.html,,
9426k7e2,CHEESY TUNA BURGERS,www.cooks.com/recipe/9426k7e2/cheesy-tuna-burgers.html,,
s42ea11d,BARBECUE BEEF BURGERS,www.cooks.com/recipe/s42ea11d/barbecue-beef-burgers.html,,
tg42978n,LIPTON ONION BURGERS,www.cooks.com/recipe/tg42978n/lipton-onion-burgers.html,,
ja1ps0gb,TERIYAKI-GLAZED TURKEY BURGERS,www.cooks.com/recipe/ja1ps0gb/teriyaki-glazed-turkey-burgers.html,,
yw5e30ei,BURGER BEAN BAKE,www.cooks.com/recipe/yw5e30ei/burger-bean-bake.html,,
171su98y,TUNA BURGER,www.cooks.com/recipe/171su98y/tuna-burger.html,,
uk4lz55p,MONTEREY BURGERS,www.cooks.com/recipe/uk4lz55p/monterey-burgers.html,,
q60lt7q2,TACO BABY BURGERS,www.cooks.com/recipe/q60lt7q2/taco-baby-burgers.html,,
vc1aa6cg,HEARTY FIESTA BURGERS,www.cooks.com/recipe/vc1aa6cg/hearty-fiesta-burgers.html,,
2m5t3521,BLUE CHEESE BURGERS,www.cooks.com/recipe/2m5t3521/blue-cheese-burgers.html,,
169m07f4,CHILI BURGER SUPPER,www.cooks.com/recipe/169m07f4/chili-burger-supper.html,,
3a6462pi,SPOON BURGERS,www.cooks.com/recipe/3a6462pi/spoon-burgers.html,,
ul6j1719,HEARTY POTATO PAN BURGER,www.cooks.com/recipe/ul6j1719/hearty-potato-pan-burger.html,,
6278m676,CHILI BURGERS,www.cooks.com/recipe/6278m676/chili-burgers.html,,
c051y4vo,BURGERS,www.cooks.com/recipe/c051y4vo/burgers.html,,
tt3p35yl,TURKEY BURGERS,www.cooks.com/recipe/tt3p35yl/turkey-burgers.html,,
tj36j5v0,TURNED-ON BURGERS,www.cooks.com/recipe/tj36j5v0/turned-on-burgers.html,,
266ql9gq,CHEESE BURGER SOUP,www.cooks.com/recipe/266ql9gq/cheese-burger-soup.html,,
s32qc1s1,BEEF AND BEAN BURGERS,www.cooks.com/recipe/s32qc1s1/beef-and-bean-burgers.html,,
b26wi9rt,TURKEY BURGERS,www.cooks.com/recipe/b26wi9rt/turkey-burgers.html,,
4l39f951,LEMON PEPPER BURGERS,www.cooks.com/recipe/4l39f951/lemon-pepper-burgers.html,,
xw0yi6q7,BURGER SUPREME,www.cooks.com/recipe/xw0yi6q7/burger-supreme.html,,
1a92b4ox,BIG BURGER,www.cooks.com/recipe/1a92b4ox/big-burger.html,,
c17ar0ai,ONION BURGERS,www.cooks.com/recipe/c17ar0ai/onion-burgers.html,,
f099z6ug,BACKYARD BURGERS,www.cooks.com/recipe/f099z6ug/backyard-burgers.html,,
um69p7to,CASTLE BURGER BITES,www.cooks.com/recipe/um69p7to/castle-burger-bites.html,,
r4r624m,HERBED BURGERS,www.cooks.com/recipe/r4r624m/herbed-burgers.html,,
7k5u889h,SALMON BURGER,www.cooks.com/recipe/7k5u889h/salmon-burger.html,,
i72ji216,TERIYAKI BURGERS,www.cooks.com/recipe/i72ji216/teriyaki-burgers.html,,
mb1dl6sw,BURRITO BURGERS ON THE GRILL,www.cooks.com/recipe/mb1dl6sw/burrito-burgers-on-the-grill.html,,
ja1ve0p6,FIRE CRACKER BURGERS,www.cooks.com/recipe/ja1ve0p6/fire-cracker-burgers.html,,
ec72099f,GRILLED HONEY BURGERS,www.cooks.com/recipe/ec72099f/grilled-honey-burgers.html,,
3y5kx197,GROUND VENISON BURGERS,www.cooks.com/recipe/3y5kx197/ground-venison-burgers.html,,
ap5mx284,AMERICAN TURKEY BURGERS,www.cooks.com/recipe/ap5mx284/american-turkey-burgers.html,,
en7386cg,PANCAKE BURGER,www.cooks.com/recipe/en7386cg/pancake-burger.html,,
up7d6397,SPOON BURGERS,www.cooks.com/recipe/up7d6397/spoon-burgers.html,,
3q1c24so,GREAT BURGERS,www.cooks.com/recipe/3q1c24so/great-burgers.html,,
pb7a81qh,TUNA BURGERS,www.cooks.com/recipe/pb7a81qh/tuna-burgers.html,,
pr0ep7kq,BURGER BEAN BAKE,www.cooks.com/recipe/pr0ep7kq/burger-bean-bake.html,,
sj24v5tm,SOUP BURGERS,www.cooks.com/recipe/sj24v5tm/soup-burgers.html,,
w82bo0ns,BURGERS AND VEGETABLES,www.cooks.com/recipe/w82bo0ns/burgers-and-vegetables.html,,
1n6ps92x,ONION BURGERS,www.cooks.com/recipe/1n6ps92x/onion-burgers.html,,
pk7d5816,CRUNCHY ONION BURGER,www.cooks.com/recipe/pk7d5816/crunchy-onion-burger.html,,
e89408po,BARBECUE BURGER MIX,www.cooks.com/recipe/e89408po/barbecue-burger-mix.html,,
o93fq320,BERMUDA TRIANGLE BURGERS,www.cooks.com/recipe/o93fq320/bermuda-triangle-burgers.html,,
oo8vk7g1,PIZZA BURGERS,www.cooks.com/recipe/oo8vk7g1/pizza-burgers.html,,
pa02a4oz,VEGETABLE-BURGER SOUP,www.cooks.com/recipe/pa02a4oz/vegetable-burger-soup.html,,
wv3eb3uw,PIZZA BURGER SANDWICHES,www.cooks.com/recipe/wv3eb3uw/pizza-burger-sandwiches.html,,
es7z42hg,BURGER'S CHOCOLATE PIES,www.cooks.com/recipe/es7z42hg/burgers-chocolate-pies.html,,
f234q48a,STUFFED BURGER BUNDLES,www.cooks.com/recipe/f234q48a/stuffed-burger-bundles.html,,
e6gw4j3,PIZZA BURGERS,www.cooks.com/recipe/e6gw4j3/pizza-burgers.html,,
zb5e80bc,PIZZA BURGERS,www.cooks.com/recipe/zb5e80bc/pizza-burgers.html,,
pk1sz87m,TURKEY BURGERS,www.cooks.com/recipe/pk1sz87m/turkey-burgers.html,,
wr0tm8bt,RHONDA'S BROCCOLI BURGERS,www.cooks.com/recipe/wr0tm8bt/rhondas-broccoli-burgers.html,,
od6ad7mo,ONION BEEF BURGERS,www.cooks.com/recipe/od6ad7mo/onion-beef-burgers.html,,
e89y78y5,ABSOLUTELY YUMMY GARDEN BURGERS,www.cooks.com/recipe/e89y78y5/absolutely-yummy-garden-burgers.html,,
4m74z99v,TURKEY BURGERS,www.cooks.com/recipe/4m74z99v/turkey-burgers.html,,
yg7058bs,ZESTY SALMON BURGERS,www.cooks.com/recipe/yg7058bs/zesty-salmon-burgers.html,,
nw2uw02j,FRENCH ONION BURGERS,www.cooks.com/recipe/nw2uw02j/french-onion-burgers.html,,
kg8br57a,HEARTY FIESTA BURGERS,www.cooks.com/recipe/kg8br57a/hearty-fiesta-burgers.html,,
e57bq0uu,SUPER SALMON BURGERS,www.cooks.com/recipe/e57bq0uu/super-salmon-burgers.html,,
dm8mp456,BEANS AND BURGERS,www.cooks.com/recipe/dm8mp456/beans-and-burgers.html,,
y25ey3ti,BURGER AND BEANS,www.cooks.com/recipe/y25ey3ti/burger-and-beans.html,,
ow6s06f4,SPICY BURGERS,www.cooks.com/recipe/ow6s06f4/spicy-burgers.html,,
fg3dq7bc,BURGER LOAF WITH SWEET AND SOUR GLAZE,www.cooks.com/recipe/fg3dq7bc/burger-loaf-with-sweet-and-sour-glaze.html,,
hw0gr955,REDI-BURGER WITH COTTAGE CHEESE,www.cooks.com/recipe/hw0gr955/redi-burger-with-cottage-cheese.html,,
7f5qy8qs,SPAGHETTI-BURGER DELIGHT,www.cooks.com/recipe/7f5qy8qs/spaghetti-burger-delight.html,,
64zq1eb,REDI BURGER CASSEROLE,www.cooks.com/recipe/64zq1eb/redi-burger-casserole.html,,
so2gk5sq,TOFU BURGERS,www.cooks.com/recipe/so2gk5sq/tofu-burgers.html,,
ys3az8n9,'SHROOM BURGER SUPPER,www.cooks.com/recipe/ys3az8n9/shroom-burger-supper.html,,
4t5je8gw,MINI-BURGERS AND FRIES,www.cooks.com/recipe/4t5je8gw/mini-burgers-and-fries.html,,
r24hl4oa,ALPINE BURGERS,www.cooks.com/recipe/r24hl4oa/alpine-burgers.html,,
pk7ps83u,VEGE - BURGER PATTIES,www.cooks.com/recipe/pk7ps83u/vege-burger-patties.html,,
5i3ny2w7,BURGER PATTIES,www.cooks.com/recipe/5i3ny2w7/burger-patties.html,,
8b99i0e7,BURGER CASSEROLE,www.cooks.com/recipe/8b99i0e7/burger-casserole.html,,
p62h54ew,DESSERT BURGERS,www.cooks.com/recipe/p62h54ew/dessert-burgers.html,,
vc83k7ak,BARBECUED TEMPEH BURGERS,www.cooks.com/recipe/vc83k7ak/barbecued-tempeh-burgers.html,,
uq2kq5jw,MEXICALI BURGERS AND RICE,www.cooks.com/recipe/uq2kq5jw/mexicali-burgers-and-rice.html,,
k58u116t,MEXICALI BURGERS AND RICE,www.cooks.com/recipe/k58u116t/mexicali-burgers-and-rice.html,,
1x1u44jc,MUSHROOM COTTAGE CHEESE BURGERS,www.cooks.com/recipe/1x1u44jc/mushroom-cottage-cheese-burgers.html,,
pv3hv8xw,RUSSIAN BURGERS,www.cooks.com/recipe/pv3hv8xw/russian-burgers.html,,
jg7gz34u,MEAT-POTATO-BURGERS,www.cooks.com/recipe/jg7gz34u/meat-potato-burgers.html,,
i70km2rd,WHEAT GERM OATMEAL BURGER,www.cooks.com/recipe/i70km2rd/wheat-germ-oatmeal-burger.html,,
lz1ff5um,BABBA BURGERS,www.cooks.com/recipe/lz1ff5um/babba-burgers.html,,
t48mg06z,AMERICAN MUSHROOM INSTITUTE MUSHROOM BURGERS,www.cooks.com/recipe/t48mg06z/american-mushroom-institute-mushroom-burgers.html,,
m97e0190,ALBANIAN BURGER STEAKS,www.cooks.com/recipe/m97e0190/albanian-burger-steaks.html,,
583p42bn,ALASKA TASTY REINDEER POTATO BURGERS,www.cooks.com/recipe/583p42bn/alaska-tasty-reindeer-potato-burgers.html,,
m92kp4nu,ALL - IN ONE BURGER,www.cooks.com/recipe/m92kp4nu/all-in-one-burger.html,,
mo6t764c,57 SAUCE CHEDDAR BURGERS,www.cooks.com/recipe/mo6t764c/57-sauce-cheddar-burgers.html,,
rc9mz964,BACON BURGERS TURNOVERS,www.cooks.com/recipe/rc9mz964/bacon-burgers-turnovers.html,,
rd9369bw,BACON - CHEESE BURGERS,www.cooks.com/recipe/rd9369bw/bacon-cheese-burgers.html,,
7j3ql0e6,ALOHA BURGERS,www.cooks.com/recipe/7j3ql0e6/aloha-burgers.html,,
oy14t6zy,BACON-STUFFED BURGERS,www.cooks.com/recipe/oy14t6zy/bacon-stuffed-burgers.html,,
c746t3eu,BACON WRAPPED BURGERS,www.cooks.com/recipe/c746t3eu/bacon-wrapped-burgers.html,,
vy0s86c0,STUFFED BACON BURGERS,www.cooks.com/recipe/vy0s86c0/stuffed-bacon-burgers.html,,
3s19279l,BARBARA'S PIZZA BURGERS,www.cooks.com/recipe/3s19279l/barbaras-pizza-burgers.html,,
c38iz32x,BALI BURGERS,www.cooks.com/recipe/c38iz32x/bali-burgers.html,,
o25w20xx,BARBECUE BEEF BURGERS,www.cooks.com/recipe/o25w20xx/barbecue-beef-burgers.html,,
8v93t0q0,BARB - Q - BURGERS,www.cooks.com/recipe/8v93t0q0/barb-q-burgers.html,,
ty2959b6,BAJA BURGERS,www.cooks.com/recipe/ty2959b6/baja-burgers.html,,
8j78f2uw,BACON CHEESE BURGER,www.cooks.com/recipe/8j78f2uw/bacon-cheese-burger.html,,
k02l42d0,BAKE BURGER BEANS,www.cooks.com/recipe/k02l42d0/bake-burger-beans.html,,
ur2a259y,BARBECUED BURGER BEANS,www.cooks.com/recipe/ur2a259y/barbecued-burger-beans.html,,
hh96o0u3,BARLEY BURGER STEW FOR TWO,www.cooks.com/recipe/hh96o0u3/barley-burger-stew-for-two.html,,
om5n732a,BARBEQUED BURGERS,www.cooks.com/recipe/om5n732a/barbequed-burgers.html,,
gn7074fj,BARBEQUE BURGERS,www.cooks.com/recipe/gn7074fj/barbeque-burgers.html,,
8z65128r,BARBECUED BURGERS,www.cooks.com/recipe/8z65128r/barbecued-burgers.html,,
oc5x20ti,BAR-B-QUE BURGERS,www.cooks.com/recipe/oc5x20ti/bar-b-que-burgers.html,,
nr6055r6,BARBECUED SPOON BURGERS,www.cooks.com/recipe/nr6055r6/barbecued-spoon-burgers.html,,
s46nc0vt,BAR-BE-QUED BEEF BURGERS,www.cooks.com/recipe/s46nc0vt/bar-be-qued-beef-burgers.html,,
fl3kf0pq,BARLEY BURGER STEW,www.cooks.com/recipe/fl3kf0pq/barley-burger-stew.html,,
kb0ir2li,BARBECUED BEEF BURGERS,www.cooks.com/recipe/kb0ir2li/barbecued-beef-burgers.html,,
415rr22i,B-B-Q BEEF BURGERS,www.cooks.com/recipe/415rr22i/b-b-q-beef-burgers.html,,
39402013,BBQ BURGER MIX,www.cooks.com/recipe/39402013/bbq-burger-mix.html,,
hg9u10p5,BEAN - BURGER CASSEROLE,www.cooks.com/recipe/hg9u10p5/bean-burger-casserole.html,,
cr6ds9ol,BEAN BURGERS,www.cooks.com/recipe/cr6ds9ol/bean-burgers.html,,
459vf4m6,BEAN BURGERS,www.cooks.com/recipe/459vf4m6/bean-burgers.html,,
fy8ru4t2,BBQ BEEF BURGERS,www.cooks.com/recipe/fy8ru4t2/bbq-beef-burgers.html,,
n37741km,BBQ BURGERS,www.cooks.com/recipe/n37741km/bbq-burgers.html,,
vg8ht6se,BEAN BURGERS,www.cooks.com/recipe/vg8ht6se/bean-burgers.html,,
qt4m97lm,BEAN & OAT HEALTH BURGERS,www.cooks.com/recipe/qt4m97lm/bean-oat-health-burgers.html,,
le1ou5xo,BEAN AND BURGER DIP,www.cooks.com/recipe/le1ou5xo/bean-and-burger-dip.html,,
2g6vl4iq,BEEF AND BEAN BURGERS,www.cooks.com/recipe/2g6vl4iq/beef-and-bean-burgers.html,,
r618g276,BEEF MUSHROOM BURGERS,www.cooks.com/recipe/r618g276/beef-mushroom-burgers.html,,
ry6jb7sx,BEAN-BURGER MEAT CASSEROLE,www.cooks.com/recipe/ry6jb7sx/bean-burger-meat-casserole.html,,
ib4dk4uz,BEEF BURGERS,www.cooks.com/recipe/ib4dk4uz/beef-burgers.html,,
n36uo6zy,BEEF BURGER,www.cooks.com/recipe/n36uo6zy/beef-burger.html,,
j14qx5j4,BEEF BURGER BUNDLES,www.cooks.com/recipe/j14qx5j4/beef-burger-bundles.html,,
my25n4d7,BEEF BURGER PIE,www.cooks.com/recipe/my25n4d7/beef-burger-pie.html,,
nx8ol94x,BEER BURGERS,www.cooks.com/recipe/nx8ol94x/beer-burgers.html,,
n82ed4ft,BEEF SPREAD - A - BURGER,www.cooks.com/recipe/n82ed4ft/beef-spread-a-burger.html,,
ed1j13fy,BEEF BURGER STROGANOFF,www.cooks.com/recipe/ed1j13fy/beef-burger-stroganoff.html,,
bh4yp36t,BRENDA BURGERS,www.cooks.com/recipe/bh4yp36t/brenda-burgers.html,,
vt2of4xk,BIG MOUTH BURGER WITH SECRET SAUCE,www.cooks.com/recipe/vt2of4xk/big-mouth-burger-with-secret-sauce.html,,
bz4z70ev,BIG - WHEEL BURGER SKILLET,www.cooks.com/recipe/bz4z70ev/big-wheel-burger-skillet.html,,
c5xt4d6,BONANZA BURGERS,www.cooks.com/recipe/c5xt4d6/bonanza-burgers.html,,
jb7zh3ch,BROILED BOLOGNA BURGERS,www.cooks.com/recipe/jb7zh3ch/broiled-bologna-burgers.html,,
4b522289,BLUE BURGERS AND NOODLES,www.cooks.com/recipe/4b522289/blue-burgers-and-noodles.html,,
z406j8o5,BIG-WHEEL BURGER SKILLET (MEAT LOAF),www.cooks.com/recipe/z406j8o5/big-wheel-burger-skillet-meat-loaf.html,,
w850f7rn,BIG BURGER,www.cooks.com/recipe/w850f7rn/big-burger.html,,
n46ow67g,BRITISH BURGER BAKE,www.cooks.com/recipe/n46ow67g/british-burger-bake.html,,
1m7xi5pc,BETTY'S PIZZA BURGERS,www.cooks.com/recipe/1m7xi5pc/bettys-pizza-burgers.html,,
c04wj2i5,BUNDLE BURGERS,www.cooks.com/recipe/c04wj2i5/bundle-burgers.html,,
cd5hp2yk,BURGER - RICE CASSEROLE,www.cooks.com/recipe/cd5hp2yk/burger-rice-casserole.html,,
c16ia4if,BUMSTEAD OR FRIDAY BURGER,www.cooks.com/recipe/c16ia4if/bumstead-or-friday-burger.html,,
wa2e26yc,BUDGET BURGERS,www.cooks.com/recipe/wa2e26yc/budget-burgers.html,,
wx5bd71w,BROILED PIZZA BURGERS,www.cooks.com/recipe/wx5bd71w/broiled-pizza-burgers.html,,
4213q7n3,BROILED BURGERS,www.cooks.com/recipe/4213q7n3/broiled-burgers.html,,
733qu91q,BURGER BAKE,www.cooks.com/recipe/733qu91q/burger-bake.html,,
si6ii7nb,BURGER BAKED BEANS,www.cooks.com/recipe/si6ii7nb/burger-baked-beans.html,,
mh0ou4ex,BROILED VEGETABLE BURGERS,www.cooks.com/recipe/mh0ou4ex/broiled-vegetable-burgers.html,,
bl01i0d0,BURGER - TOT CASSEROLE,www.cooks.com/recipe/bl01i0d0/burger-tot-casserole.html,,
je3946pd,BURGER BEAN CUPS,www.cooks.com/recipe/je3946pd/burger-bean-cups.html,,
ip3hi5lw,BURGER BUNDLES,www.cooks.com/recipe/ip3hi5lw/burger-bundles.html,,
j17ux3e8,BURGER BUNDLES,www.cooks.com/recipe/j17ux3e8/burger-bundles.html,,
8u78l2ji,BURGER BUNDLES,www.cooks.com/recipe/8u78l2ji/burger-bundles.html,,
nx3pl8nd,BURGER BEAN CASSEROLE,www.cooks.com/recipe/nx3pl8nd/burger-bean-casserole.html,,
95hs5dc,BURGER BISCUITS,www.cooks.com/recipe/95hs5dc/burger-biscuits.html,,
r240s4da,BURGER BEEF SOUP,www.cooks.com/recipe/r240s4da/burger-beef-soup.html,,
ki8wx0el,BURGER BEANS,www.cooks.com/recipe/ki8wx0el/burger-beans.html,,
lu7b87dh,BURGER BEAN CASSEROLE,www.cooks.com/recipe/lu7b87dh/burger-bean-casserole.html,,
ic8la5wf,BURGER BEAN BAKE,www.cooks.com/recipe/ic8la5wf/burger-bean-bake.html,,
bb0420gk,BURGER CASSEROLE,www.cooks.com/recipe/bb0420gk/burger-casserole.html,,
gf7m69jv,BURGER DIVAN,www.cooks.com/recipe/gf7m69jv/burger-divan.html,,
n5dk4a6,BURGER BUNDLES,www.cooks.com/recipe/n5dk4a6/burger-bundles.html,,
cn5nl2bg,BURGER CASSEROLE,www.cooks.com/recipe/cn5nl2bg/burger-casserole.html,,
ss6oh75z,BURGER CHILI QUICHE,www.cooks.com/recipe/ss6oh75z/burger-chili-quiche.html,,
w01c31pw,BURGER CABBAGE BAKE,www.cooks.com/recipe/w01c31pw/burger-cabbage-bake.html,,
759le8bq,BURGER BUNDLES,www.cooks.com/recipe/759le8bq/burger-bundles.html,,
yc5ch3vq,BURGER CHEESE BAKE,www.cooks.com/recipe/yc5ch3vq/burger-cheese-bake.html,,
893cw1zl,BURGER BURGOO,www.cooks.com/recipe/893cw1zl/burger-burgoo.html,,
1s75s5c6,BURGER BUNDLES,www.cooks.com/recipe/1s75s5c6/burger-bundles.html,,
h02ja852,BURGER STEAKS,www.cooks.com/recipe/h02ja852/burger-steaks.html,,
3q57z6l0,BURGER OF THE DAY,www.cooks.com/recipe/3q57z6l0/burger-of-the-day.html,,
o73u58ll,BURGER N BREAD CASSEROLE,www.cooks.com/recipe/o73u58ll/burger-n-bread-casserole.html,,
is41i7e4,BURGER IT RED BEAN DINNER,www.cooks.com/recipe/is41i7e4/burger-it-red-bean-dinner.html,,
iq9pq9dm,BURGER MACARONI,www.cooks.com/recipe/iq9pq9dm/burger-macaroni.html,,
hx99s3wu,BURGER STIR-FRY,www.cooks.com/recipe/hx99s3wu/burger-stir-fry.html,,
in82e5sv,BURGER MUSHROOM BAKE,www.cooks.com/recipe/in82e5sv/burger-mushroom-bake.html,,
2u2fv7t0,BURGER LOAF,www.cooks.com/recipe/2u2fv7t0/burger-loaf.html,,
kl0dh2jl,BURGER STUFFED ONIONS,www.cooks.com/recipe/kl0dh2jl/burger-stuffed-onions.html,,
n48zl61k,BURGER POT PIE,www.cooks.com/recipe/n48zl61k/burger-pot-pie.html,,
9t67z2jg,BURGERS O'BRIEN,www.cooks.com/recipe/9t67z2jg/burgers-obrien.html,,
1r7qa5ie,BURGERS,www.cooks.com/recipe/1r7qa5ie/burgers.html,,
3b67q41i,CABBAGE BURGER BAKE,www.cooks.com/recipe/3b67q41i/cabbage-burger-bake.html,,
9t50v44e,BURRITO BURGER PITAS,www.cooks.com/recipe/9t50v44e/burrito-burger-pitas.html,,
d813n73y,BURRITO BURGERS,www.cooks.com/recipe/d813n73y/burrito-burgers.html,,
3x15c7jj,CABBAGE BURGER BAKE,www.cooks.com/recipe/3x15c7jj/cabbage-burger-bake.html,,
t19rk1z7,BURGER STUFFED PEPPERS,www.cooks.com/recipe/t19rk1z7/burger-stuffed-peppers.html,,
cg1k49ft,BURGER WILD RICE BAKE,www.cooks.com/recipe/cg1k49ft/burger-wild-rice-bake.html,,
8k75g25q,BURGERS CORDON BLEU,www.cooks.com/recipe/8k75g25q/burgers-cordon-bleu.html,,
s5oj4v3,CABBAGE BURGER BAKE,www.cooks.com/recipe/s5oj4v3/cabbage-burger-bake.html,,
uz1im5e2,CALIFORNIA BURGERS (MICROWAVE),www.cooks.com/recipe/uz1im5e2/california-burgers-microwave.html,,
cg5do6lj,CAJUN TURKEY BURGERS,www.cooks.com/recipe/cg5do6lj/cajun-turkey-burgers.html,,
1w7vp5hz,CABBAGE BURGER BAKE,www.cooks.com/recipe/1w7vp5hz/cabbage-burger-bake.html,,
g98684pe,CHEDDAR - BURGER SKILLET,www.cooks.com/recipe/g98684pe/cheddar-burger-skillet.html,,
1l5kw1n4,CABBAGE BURGERS,www.cooks.com/recipe/1l5kw1n4/cabbage-burgers.html,,
ge7ln9u3,CASHEW BURGER CASSEROLE,www.cooks.com/recipe/ge7ln9u3/cashew-burger-casserole.html,,
g53460aw,CHEDDAR CHEESE BURGERS,www.cooks.com/recipe/g53460aw/cheddar-cheese-burgers.html,,
as1ty4er,CHEDDAR BURGER CASSEROLE,www.cooks.com/recipe/as1ty4er/cheddar-burger-casserole.html,,
t90cy5bk,CABBAGE BURGER CASSEROLE,www.cooks.com/recipe/t90cy5bk/cabbage-burger-casserole.html,,
b546c1mn,CAPER BURGERS,www.cooks.com/recipe/b546c1mn/caper-burgers.html,,
3v5lv6id,CHEESE BURGER PIE,www.cooks.com/recipe/3v5lv6id/cheese-burger-pie.html,,
wo2rq6t1,CHEESE BURGER CHOWDER,www.cooks.com/recipe/wo2rq6t1/cheese-burger-chowder.html,,
t508q9iu,CHEESE BURGER PIE,www.cooks.com/recipe/t508q9iu/cheese-burger-pie.html,,
is8ga5q6,CHEESE BURGER CASSEROLE,www.cooks.com/recipe/is8ga5q6/cheese-burger-casserole.html,,
x06vw5vb,CHEESE BURGER PIE,www.cooks.com/recipe/x06vw5vb/cheese-burger-pie.html,,
j035c6fk,CHEESE BURGER PIE,www.cooks.com/recipe/j035c6fk/cheese-burger-pie.html,,
378or80s,CHEESE BURGER CASSEROLE,www.cooks.com/recipe/378or80s/cheese-burger-casserole.html,,
5e3c32eu,CHEESE BURGER PIE,www.cooks.com/recipe/5e3c32eu/cheese-burger-pie.html,,
im99n98r,CHEESE BURGER CASSEROLE,www.cooks.com/recipe/im99n98r/cheese-burger-casserole.html,,
bf4xc124,CHEESE BURGER MEAT LOAF,www.cooks.com/recipe/bf4xc124/cheese-burger-meat-loaf.html,,
2b0530li,CHEEZ WHIZ BURGERS,www.cooks.com/recipe/2b0530li/cheez-whiz-burgers.html,,
nh5d877r,CHICKEN BURGERS,www.cooks.com/recipe/nh5d877r/chicken-burgers.html,,
um2961a2,CHICKEN BURGERS,www.cooks.com/recipe/um2961a2/chicken-burgers.html,,
gr93m0m7,CHEESY ONION BURGER BUNS,www.cooks.com/recipe/gr93m0m7/cheesy-onion-burger-buns.html,,
7z3jy4cx,CHEESY ONION BURGER BUNS,www.cooks.com/recipe/7z3jy4cx/cheesy-onion-burger-buns.html,,
o75507c5,CHEESY CHICKEN BURGERS,www.cooks.com/recipe/o75507c5/cheesy-chicken-burgers.html,,
bu4ce1fh,CHICKEN BACON BURGERS,www.cooks.com/recipe/bu4ce1fh/chicken-bacon-burgers.html,,
w18hc77s,CHEESE-BURGER CASSEROLE,www.cooks.com/recipe/w18hc77s/cheese-burger-casserole.html,,
bd8zm3e7,CHICKEN BURGERS,www.cooks.com/recipe/bd8zm3e7/chicken-burgers.html,,
m02ja5sj,CHICKEN POCKET BURGERS,www.cooks.com/recipe/m02ja5sj/chicken-pocket-burgers.html,,
bt4y60n5,CHILI SAUCE BURGERS,www.cooks.com/recipe/bt4y60n5/chili-sauce-burgers.html,,
3a03o0dw,CHILI BURGER SUPPER,www.cooks.com/recipe/3a03o0dw/chili-burger-supper.html,,
6p75g92z,CHILI BURGERS,www.cooks.com/recipe/6p75g92z/chili-burgers.html,,
2l2n47pw,CHILI PATTY MELT BURGER,www.cooks.com/recipe/2l2n47pw/chili-patty-melt-burger.html,,
qt4tz7rw,CHILI BURGERS,www.cooks.com/recipe/qt4tz7rw/chili-burgers.html,,
ms02f4tk,CHILI BURGER,www.cooks.com/recipe/ms02f4tk/chili-burger.html,,
uv2ac1rs,CHILI CHEESE BURGERS,www.cooks.com/recipe/uv2ac1rs/chili-cheese-burgers.html,,
bh2827pw,CHILI BURGER,www.cooks.com/recipe/bh2827pw/chili-burger.html,,
ms2ks45r,CHICKEN SALAD BURGERS,www.cooks.com/recipe/ms2ks45r/chicken-salad-burgers.html,,
xt562386,CHILI WAGON BEAN BURGERS,www.cooks.com/recipe/xt562386/chili-wagon-bean-burgers.html,,
wm0uk8hi,CRAB BURGERS,www.cooks.com/recipe/wm0uk8hi/crab-burgers.html,,
c05hg4o9,CORN BREAD BURGER BAKE,www.cooks.com/recipe/c05hg4o9/corn-bread-burger-bake.html,,
ni9c52hg,CRAWFISH BURGERS,www.cooks.com/recipe/ni9c52hg/crawfish-burgers.html,,
7q9948g4,CHINESE BURGER CASSEROLE,www.cooks.com/recipe/7q9948g4/chinese-burger-casserole.html,,
5589542s,CHOW MEIN BURGERS,www.cooks.com/recipe/5589542s/chow-mein-burgers.html,,
vo72g11u,CHILLI BURGERS - MEAL ON A BUN,www.cooks.com/recipe/vo72g11u/chilli-burgers-meal-on-a-bun.html,,
hn3na7zg,CORNED BEEF BURGERS,www.cooks.com/recipe/hn3na7zg/corned-beef-burgers.html,,
xq0gt4st,CRAB BURGERS,www.cooks.com/recipe/xq0gt4st/crab-burgers.html,,
kv4i47nt,CRAB BURGERS,www.cooks.com/recipe/kv4i47nt/crab-burgers.html,,
ku9by9xb,CRAB BURGERS,www.cooks.com/recipe/ku9by9xb/crab-burgers.html,,
p76df664,DONNA'S POTATO BURGERS,www.cooks.com/recipe/p76df664/donnas-potato-burgers.html,,
di3ht0hq,DELICIOUS BURGER CASSEROLE,www.cooks.com/recipe/di3ht0hq/delicious-burger-casserole.html,,
s30td377,CRYE LAZY MAN BURGER,www.cooks.com/recipe/s30td377/crye-lazy-man-burger.html,,
vw17b6oc,CRISFIELD CRAB-BURGERS,www.cooks.com/recipe/vw17b6oc/crisfield-crab-burgers.html,,
dg8px4pw,CRESCENT PINWHEEL BURGER PIE,www.cooks.com/recipe/dg8px4pw/crescent-pinwheel-burger-pie.html,,
r0ku0ts,CRESCENT PINWHEEL BURGER PIE,www.cooks.com/recipe/r0ku0ts/crescent-pinwheel-burger-pie.html,,
1q9v178d,DIET TACO BURGERS,www.cooks.com/recipe/1q9v178d/diet-taco-burgers.html,,
5k96y61w,DAIRY BURGER DISH,www.cooks.com/recipe/5k96y61w/dairy-burger-dish.html,,
ju1hz0zp,DEMPSEY BURGER,www.cooks.com/recipe/ju1hz0zp/dempsey-burger.html,,
to4vj40b,DAD BURGERS,www.cooks.com/recipe/to4vj40b/dad-burgers.html,,
4z5md92y,GARDEN FRESH TURKEY BURGERS,www.cooks.com/recipe/4z5md92y/garden-fresh-turkey-burgers.html,,
xi1nc1mo,EASY VEGETABLE BURGER SOUP,www.cooks.com/recipe/xi1nc1mo/easy-vegetable-burger-soup.html,,
s90bf3bl,EASY PIZZA BURGERS,www.cooks.com/recipe/s90bf3bl/easy-pizza-burgers.html,,
b66pu2h9,GLORIFIED BURGERS,www.cooks.com/recipe/b66pu2h9/glorified-burgers.html,,
z51zc86x,FIREHOUSE RANCH BURGERS,www.cooks.com/recipe/z51zc86x/firehouse-ranch-burgers.html,,
a35mp6j9,ELIZABETH'S TUNA BURGERS,www.cooks.com/recipe/a35mp6j9/elizabeths-tuna-burgers.html,,
4o5um9rd,FOIL BURGER,www.cooks.com/recipe/4o5um9rd/foil-burger.html,,
i50wq5yp,FRENCH BURGER,www.cooks.com/recipe/i50wq5yp/french-burger.html,,
ef57t9a6,EASY OPEN FACED PIZZA BURGERS,www.cooks.com/recipe/ef57t9a6/easy-open-faced-pizza-burgers.html,,
yw3yu8im,EASY DILLY CHEESE BURGERS,www.cooks.com/recipe/yw3yu8im/easy-dilly-cheese-burgers.html,,
4f8ty4fl,GREEK BURGERS,www.cooks.com/recipe/4f8ty4fl/greek-burgers.html,,
xr08q6hi,GRILLED SOUR CREAM BURGERS,www.cooks.com/recipe/xr08q6hi/grilled-sour-cream-burgers.html,,
y17jd128,GUMBO BURGERS,www.cooks.com/recipe/y17jd128/gumbo-burgers.html,,
on1qd1is,GRILLED PINEAPPLE BURGERS,www.cooks.com/recipe/on1qd1is/grilled-pineapple-burgers.html,,
aw94z7qy,GREEN BEAN AND BURGER BAKE,www.cooks.com/recipe/aw94z7qy/green-bean-and-burger-bake.html,,
5n7fb2wt,GREEN PEPPER SKILLET BURGERS,www.cooks.com/recipe/5n7fb2wt/green-pepper-skillet-burgers.html,,
d4tw3zk,GRILLED PINEAPPLE BURGERS,www.cooks.com/recipe/d4tw3zk/grilled-pineapple-burgers.html,,
984s629p,GOULASH BURGERS,www.cooks.com/recipe/984s629p/goulash-burgers.html,,
f23521qp,GRILLED PINEAPPLE BURGERS,www.cooks.com/recipe/f23521qp/grilled-pineapple-burgers.html,,
908vc3jh,GRILLED BARLEY BEEF BURGERS,www.cooks.com/recipe/908vc3jh/grilled-barley-beef-burgers.html,,
5m7u92fz,HIDDEN SURPRISE BURGERS,www.cooks.com/recipe/5m7u92fz/hidden-surprise-burgers.html,,
ki3tm5hh,HOBO BURGERS,www.cooks.com/recipe/ki3tm5hh/hobo-burgers.html,,
t93bx54k,HAWAIIAN BURGERS,www.cooks.com/recipe/t93bx54k/hawaiian-burgers.html,,
mp5r93fq,HEALTH BURGERS,www.cooks.com/recipe/mp5r93fq/health-burgers.html,,
5x0a11i4,HEARTY FIESTA BURGERS,www.cooks.com/recipe/5x0a11i4/hearty-fiesta-burgers.html,,
ew7wz2u6,HEARTY POTATO PAN BURGER,www.cooks.com/recipe/ew7wz2u6/hearty-potato-pan-burger.html,,
rd2lj2yr,HOBO BURGERS,www.cooks.com/recipe/rd2lj2yr/hobo-burgers.html,,
5j5r693f,HOBO BURGERS,www.cooks.com/recipe/5j5r693f/hobo-burgers.html,,
in93z1yq,HILLBILLY BURGERS,www.cooks.com/recipe/in93z1yq/hillbilly-burgers.html,,
ea59g9qi,HAWAIIAN BURGERS,www.cooks.com/recipe/ea59g9qi/hawaiian-burgers.html,,
n0hd086,HOT CHILI BURGER,www.cooks.com/recipe/n0hd086/hot-chili-burger.html,,
ib9kr9lz,ITALIAN BURGERS,www.cooks.com/recipe/ib9kr9lz/italian-burgers.html,,
t43or5h0,HOP BURGERS,www.cooks.com/recipe/t43or5h0/hop-burgers.html,,
x80w07r3,IRISH BEEF BURGERS,www.cooks.com/recipe/x80w07r3/irish-beef-burgers.html,,
s77713el,HOT DOG AND BURGER RELISH,www.cooks.com/recipe/s77713el/hot-dog-and-burger-relish.html,,
o7ek0yk,JOANNE'S BURGERS,www.cooks.com/recipe/o7ek0yk/joannes-burgers.html,,
l001n25r,JOLLY TUNA-CHEESE BURGER,www.cooks.com/recipe/l001n25r/jolly-tuna-cheese-burger.html,,
392jj761,ITALIAN BURGERS,www.cooks.com/recipe/392jj761/italian-burgers.html,,
hs91j383,IRISH BURGERS,www.cooks.com/recipe/hs91j383/irish-burgers.html,,
l62o150s,ITALIAN BEEF BURGERS,www.cooks.com/recipe/l62o150s/italian-beef-burgers.html,,
iq182214,KRAUT `N BURGER BALLS,www.cooks.com/recipe/iq182214/kraut-n-burger-balls.html,,
vc6r51ko,KRAUT BURGERS,www.cooks.com/recipe/vc6r51ko/kraut-burgers.html,,
2t8438vk,KASHA BURGERS,www.cooks.com/recipe/2t8438vk/kasha-burgers.html,,
7258q9lz,JUICY GRILLED BURGERS,www.cooks.com/recipe/7258q9lz/juicy-grilled-burgers.html,,
r88us574,KOREAN MINI-BURGERS,www.cooks.com/recipe/r88us574/korean-mini-burgers.html,,
la2qt5e6,KOREAN BURGERS,www.cooks.com/recipe/la2qt5e6/korean-burgers.html,,
843lw4hq,KID'S PARTY BURGERS,www.cooks.com/recipe/843lw4hq/kids-party-burgers.html,,
t402n5ym,KRAUT BURGERS,www.cooks.com/recipe/t402n5ym/kraut-burgers.html,,
l22k197v,KRAUT BURGER,www.cooks.com/recipe/l22k197v/kraut-burger.html,,
bo8pp8ky,KOREAN MINI-BURGERS,www.cooks.com/recipe/bo8pp8ky/korean-mini-burgers.html,,
hw9ec9o7,LITTLE PEPPERS TURKEY BURGERS,www.cooks.com/recipe/hw9ec9o7/little-peppers-turkey-burgers.html,,
kn2ng9a2,LIBBY'S BARBEQUED BURGERS,www.cooks.com/recipe/kn2ng9a2/libbys-barbequed-burgers.html,,
z093924d,LIVER BURGERS,www.cooks.com/recipe/z093924d/liver-burgers.html,,
sh77z3st,LIPTON ONION BURGERS,www.cooks.com/recipe/sh77z3st/lipton-onion-burgers.html,,
lv2em5mk,LIPTON ONION BURGERS,www.cooks.com/recipe/lv2em5mk/lipton-onion-burgers.html,,
mf1ev1fc,MEAT AND POTATO BURGER,www.cooks.com/recipe/mf1ev1fc/meat-and-potato-burger.html,,
ub0lw3m0,LIPTON ONION BURGERS,www.cooks.com/recipe/ub0lw3m0/lipton-onion-burgers.html,,
nb6wl5kb,MARCUS BURGERS,www.cooks.com/recipe/nb6wl5kb/marcus-burgers.html,,
7u3xu1mn,LENTIL BURGER SOUP,www.cooks.com/recipe/7u3xu1mn/lentil-burger-soup.html,,
bm4kg3a6,MAKE AHEAD TUNA BURGERS,www.cooks.com/recipe/bm4kg3a6/make-ahead-tuna-burgers.html,,
n24i28uy,MEXI-BURGERS,www.cooks.com/recipe/n24i28uy/mexi-burgers.html,,
947ze00v,MEXICAN BURGERS,www.cooks.com/recipe/947ze00v/mexican-burgers.html,,
2r4f0325,MEXICAN BURGERS,www.cooks.com/recipe/2r4f0325/mexican-burgers.html,,
wd76p8db,MINI-BURGERS IN TOMATO SAUCE,www.cooks.com/recipe/wd76p8db/mini-burgers-in-tomato-sauce.html,,
ox57434o,"MINI ""BURGERS""",www.cooks.com/recipe/ox57434o/mini-burgers.html,,
w06d96fr,MOM'S CABBAGE BURGERS,www.cooks.com/recipe/w06d96fr/moms-cabbage-burgers.html,,
z09m72rh,MEXICAN BURGERS,www.cooks.com/recipe/z09m72rh/mexican-burgers.html,,
2c8yt3f7,MEATLESS MUSHROOM BURGERS,www.cooks.com/recipe/2c8yt3f7/meatless-mushroom-burgers.html,,
v51s9114,MICROWAVE GOBBLER BURGERS,www.cooks.com/recipe/v51s9114/microwave-gobbler-burgers.html,,
3008a0qi,MINI BURGER TREATS,www.cooks.com/recipe/3008a0qi/mini-burger-treats.html,,
mz8ty7xd,MUSHROOM BURGER PATTIES,www.cooks.com/recipe/mz8ty7xd/mushroom-burger-patties.html,,
x5oe46c,NO MEAT BURGERS,www.cooks.com/recipe/x5oe46c/no-meat-burgers.html,,
g27r546a,MUSHROOM BURGERS,www.cooks.com/recipe/g27r546a/mushroom-burgers.html,,
g57ho96a,MUSHROOM BEEF BURGERS,www.cooks.com/recipe/g57ho96a/mushroom-beef-burgers.html,,
v47r61ix,MOZZARELLA PIZZA BURGERS,www.cooks.com/recipe/v47r61ix/mozzarella-pizza-burgers.html,,
pt062848,NA TIGER PRIDE BURGER COOKIES,www.cooks.com/recipe/pt062848/na-tiger-pride-burger-cookies.html,,
2n8m83sz,MOO BURGERS,www.cooks.com/recipe/2n8m83sz/moo-burgers.html,,
sw2r3297,MUSHROOM BURGERS,www.cooks.com/recipe/sw2r3297/mushroom-burgers.html,,
cq1q19dc,MUSHROOM BURGERS,www.cooks.com/recipe/cq1q19dc/mushroom-burgers.html,,
2v49721w,MUSHROOM BURGERS,www.cooks.com/recipe/2v49721w/mushroom-burgers.html,,
es8ge26h,NUT BURGERS,www.cooks.com/recipe/es8ge26h/nut-burgers.html,,
e32vk3cs,NUT BURGERS,www.cooks.com/recipe/e32vk3cs/nut-burgers.html,,
cc9rv4tv,OAT BURGER ON BUN,www.cooks.com/recipe/cc9rv4tv/oat-burger-on-bun.html,,
cc9k54oj,OATMEAL BURGERS,www.cooks.com/recipe/cc9k54oj/oatmeal-burgers.html,,
gv2i18dp,OAT BURGERS,www.cooks.com/recipe/gv2i18dp/oat-burgers.html,,
v56fe6qo,OAT BURGERS,www.cooks.com/recipe/v56fe6qo/oat-burgers.html,,
n082n61f,OAT BURGERS (FAKE HAMBURGERS),www.cooks.com/recipe/n082n61f/oat-burgers-fake-hamburgers.html,,
qw4xh49x,OAT BURGERS PARMIGIANA,www.cooks.com/recipe/qw4xh49x/oat-burgers-parmigiana.html,,
ps33m33e,OAT PECAN BURGERS,www.cooks.com/recipe/ps33m33e/oat-pecan-burgers.html,,
u22ad5jc,NOODLE - BURGER CASSEROLE,www.cooks.com/recipe/u22ad5jc/noodle-burger-casserole.html,,
ne5ns0a1,PANCAKE BURGER BASH,www.cooks.com/recipe/ne5ns0a1/pancake-burger-bash.html,,
7u2a58vj,ONION BURGERS,www.cooks.com/recipe/7u2a58vj/onion-burgers.html,,
k40ao9zy,OLIVE BURGER PIE,www.cooks.com/recipe/k40ao9zy/olive-burger-pie.html,,
vr86i7c3,OYSTER BURGERS,www.cooks.com/recipe/vr86i7c3/oyster-burgers.html,,
3k95s76q,OLLY BURGERS,www.cooks.com/recipe/3k95s76q/olly-burgers.html,,
sa3ox6mg,ONION BURGERS (SLOPPY JOE STYLE),www.cooks.com/recipe/sa3ox6mg/onion-burgers-sloppy-joe-style.html,,
xe1nj64j,PANCAKE BURGER BASH,www.cooks.com/recipe/xe1nj64j/pancake-burger-bash.html,,
uk79w7mk,OVEN BARBECUED BURGERS,www.cooks.com/recipe/uk79w7mk/oven-barbecued-burgers.html,,
3r56f2hh,ONE BOWL CHEESY ONION BURGER BUNS,www.cooks.com/recipe/3r56f2hh/one-bowl-cheesy-onion-burger-buns.html,,
i36mi87h,OLD CHINA TOWN PORK BURGER,www.cooks.com/recipe/i36mi87h/old-china-town-pork-burger.html,,
733x59mp,SALMON PATTIES,www.cooks.com/recipe/733x59mp/salmon-patties.html,,
zg2p16ja,TUNA PATTIES,www.cooks.com/recipe/zg2p16ja/tuna-patties.html,,
r245p4cx,JAMAICAN BEEF PATTIES,www.cooks.com/recipe/r245p4cx/jamaican-beef-patties.html,,
jw6cq3ha,PEANUT PATTIES,www.cooks.com/recipe/jw6cq3ha/peanut-patties.html,,
4j7pr4wr,SALMON PATTIES,www.cooks.com/recipe/4j7pr4wr/salmon-patties.html,,
409wj6bb,MACADAMIA NUT PATTIES,www.cooks.com/recipe/409wj6bb/macadamia-nut-patties.html,,
oo0pz50l,CASHEW NUT PATTIES,www.cooks.com/recipe/oo0pz50l/cashew-nut-patties.html,,
d90h01re,BEEF PATTIES IN CHILI GRAVY,www.cooks.com/recipe/d90h01re/beef-patties-in-chili-gravy.html,,
pz6mw3k9,SHRIMP (CAMARONE) PATTIES,www.cooks.com/recipe/pz6mw3k9/shrimp-camarone-patties.html,,
p96co1o6,GRILLED PATTY PAN SQUASH,www.cooks.com/recipe/p96co1o6/grilled-patty-pan-squash.html,,
dv53r92i,SAMMY'S #1 SALMON PATTIES,www.cooks.com/recipe/dv53r92i/sammys-1-salmon-patties.html,,
ws9sx2jl,PATTYS LOWFAT CHICKEN CUTLETS,www.cooks.com/recipe/ws9sx2jl/pattys-lowfat-chicken-cutlets.html,,
w51mj6u1,SALMON PATTIES,www.cooks.com/recipe/w51mj6u1/salmon-patties.html,,
s0lf05x,ZUCCHINI PATTIES,www.cooks.com/recipe/s0lf05x/zucchini-patties.html,,
gf1zu3av,SALMON PATTIES,www.cooks.com/recipe/gf1zu3av/salmon-patties.html,,
5w0r11ao,SALMON PATTIES,www.cooks.com/recipe/5w0r11ao/salmon-patties.html,,
ki3op5jb,PEPPERMINT PATTY PIE,www.cooks.com/recipe/ki3op5jb/peppermint-patty-pie.html,,
y00jw40y,ANGIE'S BEST SALMON PATTIES,www.cooks.com/recipe/y00jw40y/angies-best-salmon-patties.html,,
x220m0u0,CRISP PEPPERMINT PATTIES,www.cooks.com/recipe/x220m0u0/crisp-peppermint-patties.html,,
p8v9899,YORK PEPPERMINT PATTIE FREEZE,www.cooks.com/recipe/p8v9899/york-peppermint-pattie-freeze.html,,
jw4lb5go,LEFTOVER MASHED POTATO PATTIES,www.cooks.com/recipe/jw4lb5go/leftover-mashed-potato-patties.html,,
c38jh8e2,BAKED SALMON PATTIES,www.cooks.com/recipe/c38jh8e2/baked-salmon-patties.html,,
xz0qe42a,TUNA PATTIES,www.cooks.com/recipe/xz0qe42a/tuna-patties.html,,
a8ds3sx,SALMON PATTIES WITH CREAMED PEAS,www.cooks.com/recipe/a8ds3sx/salmon-patties-with-creamed-peas.html,,
jo4ei994,FAST-FOOD STYLE DOUBLE PATTY MELT,www.cooks.com/recipe/jo4ei994/fast-food-style-double-patty-melt.html,,
9o3gi2kj,DIANE'S SALMON CROQUETTES,www.cooks.com/recipe/9o3gi2kj/dianes-salmon-croquettes.html,,
qt9gt1sp,SUMMER SQUASH CREAMED PATTY PAN,www.cooks.com/recipe/qt9gt1sp/summer-squash-creamed-patty-pan.html,,
4h7bi95m,HAMBURGER PATTIES,www.cooks.com/recipe/4h7bi95m/hamburger-patties.html,,
vb1zp6gz,STUFFED PATTY PAN SQUASH,www.cooks.com/recipe/vb1zp6gz/stuffed-patty-pan-squash.html,,
ty8lx0jv,BASIC SALMON LOAF OR PATTIES,www.cooks.com/recipe/ty8lx0jv/basic-salmon-loaf-or-patties.html,,
9848g2q6,MOMMA'S ZUCCHINI PATTIES,www.cooks.com/recipe/9848g2q6/mommas-zucchini-patties.html,,
e6nx4dw,VEGETARIAN CHICKPEA PATTIES,www.cooks.com/recipe/e6nx4dw/vegetarian-chickpea-patties.html,,
cm7875ol,PATTY'S HOMEMADE BACON BITS,www.cooks.com/recipe/cm7875ol/pattys-homemade-bacon-bits.html,,
ss2cc5c3,JAMAICAN PATTIES,www.cooks.com/recipe/ss2cc5c3/jamaican-patties.html,,
z18qk9bb,JM'S SALMON PATTIES (CAKES),www.cooks.com/recipe/z18qk9bb/jms-salmon-patties-cakes.html,,
4r3eg0ew,CYNTHIA'S EASY SALMON CAKES,www.cooks.com/recipe/4r3eg0ew/cynthias-easy-salmon-cakes.html,,
ex78x2of,GRANNY'S SADDLE BAG FRIED CORNMEAL PATTIES,www.cooks.com/recipe/ex78x2of/grannys-saddle-bag-fried-cornmeal-patties.html,,
r38dl1ui,SAVORY POTATO PATTIES,www.cooks.com/recipe/r38dl1ui/savory-potato-patties.html,,
yg1898be,ARTICHOKE PATTIES,www.cooks.com/recipe/yg1898be/artichoke-patties.html,,
x5367341,LINDA'S SALMON PATTIES,www.cooks.com/recipe/x5367341/lindas-salmon-patties.html,,
ws4ek51u,YUMMY POTATO PATTIES,www.cooks.com/recipe/ws4ek51u/yummy-potato-patties.html,,
ob5c07bs,ERIN'S CRISPY POTATO PATTIES,www.cooks.com/recipe/ob5c07bs/erins-crispy-potato-patties.html,,
xp8eu7zs,MARLO'S EASY SALMON PATTIES,www.cooks.com/recipe/xp8eu7zs/marlos-easy-salmon-patties.html,,
n08337mv,PATTY'S STEAMED CHOCOLATE CHIP COOKIES,www.cooks.com/recipe/n08337mv/pattys-steamed-chocolate-chip-cookies.html,,
g37324zo,JANA'S SALMON PATTIES,www.cooks.com/recipe/g37324zo/janas-salmon-patties.html,,
wt10o8kl,PATTY JO'S CHOCOLATE CHIP COOKIES,www.cooks.com/recipe/wt10o8kl/patty-jos-chocolate-chip-cookies.html,,
7l40x2iy,DENNIS' SALMON PATTIES,www.cooks.com/recipe/7l40x2iy/dennis-salmon-patties.html,,
h792v0s2,HOMEMADE PEPPERMINT PATTIES,www.cooks.com/recipe/h792v0s2/homemade-peppermint-patties.html,,
9r4vl1oc,POTATO PATTIES (INDIAN STYLE),www.cooks.com/recipe/9r4vl1oc/potato-patties-indian-style.html,,
bb69g22m,PATTY'S CLAM CHOWDER,www.cooks.com/recipe/bb69g22m/pattys-clam-chowder.html,,
jq5ku7z4,FRANK'S SALMON PATTIES,www.cooks.com/recipe/jq5ku7z4/franks-salmon-patties.html,,
wu6h50o9,SALMON PATTIES,www.cooks.com/recipe/wu6h50o9/salmon-patties.html,,
qj1b05yn,TAMIKA'S SALMON PATTIES,www.cooks.com/recipe/qj1b05yn/tamikas-salmon-patties.html,,
6u49v1kb,PATTY'S SWEET DILL PICKLES,www.cooks.com/recipe/6u49v1kb/pattys-sweet-dill-pickles.html,,
7g6hy4uo,OLD-FASHIONED SALMON PATTIES,www.cooks.com/recipe/7g6hy4uo/old-fashioned-salmon-patties.html,,
u09b72vq,KENDALL'S ITALIAN TUNA PATTIES,www.cooks.com/recipe/u09b72vq/kendalls-italian-tuna-patties.html,,
sk46f9ex,TUNA PATTIES,www.cooks.com/recipe/sk46f9ex/tuna-patties.html,,
gs9ui4ml,MICROWAVE PEANUT PATTIES,www.cooks.com/recipe/gs9ui4ml/microwave-peanut-patties.html,,
168lh2uv,JANE'S SALMON PATTIES,www.cooks.com/recipe/168lh2uv/janes-salmon-patties.html,,
cm94m0e0,PATTY'S BURRITO MEAT (PORK),www.cooks.com/recipe/cm94m0e0/pattys-burrito-meat-pork.html,,
rp1bd1f7,SALMON PATTIES,www.cooks.com/recipe/rp1bd1f7/salmon-patties.html,,
fe19q4ae,ALASKAN SALMON PATTIES,www.cooks.com/recipe/fe19q4ae/alaskan-salmon-patties.html,,
qs0j9424,SALMON PATTIES,www.cooks.com/recipe/qs0j9424/salmon-patties.html,,
7g6lh4ao,KRABBY PATTY,www.cooks.com/recipe/7g6lh4ao/krabby-patty.html,,
cz00i1ze,SALMON PATTIES,www.cooks.com/recipe/cz00i1ze/salmon-patties.html,,
z515i5bi,FRESH COD FISH PATTIES,www.cooks.com/recipe/z515i5bi/fresh-cod-fish-patties.html,,
6p4pb0gn,EASY SALMON PATTIES,www.cooks.com/recipe/6p4pb0gn/easy-salmon-patties.html,,
z10q83oh,TUNA PATTIES,www.cooks.com/recipe/z10q83oh/tuna-patties.html,,
sr5px7bl,APPLE PATTY,www.cooks.com/recipe/sr5px7bl/apple-patty.html,,
of0xw9df,SOUTHERN STYLE SALMON PATTIES,www.cooks.com/recipe/of0xw9df/southern-style-salmon-patties.html,,
2w3792yl,PATTY MELT PARTY PIZZAS,www.cooks.com/recipe/2w3792yl/patty-melt-party-pizzas.html,,
e08vk8jr,PECAN PATTIES,www.cooks.com/recipe/e08vk8jr/pecan-patties.html,,
1m7f462a,NO-COOK MINT PATTIES,www.cooks.com/recipe/1m7f462a/no-cook-mint-patties.html,,
ni7dp3qs,SQUASH PATTIES,www.cooks.com/recipe/ni7dp3qs/squash-patties.html,,
lg57n0vs,CREAMY PRALINE PATTIES,www.cooks.com/recipe/lg57n0vs/creamy-praline-patties.html,,
k76ca6xs,GARDENER'S BEAN PATTIES,www.cooks.com/recipe/k76ca6xs/gardeners-bean-patties.html,,
qg08e3ib,DAMN FINE SALMON PATTIES,www.cooks.com/recipe/qg08e3ib/damn-fine-salmon-patties.html,,
8u0c31ln,BAKED PORK TENDERLOIN PATTIES,www.cooks.com/recipe/8u0c31ln/baked-pork-tenderloin-patties.html,,
fo3yr93x,CARROT PATTIES,www.cooks.com/recipe/fo3yr93x/carrot-patties.html,,
346y22dm,COTTAGE CHEESE PATTIES,www.cooks.com/recipe/346y22dm/cottage-cheese-patties.html,,
994u93nk,GRILLED HAMBURGER PATTIES,www.cooks.com/recipe/994u93nk/grilled-hamburger-patties.html,,
5m0c118w,SALMON PATTIES,www.cooks.com/recipe/5m0c118w/salmon-patties.html,,
nv0p280i,HAMBURGER PATTIES,www.cooks.com/recipe/nv0p280i/hamburger-patties.html,,
nv6v351m,JAMICAN BEEF PATTIES,www.cooks.com/recipe/nv6v351m/jamican-beef-patties.html,,
ch5s82fb,OYSTER PATTIES,www.cooks.com/recipe/ch5s82fb/oyster-patties.html,,
up7ci3k5,CREAMED CHICKEN ON POTATO PATTIES,www.cooks.com/recipe/up7ci3k5/creamed-chicken-on-potato-patties.html,,
yk5ux795,SALMON PATTIES WITH DILL HORSERADISH SAUCE,www.cooks.com/recipe/yk5ux795/salmon-patties-with-dill-horseradish-sauce.html,,
os1ct1rs,SALMON PATTIES,www.cooks.com/recipe/os1ct1rs/salmon-patties.html,,
q04sk65m,PEPPERMINT PATTY BROWNIES,www.cooks.com/recipe/q04sk65m/peppermint-patty-brownies.html,,
6b0zk13d,CRAB MEAT PATTIES,www.cooks.com/recipe/6b0zk13d/crab-meat-patties.html,,
110kg09k,SALMON PATTIES,www.cooks.com/recipe/110kg09k/salmon-patties.html,,
v97ij1re,PATTY CAKE,www.cooks.com/recipe/v97ij1re/patty-cake.html,,
5i3mk2c0,YORK PEPPERMINT PATTY BROWNIES,www.cooks.com/recipe/5i3mk2c0/york-peppermint-patty-brownies.html,,
ko3155cv,STUFFED SEAFOOD PATTY SHELLS,www.cooks.com/recipe/ko3155cv/stuffed-seafood-patty-shells.html,,
gj3ly0ow,PATTY SHELLS AND OYSTER PATTIES,www.cooks.com/recipe/gj3ly0ow/patty-shells-and-oyster-patties.html,,
cz5lr1wb,SHRIMP AND HAM IN PATTY SHELLS,www.cooks.com/recipe/cz5lr1wb/shrimp-and-ham-in-patty-shells.html,,
si2sw5h4,TURKEY PATTIES AND DILL CUCUMBER SAUCE,www.cooks.com/recipe/si2sw5h4/turkey-patties-and-dill-cucumber-sauce.html,,
2u6kg2xz,STUFFED PORK TENDERLOIN PATTIES,www.cooks.com/recipe/2u6kg2xz/stuffed-pork-tenderloin-patties.html,,
9w4c90jj,SMALL PATTY PAN SQUASH,www.cooks.com/recipe/9w4c90jj/small-patty-pan-squash.html,,
d45pt1u7,SMALL PATTY PAN SQUASH,www.cooks.com/recipe/d45pt1u7/small-patty-pan-squash.html,,
pr5e00g9,STUFFED PATTY PAN SQUASH,www.cooks.com/recipe/pr5e00g9/stuffed-patty-pan-squash.html,,
sx23o2ty,ALASKAN SALMON PATTIES,www.cooks.com/recipe/sx23o2ty/alaskan-salmon-patties.html,,
qb5kx0bv,HOLIDAY YAM PATTIES,www.cooks.com/recipe/qb5kx0bv/holiday-yam-patties.html,,
o062s5cg,BACON - CHEESE, POTATO PATTIES,www.cooks.com/recipe/o062s5cg/bacon-cheese-potato-patties.html,
oc5217e9,AUNT PATTIE'S ZUCCHINI CASSEROLE,www.cooks.com/recipe/oc5217e9/aunt-patties-zucchini-casserole.html,,
up1nw5f1,BAKED LAMB AND EGGPLANT PATTIES,www.cooks.com/recipe/up1nw5f1/baked-lamb-and-eggplant-patties.html,,
k88cy0t5,AUNT SADIE'S SALMON PATTIES,www.cooks.com/recipe/k88cy0t5/aunt-sadies-salmon-patties.html,,
cf90p71b,ALL IN ONE HAMBURGER PATTY,www.cooks.com/recipe/cf90p71b/all-in-one-hamburger-patty.html,,
4312t7ax,ASPARAGUS PATTIES,www.cooks.com/recipe/4312t7ax/asparagus-patties.html,,
dy5zn80p,BAKED TUNA PATTIES,www.cooks.com/recipe/dy5zn80p/baked-tuna-patties.html,,
kg2932ea,CAN TUNA PATTIES,www.cooks.com/recipe/kg2932ea/can-tuna-patties.html,,
tu0g69xt,BEAN PATTIES,www.cooks.com/recipe/tu0g69xt/bean-patties.html,,
o28kt9vl,BARBARA'S SALMON PATTIES,www.cooks.com/recipe/o28kt9vl/barbaras-salmon-patties.html,,
bl40h00i,BROWN RICE PATTIES,www.cooks.com/recipe/bl40h00i/brown-rice-patties.html,,
c441g1kr,BEAN PATTIES (MEAT SUBSTITUTE),www.cooks.com/recipe/c441g1kr/bean-patties-meat-substitute.html,,
ob7dl8t2,BAKED TUNA PATTIES,www.cooks.com/recipe/ob7dl8t2/baked-tuna-patties.html,,
bm42r2q0,BEEF LINDSTORM SWEDISH BEEF PATTIES,www.cooks.com/recipe/bm42r2q0/beef-lindstorm-swedish-beef-patties.html,,
o35o40pz,BLACKEYED PEA PATTIES,www.cooks.com/recipe/o35o40pz/blackeyed-pea-patties.html,,
mg8en68u,BILOXI SHRIMP PATTIES,www.cooks.com/recipe/mg8en68u/biloxi-shrimp-patties.html,,
lz74r752,CABBAGE PATTIES,www.cooks.com/recipe/lz74r752/cabbage-patties.html,,
lx1oq0q8,CHICK PEA PATTIES,www.cooks.com/recipe/lx1oq0q8/chick-pea-patties.html,,
z02he0v4,CHICKEN PATTIES,www.cooks.com/recipe/z02he0v4/chicken-patties.html,,
kq2fo20g,CHICKEN PATTIES,www.cooks.com/recipe/kq2fo20g/chicken-patties.html,,
x760g38b,CARROT & POTATO PATTIES,www.cooks.com/recipe/x760g38b/carrot-potato-patties.html,,
9o7ub0ir,CAROLINA YAM PATTIES,www.cooks.com/recipe/9o7ub0ir/carolina-yam-patties.html,,
5s3el4ck,CLAM PATTIES,www.cooks.com/recipe/5s3el4ck/clam-patties.html,,
ut1r80r4,CHICKEN/TURKEY PATTIES PAPRIKA,www.cooks.com/recipe/ut1r80r4/chicken-turkey-patties-paprika.html,,
va6zk6nf,CAULIFLOWER PATTIES,www.cooks.com/recipe/va6zk6nf/cauliflower-patties.html,,
h07o62zw,CHICKEN PATTIES,www.cooks.com/recipe/h07o62zw/chicken-patties.html,,
t282u1w8,CHICKEN AND TURKEY PATTIES,www.cooks.com/recipe/t282u1w8/chicken-and-turkey-patties.html,,
ir8no1j2,COW PATTIES,www.cooks.com/recipe/ir8no1j2/cow-patties.html,,
dg3n992w,COTTAGE CHEESE OATMEAL PATTIES,www.cooks.com/recipe/dg3n992w/cottage-cheese-oatmeal-patties.html,,
bg6zx2jc,CROCK POT PATTIES,www.cooks.com/recipe/bg6zx2jc/crock-pot-patties.html,,
ob9p72dx,CURRY-CHIC PATTIES,www.cooks.com/recipe/ob9p72dx/curry-chic-patties.html,,
cv1kl46c,CRAB PATTIES,www.cooks.com/recipe/cv1kl46c/crab-patties.html,,
hw0kb94z,CORN MEAL SALMON PATTIES,www.cooks.com/recipe/hw0kb94z/corn-meal-salmon-patties.html,,
yg7to8rq,CRISP SALMON PATTIES,www.cooks.com/recipe/yg7to8rq/crisp-salmon-patties.html,,
qj6o83q6,CORN PATTIES,www.cooks.com/recipe/qj6o83q6/corn-patties.html,,
z844g9az,CRAB PATTIES,www.cooks.com/recipe/z844g9az/crab-patties.html,,
zb8fm9g1,DAD'S SALMON PATTIES,www.cooks.com/recipe/zb8fm9g1/dads-salmon-patties.html,,
c0kr0h1,FISH PATTIES,www.cooks.com/recipe/c0kr0h1/fish-patties.html,,
fh7wx632,DELUXE HAM PATTIES,www.cooks.com/recipe/fh7wx632/deluxe-ham-patties.html,,
oy8kv6an,EASY MINT PATTIES,www.cooks.com/recipe/oy8kv6an/easy-mint-patties.html,,
mt5sl3pj,FISH PATTIES,www.cooks.com/recipe/mt5sl3pj/fish-patties.html,,
f89ng0pl,DUTCH POTATO PATTIES,www.cooks.com/recipe/f89ng0pl/dutch-potato-patties.html,,
2w5ci5xw,DEER PATTIES,www.cooks.com/recipe/2w5ci5xw/deer-patties.html,,
v4cr0uu,EASY FISH PATTIES,www.cooks.com/recipe/v4cr0uu/easy-fish-patties.html,,
kf8xn5wp,DEVIL CRAB PATTIES,www.cooks.com/recipe/kf8xn5wp/devil-crab-patties.html,,
6g08p1ku,FAVORITE LENTIL PATTIES,www.cooks.com/recipe/6g08p1ku/favorite-lentil-patties.html,,
tg8275fx,FAVORITE LENTIL PATTIES,www.cooks.com/recipe/tg8275fx/favorite-lentil-patties.html,,
og7sg1ap,FRIED CORNBREAD PATTIES,www.cooks.com/recipe/og7sg1ap/fried-cornbread-patties.html,,
qo26g2kz,FRIED CORN BREAD PATTIES,www.cooks.com/recipe/qo26g2kz/fried-corn-bread-patties.html,,
k947x4dr,FISH ROE PATTIES,www.cooks.com/recipe/k947x4dr/fish-roe-patties.html,,
5s32c1f4,FRIED POTATO PATTIES,www.cooks.com/recipe/5s32c1f4/fried-potato-patties.html,,
oc4tj6s3,FISH PATTIES,www.cooks.com/recipe/oc4tj6s3/fish-patties.html,,
oq2a645r,FRIED PASTA PATTIES,www.cooks.com/recipe/oq2a645r/fried-pasta-patties.html,,
tw4247jh,FRIED MASHED POTATO PATTIES,www.cooks.com/recipe/tw4247jh/fried-mashed-potato-patties.html,,
lp6v97vq,FISH PATTIES,www.cooks.com/recipe/lp6v97vq/fish-patties.html,,
fw1i73my,FRESH SQUASH PATTIES,www.cooks.com/recipe/fw1i73my/fresh-squash-patties.html,,
ty10v2nq,FISH PATTIES,www.cooks.com/recipe/ty10v2nq/fish-patties.html,,
nt42s6ci,GROUND BEEF PATTIES WITH MUSHROOM GRAVY,www.cooks.com/recipe/nt42s6ci/ground-beef-patties-with-mushroom-gravy.html,,
5w2mv8px,FRIED SQUASH PATTIES,www.cooks.com/recipe/5w2mv8px/fried-squash-patties.html,,
ye83c7rf,FRIED TUNA PATTIES,www.cooks.com/recipe/ye83c7rf/fried-tuna-patties.html,,
a891n7ko,FRIED SALMON PATTIES,www.cooks.com/recipe/a891n7ko/fried-salmon-patties.html,,
oq2k043x,FRIED ZUCCHINI PATTIES,www.cooks.com/recipe/oq2k043x/fried-zucchini-patties.html,,
ox6nm66g,FRIED SQUASH PATTIES,www.cooks.com/recipe/ox6nm66g/fried-squash-patties.html,,
sh7ow712,FRIED SPINACH PATTIES,www.cooks.com/recipe/sh7ow712/fried-spinach-patties.html,,
gv8u72cx,FRIED SALMON PATTIES,www.cooks.com/recipe/gv8u72cx/fried-salmon-patties.html,,
1n1kd9bu,FRIED SALMON PATTIES,www.cooks.com/recipe/1n1kd9bu/fried-salmon-patties.html,,
xe8n677s,GRILLED POTATO PATTIES,www.cooks.com/recipe/xe8n677s/grilled-potato-patties.html,,
fc2fc8s5,HASH BROWN ZUCCHINI PATTIES,www.cooks.com/recipe/fc2fc8s5/hash-brown-zucchini-patties.html,,
t14tj7z1,HAMBURGER PATTIES,www.cooks.com/recipe/t14tj7z1/hamburger-patties.html,,
ht02s2sw,HAMBURGER AND RICE PATTIES,www.cooks.com/recipe/ht02s2sw/hamburger-and-rice-patties.html,,
f81m33j,HAM PATTIES,www.cooks.com/recipe/f81m33j/ham-patties.html,,
eq9jh6ls,HOMEMADE PEANUT PATTIES,www.cooks.com/recipe/eq9jh6ls/homemade-peanut-patties.html,,
o93j83i8,HAMBURGER PATTIES IN GRAVY,www.cooks.com/recipe/o93j83i8/hamburger-patties-in-gravy.html,,
y17i010y,HAM PATTIES,www.cooks.com/recipe/y17i010y/ham-patties.html,,
9928i7it,HAMBURGER PATTIES,www.cooks.com/recipe/9928i7it/hamburger-patties.html,,
f275e62i,HEAVENLY HAMBURGER PATTIES,www.cooks.com/recipe/f275e62i/heavenly-hamburger-patties.html,,
e63m39mm,GROUND BEEF PATTIES,www.cooks.com/recipe/e63m39mm/ground-beef-patties.html,,
842g48ft,KOREAN BEEF PATTIES,www.cooks.com/recipe/842g48ft/korean-beef-patties.html,,
v809w4ic,JAMAICAN BEEF PATTIES,www.cooks.com/recipe/v809w4ic/jamaican-beef-patties.html,,
gv3le1el,LAMB PATTIES,www.cooks.com/recipe/gv3le1el/lamb-patties.html,,
9y59s4io,JIFFY SALMON PATTIES,www.cooks.com/recipe/9y59s4io/jiffy-salmon-patties.html,,
ip3i75ve,INSTANT POTATO PATTIES,www.cooks.com/recipe/ip3i75ve/instant-potato-patties.html,,
ib9in9pi,JAMAICAN BEEF PATTIES,www.cooks.com/recipe/ib9in9pi/jamaican-beef-patties.html,,
3b4ju3q4,LAMB PATTIES,www.cooks.com/recipe/3b4ju3q4/lamb-patties.html,,
nd8q293u,JAMAICA MEAT PATTIES,www.cooks.com/recipe/nd8q293u/jamaica-meat-patties.html,,
uk7pb79m,J. J.'S HAMBURGER PATTIES,www.cooks.com/recipe/uk7pb79m/j-j-s-hamburger-patties.html,,
2s8yo3nm,KIFTA (TURKISH MEAT PATTIES),www.cooks.com/recipe/2s8yo3nm/kifta-turkish-meat-patties.html,,
s53qj6j0,LEFTOVER MASHED POTATO PATTIES,www.cooks.com/recipe/s53qj6j0/leftover-mashed-potato-patties.html,,
2h8z93qq,LOW CHOLESTEROL SALMON PATTIES,www.cooks.com/recipe/2h8z93qq/low-cholesterol-salmon-patties.html,,
vu6nh68n,MACKEREL PATTIES,www.cooks.com/recipe/vu6nh68n/mackerel-patties.html,,
mt1yt1bs,LAMB PATTIES,www.cooks.com/recipe/mt1yt1bs/lamb-patties.html,,
gw9680hf,LAMB PATTIES,www.cooks.com/recipe/gw9680hf/lamb-patties.html,,
rm4gs4eq,MACKEREL PATTIES,www.cooks.com/recipe/rm4gs4eq/mackerel-patties.html,,
zc3ft3fg,LORRAINE'S SALMON PATTIES WITH LEMON SAUCE,www.cooks.com/recipe/zc3ft3fg/lorraines-salmon-patties-with-lemon-sauce.html,,
y41hg6ol,LO-CAL SALMON PATTIES,www.cooks.com/recipe/y41hg6ol/lo-cal-salmon-patties.html,,
ne5d70f0,LENTIL PATTIES,www.cooks.com/recipe/ne5d70f0/lentil-patties.html,,
bg2fz7bf,LOW - FAT SALMON PATTIES,www.cooks.com/recipe/bg2fz7bf/low-fat-salmon-patties.html,,
cs9ha4zo,MICROWAVED PEANUT PATTIES,www.cooks.com/recipe/cs9ha4zo/microwaved-peanut-patties.html,,
2t4ow19v,MEATLOAF PATTIES,www.cooks.com/recipe/2t4ow19v/meatloaf-patties.html,,
ss71t3x9,MEXICAN CORN BREAD PATTY,www.cooks.com/recipe/ss71t3x9/mexican-corn-bread-patty.html,,
h00yo1aa,MILLET PATTIES,www.cooks.com/recipe/h00yo1aa/millet-patties.html,,
tw23p2ry,MASHED POTATO PATTIES,www.cooks.com/recipe/tw23p2ry/mashed-potato-patties.html,,
9a7iu0n0,MEATLESS OATMEAL PATTIES,www.cooks.com/recipe/9a7iu0n0/meatless-oatmeal-patties.html,,
ht8oq5ox,MILLET PATTIES,www.cooks.com/recipe/ht8oq5ox/millet-patties.html,,
ml8m07k5,MINT PATTIES,www.cooks.com/recipe/ml8m07k5/mint-patties.html,,
7v72y29u,MASHED POTATO PATTIES,www.cooks.com/recipe/7v72y29u/mashed-potato-patties.html,,
qx92i9kk,MEATLOAF OR HAMBURGER PATTIES WITH TOMATO SAUCE,www.cooks.com/recipe/qx92i9kk/meatloaf-or-hamburger-patties-with-tomato-sauce.html,,
9j7m5016,PARTY PEPPERMINT PATTIES,www.cooks.com/recipe/9j7m5016/party-peppermint-patties.html,,
364o835k,PARTY PEPPERMINT PATTIES,www.cooks.com/recipe/364o835k/party-peppermint-patties.html,,
ih8s25uf,OATMEAL PATTIES,www.cooks.com/recipe/ih8s25uf/oatmeal-patties.html,,
yj3l23go,ONION PATTIES,www.cooks.com/recipe/yj3l23go/onion-patties.html,,
wj8ba9r2,OATMEAL HAMBURGERS (NUT PATTIES),www.cooks.com/recipe/wj8ba9r2/oatmeal-hamburgers-nut-patties.html,,
n583n78z,NUTTY RICE PATTIES,www.cooks.com/recipe/n583n78z/nutty-rice-patties.html,,
i19hb5ux,OUR FAVORITE FRIED POTATO PATTIES,www.cooks.com/recipe/i19hb5ux/our-favorite-fried-potato-patties.html,,
b70890bz,OYSTER PATTY FILLING,www.cooks.com/recipe/b70890bz/oyster-patty-filling.html,,
ga7iv9hf,OATMEAL PATTIES #2,www.cooks.com/recipe/ga7iv9hf/oatmeal-patties-2.html,,
ws5kq7n1,PARTY PEPPERMINT PATTIES,www.cooks.com/recipe/ws5kq7n1/party-peppermint-patties.html,,
mm6m71bx,PATTI'S ZUCCHINI BOAT,www.cooks.com/recipe/mm6m71bx/pattis-zucchini-boat.html,,
9j7ed0aw,PATTY MELT SANDWICH,www.cooks.com/recipe/9j7ed0aw/patty-melt-sandwich.html,,
ht63a8h9,PATTI'S PERFECT PUFFED PASTRY,www.cooks.com/recipe/ht63a8h9/pattis-perfect-puffed-pastry.html,,
bx6cq4nx,PATTI'S WATERGATE SALAD,www.cooks.com/recipe/bx6cq4nx/pattis-watergate-salad.html,,
m413a5mo,PATTI'S PINK DIP,www.cooks.com/recipe/m413a5mo/pattis-pink-dip.html,,
w95yt01k,PATTI'S LASAGNA ROLL - UPS,www.cooks.com/recipe/w95yt01k/pattis-lasagna-roll-ups.html,,
bv45c2s7,PATTI'S EASY RAISIN SPICE CAKE,www.cooks.com/recipe/bv45c2s7/pattis-easy-raisin-spice-cake.html,,
8z5mq5ju,PATTI'S BASIC LEFTOVER ANYTHING CASSEROLE,www.cooks.com/recipe/8z5mq5ju/pattis-basic-leftover-anything-casserole.html,,
d31ja7ok,PATTI'S SEAFOOD NACHOS,www.cooks.com/recipe/d31ja7ok/pattis-seafood-nachos.html,,
717ox4kh,PATTI'S LOW-CAL FORTUNE COOKIES,www.cooks.com/recipe/717ox4kh/pattis-low-cal-fortune-cookies.html,,
w34sr8em,PEANUT PATTIES,www.cooks.com/recipe/w34sr8em/peanut-patties.html,,
jb4od5ho,PEANUT PATTIES (MICROWAVE),www.cooks.com/recipe/jb4od5ho/peanut-patties-microwave.html,,
k09xr15l,PATTY'S TWICE BAKED POTATOES,www.cooks.com/recipe/k09xr15l/pattys-twice-baked-potatoes.html,,
df3qf2xq,PEANUT PATTI CANDY FOR MICROWAVE,www.cooks.com/recipe/df3qf2xq/peanut-patti-candy-for-microwave.html,,
r638l5kt,PEANUT PATTIES,www.cooks.com/recipe/r638l5kt/peanut-patties.html,,
e93w82x9,PATTY'S FAMOUS ONE DISH CHICKEN DINNER,www.cooks.com/recipe/e93w82x9/pattys-famous-one-dish-chicken-dinner.html,,
h03o0197,PATTY MELTS,www.cooks.com/recipe/h03o0197/patty-melts.html,,
n91101gu,PATTY NOODLES CASSEROLE,www.cooks.com/recipe/n91101gu/patty-noodles-casserole.html,,
sy8qd0zr,PATTY'S HOT DISH,www.cooks.com/recipe/sy8qd0zr/pattys-hot-dish.html,,
2w4c137u,PATTY MELTS,www.cooks.com/recipe/2w4c137u/patty-melts.html,,
7k9mu8mn,PEANUT PATTIES,www.cooks.com/recipe/7k9mu8mn/peanut-patties.html,,
2n83a35x,PEPPERMINT PATTIES,www.cooks.com/recipe/2n83a35x/peppermint-patties.html,,
xn55q3rz,PEANUT PATTIES,www.cooks.com/recipe/xn55q3rz/peanut-patties.html,,
o75la0rv,PEANUT PATTY CANDY,www.cooks.com/recipe/o75la0rv/peanut-patty-candy.html,,
hp2wz81b,PEANUT PATTIES,www.cooks.com/recipe/hp2wz81b/peanut-patties.html,,
i19vp9hf,PEANUT PATTIES,www.cooks.com/recipe/i19vp9hf/peanut-patties.html,,
vz6j36uq,PEANUT PATTIES,www.cooks.com/recipe/vz6j36uq/peanut-patties.html,,
bc6ni4ri,PEANUT PATTIES,www.cooks.com/recipe/bc6ni4ri/peanut-patties.html,,
vt2zo4hz,PEANUT PATTIES,www.cooks.com/recipe/vt2zo4hz/peanut-patties.html,,
k60aj2iw,PEANUT PATTIES,www.cooks.com/recipe/k60aj2iw/peanut-patties.html,,
907ea0qi,PEPPERMINT PATTIES,www.cooks.com/recipe/907ea0qi/peppermint-patties.html,,
wz2b064c,PERCH PATTIES,www.cooks.com/recipe/wz2b064c/perch-patties.html,,
l97qz73h,PINK PEANUT PATTIES,www.cooks.com/recipe/l97qz73h/pink-peanut-patties.html,,
iq98p3zp,PINEAPPLE HAMBURGER PATTIES,www.cooks.com/recipe/iq98p3zp/pineapple-hamburger-patties.html,,
oh5x83cu,PEPPERMINT PATTIES,www.cooks.com/recipe/oh5x83cu/peppermint-patties.html,,
h93te1dl,PEPPERMINT PATTIES,www.cooks.com/recipe/h93te1dl/peppermint-patties.html,,
fq3fz04y,PEPPERMINT PATTIES,www.cooks.com/recipe/fq3fz04y/peppermint-patties.html,,
3w5u2278,PEPPERMINT PATTIES,www.cooks.com/recipe/3w5u2278/peppermint-patties.html,,
ne3ea8j5,PINK PEANUT PATTIES,www.cooks.com/recipe/ne3ea8j5/pink-peanut-patties.html,,
ft8ix4g8,PEPPERMINT PATTIES,www.cooks.com/recipe/ft8ix4g8/peppermint-patties.html,,
s929g5ku,POTATO PATTIES,www.cooks.com/recipe/s929g5ku/potato-patties.html,,
oh7cv171,POTATO PATTIES,www.cooks.com/recipe/oh7cv171/potato-patties.html,,
405b46z0,PINK PEANUT PATTIES,www.cooks.com/recipe/405b46z0/pink-peanut-patties.html,,
iu2bc9bt,POTATO PATTIES,www.cooks.com/recipe/iu2bc9bt/potato-patties.html,,
pd8r17h0,RICE PATTIES,www.cooks.com/recipe/pd8r17h0/rice-patties.html,,
qf74p8u7,POTATO PATTIES,www.cooks.com/recipe/qf74p8u7/potato-patties.html,,
kk9gu10p,PORK SAUSAGE PATTIES,www.cooks.com/recipe/kk9gu10p/pork-sausage-patties.html,,
h933d75h,REUBEN PATTY MELT,www.cooks.com/recipe/h933d75h/reuben-patty-melt.html,,
3e5mf1po,POTATO PATTIES,www.cooks.com/recipe/3e5mf1po/potato-patties.html,,
2417x7yr,POTATO PATTIES,www.cooks.com/recipe/2417x7yr/potato-patties.html,,
ji2or19g,SALMON PATTIES WITH CHEESE SAUCE,www.cooks.com/recipe/ji2or19g/salmon-patties-with-cheese-sauce.html,,
oz0an4lj,SALISBURY STEAK PATTIES,www.cooks.com/recipe/oz0an4lj/salisbury-steak-patties.html,,
dh80g4zj,RUTABAGA PATTIES,www.cooks.com/recipe/dh80g4zj/rutabaga-patties.html,,
xw7ww1q4,SALMON PATTIES II,www.cooks.com/recipe/xw7ww1q4/salmon-patties-ii.html,,
f73g21el,SALMON PATTIES WITH LEMON SAUCE,www.cooks.com/recipe/f73g21el/salmon-patties-with-lemon-sauce.html,,
j44w3ng,SALMON PATTIES WITH DILLED CREAM PEA SALAD,www.cooks.com/recipe/j44w3ng/salmon-patties-with-dilled-cream-pea-salad.html,,
ws9gb2yk,SALMON PATTIES WITH DILL SAUCE,www.cooks.com/recipe/ws9gb2yk/salmon-patties-with-dill-sauce.html,,
e39228ne,SALMON PATTIES OR BALLS,www.cooks.com/recipe/e39228ne/salmon-patties-or-balls.html,,
bd76o0e6,SALMON PATTIES WITH DILL SAUCE,www.cooks.com/recipe/bd76o0e6/salmon-patties-with-dill-sauce.html,,
982787vf,SALISBURY STEAK PATTIES,www.cooks.com/recipe/982787vf/salisbury-steak-patties.html,,
f99cq0yb,SALMON PATTIES WITH SAUCE,www.cooks.com/recipe/f99cq0yb/salmon-patties-with-sauce.html,,
v13i86u5,SALMON PATTIES,www.cooks.com/recipe/v13i86u5/salmon-patties.html,,
eb3kh9pu,SALMON PATTIES,www.cooks.com/recipe/eb3kh9pu/salmon-patties.html,,
663zz4ct,SALMON PATTIES WITH TARTAR SAUCE,www.cooks.com/recipe/663zz4ct/salmon-patties-with-tartar-sauce.html,,
ry7c47qx,SALMON PATTIES,www.cooks.com/recipe/ry7c47qx/salmon-patties.html,,
dd3w403q,SALMON PATTIES,www.cooks.com/recipe/dd3w403q/salmon-patties.html,,
an5hq66g,SALMON PATTIES,www.cooks.com/recipe/an5hq66g/salmon-patties.html,,
t14967r4,SALMON PATTIES,www.cooks.com/recipe/t14967r4/salmon-patties.html,,
fs3gp2qj,SALMON PATTIES,www.cooks.com/recipe/fs3gp2qj/salmon-patties.html,,
le4gg5fd,SALMON PATTIES,www.cooks.com/recipe/le4gg5fd/salmon-patties.html,,
c75do57g,SALMON PATTIES,www.cooks.com/recipe/c75do57g/salmon-patties.html,,
p12fy45e,SALMON PATTIES,www.cooks.com/recipe/p12fy45e/salmon-patties.html,,
r480s184,SALMON PATTIES,www.cooks.com/recipe/r480s184/salmon-patties.html,,
hp8cu20e,SALMON PATTIES,www.cooks.com/recipe/hp8cu20e/salmon-patties.html,,
cb7oy5ai,SALMON PATTIES,www.cooks.com/recipe/cb7oy5ai/salmon-patties.html,,
9944t2e9,SALMON PATTIES,www.cooks.com/recipe/9944t2e9/salmon-patties.html,,
yg1uq8dw,SALMON PATTIES,www.cooks.com/recipe/yg1uq8dw/salmon-patties.html,,
jx2iv5il,SALMON PATTIES,www.cooks.com/recipe/jx2iv5il/salmon-patties.html,,
na1kn6o4,SALMON PATTIES,www.cooks.com/recipe/na1kn6o4/salmon-patties.html,,
zg5fe00e,SALMON PATTIES,www.cooks.com/recipe/zg5fe00e/salmon-patties.html,,
mo5xr3je,SALMON PATTIES,www.cooks.com/recipe/mo5xr3je/salmon-patties.html,,
s01r0a0,SALMON PATTIES,www.cooks.com/recipe/s01r0a0/salmon-patties.html,,
pq62232u,SALMON PATTIES,www.cooks.com/recipe/pq62232u/salmon-patties.html,,
dg8ww4xo,SALMON PATTIES,www.cooks.com/recipe/dg8ww4xo/salmon-patties.html,,
qg2c26m0,SALMON PATTIES,www.cooks.com/recipe/qg2c26m0/salmon-patties.html,,
qv2y59uw,SALMON PATTIES,www.cooks.com/recipe/qv2y59uw/salmon-patties.html,,
8y2p77l4,SALMON PATTIES,www.cooks.com/recipe/8y2p77l4/salmon-patties.html,,
6h35u4pp,SALMON PATTIES,www.cooks.com/recipe/6h35u4pp/salmon-patties.html,,
9684t8q9,SALMON PATTIES,www.cooks.com/recipe/9684t8q9/salmon-patties.html,,
p90ay49g,SALMON PATTIES,www.cooks.com/recipe/p90ay49g/salmon-patties.html,,
ax5cc6zs,SALMON PATTIES,www.cooks.com/recipe/ax5cc6zs/salmon-patties.html,,
984z52jl,SALMON PATTIES,www.cooks.com/recipe/984z52jl/salmon-patties.html,,
ex7ma21u,SALMON PATTIES,www.cooks.com/recipe/ex7ma21u/salmon-patties.html,,
l44ep5nt,SALMON PATTIES,www.cooks.com/recipe/l44ep5nt/salmon-patties.html,,
qp0ee20t,SALMON PATTIES,www.cooks.com/recipe/qp0ee20t/salmon-patties.html,,
t83na5jc,SALMON PATTIES,www.cooks.com/recipe/t83na5jc/salmon-patties.html,,
pz62j53e,SALMON PATTIES,www.cooks.com/recipe/pz62j53e/salmon-patties.html,,
xo8ir61g,SALMON PATTIES,www.cooks.com/recipe/xo8ir61g/salmon-patties.html,,
sb1470j3,SALMON PATTIES,www.cooks.com/recipe/sb1470j3/salmon-patties.html,,
gg15i35j,SALMON PATTIES,www.cooks.com/recipe/gg15i35j/salmon-patties.html,,
p96om1ij,SALMON PATTIES,www.cooks.com/recipe/p96om1ij/salmon-patties.html,,
j61yh512,SALMON PATTIES,www.cooks.com/recipe/j61yh512/salmon-patties.html,,
5p90f64f,SALMON PATTIES,www.cooks.com/recipe/5p90f64f/salmon-patties.html,,
ji2ct1fo,SALMON PATTIES,www.cooks.com/recipe/ji2ct1fo/salmon-patties.html,,
yl5dv7vd,SALMON PATTIES,www.cooks.com/recipe/yl5dv7vd/salmon-patties.html,,
9m4ls0st,SALMON PATTIES,www.cooks.com/recipe/9m4ls0st/salmon-patties.html,,
qt8vi1zo,SALMON PATTIES,www.cooks.com/recipe/qt8vi1zo/salmon-patties.html,,
dd3mz0eu,SALMON PATTIES,www.cooks.com/recipe/dd3mz0eu/salmon-patties.html,,
cu5h31pp,SALMON PATTIES,www.cooks.com/recipe/cu5h31pp/salmon-patties.html,,
cl7sp5ui,SALMON PATTIES,www.cooks.com/recipe/cl7sp5ui/salmon-patties.html,,
1u50n2uo,SALMON PATTIES,www.cooks.com/recipe/1u50n2uo/salmon-patties.html,,
q4kv1ep,SALMON PATTIES,www.cooks.com/recipe/q4kv1ep/salmon-patties.html,,
a96d89in,SALMON PATTIES,www.cooks.com/recipe/a96d89in/salmon-patties.html,,
t14l47j4,SALMON PATTIES,www.cooks.com/recipe/t14l47j4/salmon-patties.html,,
yh3ca80l,SALMON PATTIES,www.cooks.com/recipe/yh3ca80l/salmon-patties.html,,
7y3ki7s4,SALMON PATTIES,www.cooks.com/recipe/7y3ki7s4/salmon-patties.html,,
o93at331,SALMON PATTIES,www.cooks.com/recipe/o93at331/salmon-patties.html,,
8v8ob8y9,SALMON PATTIES,www.cooks.com/recipe/8v8ob8y9/salmon-patties.html,,
4i70s9ef,SALMON PATTIES,www.cooks.com/recipe/4i70s9ef/salmon-patties.html,,
9827z7qg,SALMON PATTIES,www.cooks.com/recipe/9827z7qg/salmon-patties.html,,
vk5pn38q,SALMON RICE PATTIES,www.cooks.com/recipe/vk5pn38q/salmon-rice-patties.html,,
ht0l02m7,SARAH'S SALMON PATTIES,www.cooks.com/recipe/ht0l02m7/sarahs-salmon-patties.html,,
yl7oi8wf,SAUSAGE PATTIES,www.cooks.com/recipe/yl7oi8wf/sausage-patties.html,,
151o57n5,SAVORY SALMON PATTIES,www.cooks.com/recipe/151o57n5/savory-salmon-patties.html,,
lm6f70aq,SAVORY SALMON PATTIES,www.cooks.com/recipe/lm6f70aq/savory-salmon-patties.html,,
q10fp7hr,SAUSAGE PATTIES,www.cooks.com/recipe/q10fp7hr/sausage-patties.html,,
8u84j23j,SHORTENING COOKIE PATTIES (TORTICAS DE MORON),www.cooks.com/recipe/8u84j23j/shortening-cookie-patties-torticas-de-moron.html,,
i6yf4ug,SAVORY SALMON PATTIES,www.cooks.com/recipe/i6yf4ug/savory-salmon-patties.html,,
pb25p4k2,SALMON PATTIES,www.cooks.com/recipe/pb25p4k2/salmon-patties.html,,
yl7l08i4,SEASONED TURKEY PATTIES,www.cooks.com/recipe/yl7l08i4/seasoned-turkey-patties.html,,
x12z80bz,SMOTHERED HAMBURGER PATTIES,www.cooks.com/recipe/x12z80bz/smothered-hamburger-patties.html,,
1b15g7xd,SHRIMP PATTIES,www.cooks.com/recipe/1b15g7xd/shrimp-patties.html,,
k94h241j,SQUASH FLOWER PATTIES,www.cooks.com/recipe/k94h241j/squash-flower-patties.html,,
pk1to8gn,SHRIMP PATTIES,www.cooks.com/recipe/pk1to8gn/shrimp-patties.html,,
9f6hr47e,SMOTHERED LAMB PATTIES,www.cooks.com/recipe/9f6hr47e/smothered-lamb-patties.html,,
q41wc828,SPINACH PATTIES,www.cooks.com/recipe/q41wc828/spinach-patties.html,,
6v1sl3j6,SQUASH PATTIES,www.cooks.com/recipe/6v1sl3j6/squash-patties.html,,
545ax984,SKILLET TUNA PATTIES (OR SALMON),www.cooks.com/recipe/545ax984/skillet-tuna-patties-or-salmon.html,,
ku8lu5zo,SPEEDY SALMON PATTIES,www.cooks.com/recipe/ku8lu5zo/speedy-salmon-patties.html,,
iy0yu3ze,SHRIMP PATTIES,www.cooks.com/recipe/iy0yu3ze/shrimp-patties.html,,
ru2m15wo,SQUASH PATTIES,www.cooks.com/recipe/ru2m15wo/squash-patties.html,,
z702b757,STACY'S PEANUT PATTIES,www.cooks.com/recipe/z702b757/stacys-peanut-patties.html,,
nh9r22y1,SQUASH PATTIES,www.cooks.com/recipe/nh9r22y1/squash-patties.html,,
nd94m2ob,STUFFED HAMBURGER PATTIES,www.cooks.com/recipe/nd94m2ob/stuffed-hamburger-patties.html,,
ac9qx70y,SURPRISE HAMBURGER PATTIES,www.cooks.com/recipe/ac9qx70y/surprise-hamburger-patties.html,,
tb6kb8zg,STUFFED GROUND BEEF PATTIES,www.cooks.com/recipe/tb6kb8zg/stuffed-ground-beef-patties.html,,
ad1nw9xc,SQUASH PATTIES,www.cooks.com/recipe/ad1nw9xc/squash-patties.html,,
ek97e0d0,SUPER MEAT PATTIES,www.cooks.com/recipe/ek97e0d0/super-meat-patties.html,,
ex7ux64h,SQUASH PATTIES,www.cooks.com/recipe/ex7ux64h/squash-patties.html,,
wf3uk3m0,SQUASH PATTIE,www.cooks.com/recipe/wf3uk3m0/squash-pattie.html,,
q91k88i8,SWEET POTATO & HAM PATTIES,www.cooks.com/recipe/q91k88i8/sweet-potato-ham-patties.html,,
ki3995a6,TUNA FISH PATTIES,www.cooks.com/recipe/ki3995a6/tuna-fish-patties.html,,
ta9b0976,TATER PATTIES,www.cooks.com/recipe/ta9b0976/tater-patties.html,,
q4y10pl,TANGY LAMB PATTIES,www.cooks.com/recipe/q4y10pl/tangy-lamb-patties.html,,
z12zj63w,TASTY TUNA PATTIES,www.cooks.com/recipe/z12zj63w/tasty-tuna-patties.html,,
su9yt3is,SWEET POTATO PONE PATTIES,www.cooks.com/recipe/su9yt3is/sweet-potato-pone-patties.html,,
2263e9bd,SWEET POTATO PATTIES,www.cooks.com/recipe/2263e9bd/sweet-potato-patties.html,,
hv8fr0br,SWEET POTATO PATTIES,www.cooks.com/recipe/hv8fr0br/sweet-potato-patties.html,,
761bw3ht,SWEET POTATO PATTIES,www.cooks.com/recipe/761bw3ht/sweet-potato-patties.html,,
ys4fs907,SWISS CHARD PATTIES,www.cooks.com/recipe/ys4fs907/swiss-chard-patties.html,,
2m7b10dk,TUNA PATTI MELT,www.cooks.com/recipe/2m7b10dk/tuna-patti-melt.html,,
xs1t91ku,TUNA PATTIES WITH CHEESE SAUCE,www.cooks.com/recipe/xs1t91ku/tuna-patties-with-cheese-sauce.html,,
6i9h30xx,TUNA PATTIES,www.cooks.com/recipe/6i9h30xx/tuna-patties.html,,
u54ho54v,TUNA OR SALMON PATTIES,www.cooks.com/recipe/u54ho54v/tuna-or-salmon-patties.html,,
ob9pw2p6,TUNA PATTI MELT,www.cooks.com/recipe/ob9pw2p6/tuna-patti-melt.html,,
8z4vb3wq,TUNA PATTIE MELT,www.cooks.com/recipe/8z4vb3wq/tuna-pattie-melt.html,,
6g3kf1hn,TUNA PATTIES (SALMON),www.cooks.com/recipe/6g3kf1hn/tuna-patties-salmon.html,,
fh3jk4l7,TUNA PATTIES,www.cooks.com/recipe/fh3jk4l7/tuna-patties.html,,
vf5sn3os,TUNA PATTIES,www.cooks.com/recipe/vf5sn3os/tuna-patties.html,,
4g8c94h6,TUNA PATTIES,www.cooks.com/recipe/4g8c94h6/tuna-patties.html,,
ap93g482,TUNA PATTIES,www.cooks.com/recipe/ap93g482/tuna-patties.html,,
ip8mx0br,TUNA PATTIES,www.cooks.com/recipe/ip8mx0br/tuna-patties.html,,
k81822fh,TUNA PATTIES,www.cooks.com/recipe/k81822fh/tuna-patties.html,,
x50tw861,TUNA PATTIES,www.cooks.com/recipe/x50tw861/tuna-patties.html,,
ix75n7wv,TUNA PATTIES,www.cooks.com/recipe/ix75n7wv/tuna-patties.html,,
z72716xa,TUNA PATTIES,www.cooks.com/recipe/z72716xa/tuna-patties.html,,
5130w9l0,TUNA PATTIES,www.cooks.com/recipe/5130w9l0/tuna-patties.html,,
6r3r32m5,TUNA PATTIES,www.cooks.com/recipe/6r3r32m5/tuna-patties.html,,
yb2yu43o,TUNA PATTIES,www.cooks.com/recipe/yb2yu43o/tuna-patties.html,,
ov0pa6ak,TUNA PATTIES,www.cooks.com/recipe/ov0pa6ak/tuna-patties.html,,
s31535m8,VEGETABLE PATTIES,www.cooks.com/recipe/s31535m8/vegetable-patties.html,,
xp89f6r5,TUNA TOFU PATTIES,www.cooks.com/recipe/xp89f6r5/tuna-tofu-patties.html,,
9x0xg00u,VEGETABLE PROTEIN PATTIES,www.cooks.com/recipe/9x0xg00u/vegetable-protein-patties.html,,
tb4xd71x,TURKEY MEATLOAF OR PATTIES,www.cooks.com/recipe/tb4xd71x/turkey-meatloaf-or-patties.html,,
908uo3t3,TUNA RICE PATTIES,www.cooks.com/recipe/908uo3t3/tuna-rice-patties.html,,
st27n17m,TUNA RICE PATTIES,www.cooks.com/recipe/st27n17m/tuna-rice-patties.html,,
9v4wr0pk,TURKEY SAUSAGE PATTIES,www.cooks.com/recipe/9v4wr0pk/turkey-sausage-patties.html,,
oo87x6gi,TUNA PATTIES,www.cooks.com/recipe/oo87x6gi/tuna-patties.html,,
hx8ow1ci,VEGETABLE PATTIES,www.cooks.com/recipe/hx8ow1ci/vegetable-patties.html,,
va5yh37w,VEGETABLE PROTEIN PATTIES,www.cooks.com/recipe/va5yh37w/vegetable-protein-patties.html,,
o80dh73p,YELLOW SQUASH PATTIES,www.cooks.com/recipe/o80dh73p/yellow-squash-patties.html,,
ra8nv04k,VEGGIE PATTIES,www.cooks.com/recipe/ra8nv04k/veggie-patties.html,,
kl84p1el,ZUCCHINI PATTIES,www.cooks.com/recipe/kl84p1el/zucchini-patties.html,,
1r9jn7qq,VEGETARIAN OATMEAL PATTIES,www.cooks.com/recipe/1r9jn7qq/vegetarian-oatmeal-patties.html,,
9n6u62t5,ZUCCHINI PATTIES,www.cooks.com/recipe/9n6u62t5/zucchini-patties.html,,
9t63r2tm,ZUCCHINI FRY PATTIES,www.cooks.com/recipe/9t63r2tm/zucchini-fry-patties.html,,
xu8e56ib,VIVIAN'S SPINACH PATTIES,www.cooks.com/recipe/xu8e56ib/vivians-spinach-patties.html,,
i28tk1gx,VEGETARIAN ITALIAN PATTIES,www.cooks.com/recipe/i28tk1gx/vegetarian-italian-patties.html,,
yw0ev7mx,WALT'S CLAM PATTIES,www.cooks.com/recipe/yw0ev7mx/walts-clam-patties.html,,
5h5bi83e,YELLOW SQUASH PATTIES,www.cooks.com/recipe/5h5bi83e/yellow-squash-patties.html,,
2z2fq735,ZUCCHINI SQUASH PATTIES,www.cooks.com/recipe/2z2fq735/zucchini-squash-patties.html,,
sd6ta7r6,ZUCCHINI PATTIES,www.cooks.com/recipe/sd6ta7r6/zucchini-patties.html,,
h79dw6qe,ZUCCHINI PATTIES,www.cooks.com/recipe/h79dw6qe/zucchini-patties.html,,
ga7kz9cu,ZUCCHINI PATTIES,www.cooks.com/recipe/ga7kz9cu/zucchini-patties.html,,
kx26w95t,ZUCCHINI PATTIES,www.cooks.com/recipe/kx26w95t/zucchini-patties.html,,
dy5i48ig,ZUCCHINI PATTIES,www.cooks.com/recipe/dy5i48ig/zucchini-patties.html,,
x26lo3jj,ZUCCHINI PATTIES,www.cooks.com/recipe/x26lo3jj/zucchini-patties.html,,
z56t635v,SALMON PATTIES,www.cooks.com/recipe/z56t635v/salmon-patties.html,,
sv0kf9aq,ZUCCHINI PATTIES,www.cooks.com/recipe/sv0kf9aq/zucchini-patties.html,,
jo6k30vs,ZUCCHINI PATTIES,www.cooks.com/recipe/jo6k30vs/zucchini-patties.html,,
134443yh,FRIED ZUCCHINI PATTIES,www.cooks.com/recipe/134443yh/fried-zucchini-patties.html,,
at6cd9nv,MEAT LOAF PATTIES,www.cooks.com/recipe/at6cd9nv/meat-loaf-patties.html,,
p218w1p8,SALMON PATTIES,www.cooks.com/recipe/p218w1p8/salmon-patties.html,,
j82r815t,BEEF PATTIES PARMESAN,www.cooks.com/recipe/j82r815t/beef-patties-parmesan.html,,
nf3ak3ru,PEANUT PATTIES,www.cooks.com/recipe/nf3ak3ru/peanut-patties.html,,
175tf6bz,CHICKEN PATTIES,www.cooks.com/recipe/175tf6bz/chicken-patties.html,,
9t6r54pp,QUICK & EASY SALMON PATTIES,www.cooks.com/recipe/9t6r54pp/quick-easy-salmon-patties.html,,
sd0lw37i,KATHY'S CRABBIE PATTIES,www.cooks.com/recipe/sd0lw37i/kathys-crabbie-patties.html,,
497zz5da,SALMON PATTIES,www.cooks.com/recipe/497zz5da/salmon-patties.html,,
ad5kx6x9,DEBRA'S FUDGE PATTIES,www.cooks.com/recipe/ad5kx6x9/debras-fudge-patties.html,,
pi8bm6mp,MICROWAVE PEANUT PATTIES,www.cooks.com/recipe/pi8bm6mp/microwave-peanut-patties.html,,
bi5gs5ka,COW PATTIES,www.cooks.com/recipe/bi5gs5ka/cow-patties.html,,
ul6jo7ny,FRIED MASHED POTATO PATTIES,www.cooks.com/recipe/ul6jo7ny/fried-mashed-potato-patties.html,,
wn9ef2h4,SALMON PATTIES,www.cooks.com/recipe/wn9ef2h4/salmon-patties.html,,
yx2606b3,PATTI'S BISCUITS,www.cooks.com/recipe/yx2606b3/pattis-biscuits.html,,
848cr20a,PATTY'S ORIENTAL SALAD,www.cooks.com/recipe/848cr20a/pattys-oriental-salad.html,,
tv87y5pi,BAKED SALMON PATTIES,www.cooks.com/recipe/tv87y5pi/baked-salmon-patties.html,,
g4mq18n,SALMON PATTIES,www.cooks.com/recipe/g4mq18n/salmon-patties.html,,
kp8kn5rr,ZUCCHINI PATTIES,www.cooks.com/recipe/kp8kn5rr/zucchini-patties.html,,
gl51m8jb,SALMON PATTIES,www.cooks.com/recipe/gl51m8jb/salmon-patties.html,,
126te4vh,SUMMER SQUASH PATTIES,www.cooks.com/recipe/126te4vh/summer-squash-patties.html,,
q50o57p5,SALMON PATTIES,www.cooks.com/recipe/q50o57p5/salmon-patties.html,,
e188s4dk,SQUASH PATTIES,www.cooks.com/recipe/e188s4dk/squash-patties.html,,
xc78f1q2,CREAMED CHICKEN IN PATTY SHELLS,www.cooks.com/recipe/xc78f1q2/creamed-chicken-in-patty-shells.html,,
a555h22t,SALMON PATTIES,www.cooks.com/recipe/a555h22t/salmon-patties.html,,
149p64mr,SALMON PATTIES,www.cooks.com/recipe/149p64mr/salmon-patties.html,,
xt67460g,MY MOTHER'S SALMON PATTIES,www.cooks.com/recipe/xt67460g/my-mothers-salmon-patties.html,,
qj6nj3f4,SALMON PATTIES,www.cooks.com/recipe/qj6nj3f4/salmon-patties.html,,
vv5f93oe,SPICY TURKEY PATTIES OR MEATBALLS,www.cooks.com/recipe/vv5f93oe/spicy-turkey-patties-or-meatballs.html,,
u57uv3uy,SALMON PATTIES,www.cooks.com/recipe/u57uv3uy/salmon-patties.html,,
240m1zb,EGGPLANT PATTIES,www.cooks.com/recipe/240m1zb/eggplant-patties.html,,
o4d43sb,GREEK POTATO PATTIES,www.cooks.com/recipe/o4d43sb/greek-potato-patties.html,,
rm0wq9rh,OKRA PATTIES,www.cooks.com/recipe/rm0wq9rh/okra-patties.html,,
ys8509lb,PEANUT PATTIES,www.cooks.com/recipe/ys8509lb/peanut-patties.html,,
9l8nd3hj,SALMON PATTIES,www.cooks.com/recipe/9l8nd3hj/salmon-patties.html,,
9p6du44u,ZUCCHINI PATTIES,www.cooks.com/recipe/9p6du44u/zucchini-patties.html,,
eb3s00qb,QUICK SALMON PATTIES,www.cooks.com/recipe/eb3s00qb/quick-salmon-patties.html,,
hd3ya7de,BLACK-EYED PEA PATTIES,www.cooks.com/recipe/hd3ya7de/black-eyed-pea-patties.html,,
kq8fk5ac,SALMON PATTIES,www.cooks.com/recipe/kq8fk5ac/salmon-patties.html,,
wg3gc3ff,ZUCCHINI PATTIES,www.cooks.com/recipe/wg3gc3ff/zucchini-patties.html,,
ws2mr0p7,SALMON PATTIES,www.cooks.com/recipe/ws2mr0p7/salmon-patties.html,,
oo8947w2,SALMON PATTIES,www.cooks.com/recipe/oo8947w2/salmon-patties.html,,
as5uv6b1,SALMON PATTIES,www.cooks.com/recipe/as5uv6b1/salmon-patties.html,,
fi70f6fk,PATTY'S BESTEST CHICKEN,www.cooks.com/recipe/fi70f6fk/pattys-bestest-chicken.html,,
j69o4fi,SALMON PATTIES,www.cooks.com/recipe/j69o4fi/salmon-patties.html,,
am9bp7wg,AUNT PATTY'S HOT CHOCOLATE,www.cooks.com/recipe/am9bp7wg/aunt-pattys-hot-chocolate.html,,
h98yn2cp,BEEF PATTIES,www.cooks.com/recipe/h98yn2cp/beef-patties.html,,
6m36c4o9,SPEEDY SALMON PATTIES,www.cooks.com/recipe/6m36c4o9/speedy-salmon-patties.html,,
br5y656z,CALVIN'S PECAN PATTIES,www.cooks.com/recipe/br5y656z/calvins-pecan-patties.html,,
x93ry37d,SQUASH PATTIES,www.cooks.com/recipe/x93ry37d/squash-patties.html,,
t43sz570,SALMON PATTIES,www.cooks.com/recipe/t43sz570/salmon-patties.html,,
y54w78vx,SALMON PATTIES,www.cooks.com/recipe/y54w78vx/salmon-patties.html,,
if8hp0ms,SALMON PATTIES,www.cooks.com/recipe/if8hp0ms/salmon-patties.html,,
752a33zw,PATTY ANN'S OATMEAL COOKIES,www.cooks.com/recipe/752a33zw/patty-anns-oatmeal-cookies.html,,
dh8fv4m0,PATTY'S CHICKEN PIE,www.cooks.com/recipe/dh8fv4m0/pattys-chicken-pie.html,,
or1le13z,ZUCCHINI PATTIES,www.cooks.com/recipe/or1le13z/zucchini-patties.html,,
pr07q78o,ZUCCHINI PATTIES,www.cooks.com/recipe/pr07q78o/zucchini-patties.html,,
q240a9ms,PEANUT PATTIES,www.cooks.com/recipe/q240a9ms/peanut-patties.html,,
yq6dm3k1,SQUASH PATTIES,www.cooks.com/recipe/yq6dm3k1/squash-patties.html,,
xw4c1858,JIFFY SALMON PATTIES,www.cooks.com/recipe/xw4c1858/jiffy-salmon-patties.html,,
xu8dg66o,QUICK 'N EASY SALMON PATTIES,www.cooks.com/recipe/xu8dg66o/quick-n-easy-salmon-patties.html,,
fy32a271,PEPPERMINT PATTIES,www.cooks.com/recipe/fy32a271/peppermint-patties.html,,
ku6vy8xp,CHEESE PATTIES,www.cooks.com/recipe/ku6vy8xp/cheese-patties.html,,
v78f80dz,CARIBBEAN PATTIES DOUGH,www.cooks.com/recipe/v78f80dz/caribbean-patties-dough.html,,
o29032p4,PEANUT PATTIES,www.cooks.com/recipe/o29032p4/peanut-patties.html,,
ex7ve2p7,CREAMED CHICKEN IN PATTY SHELLS,www.cooks.com/recipe/ex7ve2p7/creamed-chicken-in-patty-shells.html,,
n10l841j,LOW FAT ORIENTAL BEEF PATTIES,www.cooks.com/recipe/n10l841j/low-fat-oriental-beef-patties.html,,
oq0v36v7,CREAMED SHRIMP IN PATTY SHELLS,www.cooks.com/recipe/oq0v36v7/creamed-shrimp-in-patty-shells.html,,
e47tb4qy,GLAZED HAM WITH POTATO PATTIES,www.cooks.com/recipe/e47tb4qy/glazed-ham-with-potato-patties.html,,
1i6fg94x,HAM - PATTY SHELLS,www.cooks.com/recipe/1i6fg94x/ham-patty-shells.html,,
x77g08rs,PATTY CAKES,www.cooks.com/recipe/x77g08rs/patty-cakes.html,,
r991z1p9,SEAFOOD-STUFFED PATTY SHELLS,www.cooks.com/recipe/r991z1p9/seafood-stuffed-patty-shells.html,,
rt17m55x,SHRIMP NEWBURG IN PATTY SHELLS,www.cooks.com/recipe/rt17m55x/shrimp-newburg-in-patty-shells.html,,
mk15h1xb,PINEAPPLE CHICKEN IN PATTY SHELLS,www.cooks.com/recipe/mk15h1xb/pineapple-chicken-in-patty-shells.html,,
186az9a2,VEGGIE PATTIE JAMBALAYA,www.cooks.com/recipe/186az9a2/veggie-pattie-jambalaya.html,,
ke100232,TURKEY OR HAM IN PATTY SHELLS,www.cooks.com/recipe/ke100232/turkey-or-ham-in-patty-shells.html,,
788qg4nv,OYSTER PATTIES,www.cooks.com/recipe/788qg4nv/oyster-patties.html,,
7q52g8bv,COTTAGE CHEESE PATTIES,www.cooks.com/recipe/7q52g8bv/cottage-cheese-patties.html,,
l47qh395,SQUASH PATTIES,www.cooks.com/recipe/l47qh395/squash-patties.html,,
1f1b37wx,SAVORY VEAL PATTIES,www.cooks.com/recipe/1f1b37wx/savory-veal-patties.html,,
sn15p503,STRING BEAN PATTIES,www.cooks.com/recipe/sn15p503/string-bean-patties.html,,
v01285sd,BAKED STEAK PATTIES,www.cooks.com/recipe/v01285sd/baked-steak-patties.html,,
z64ys679,BAKED ITALIAN BEEF PATTIES,www.cooks.com/recipe/z64ys679/baked-italian-beef-patties.html,,
pk9ue2g6,BACON WRAPPED BEEF PATTIES,www.cooks.com/recipe/pk9ue2g6/bacon-wrapped-beef-patties.html,,
7d8gf4ee,BAKE STEAK PATTIES,www.cooks.com/recipe/7d8gf4ee/bake-steak-patties.html,,
5i54z8zf,BACON-WRAPPED PORK PATTIES,www.cooks.com/recipe/5i54z8zf/bacon-wrapped-pork-patties.html,,
o25fs7hf,BACON WRAPPED BEEF PATTIES,www.cooks.com/recipe/o25fs7hf/bacon-wrapped-beef-patties.html,,
fw9518uo,APPLE SAUSAGE PATTIES,www.cooks.com/recipe/fw9518uo/apple-sausage-patties.html,,
v97sc179,APPLE AND SAUSAGE PATTIES,www.cooks.com/recipe/v97sc179/apple-and-sausage-patties.html,,
pv97c290,AUNT PATTI'S CHEDDARY CHICKEN,www.cooks.com/recipe/pv97c290/aunt-pattis-cheddary-chicken.html,,
jv7lz3hz,BARBECUED BEEF PATTIES,www.cooks.com/recipe/jv7lz3hz/barbecued-beef-patties.html,,
2b6o24q8,BARBECUE BEEF PATTIES,www.cooks.com/recipe/2b6o24q8/barbecue-beef-patties.html,,
35cy4x5,BARBECUED BEEF PATTIES,www.cooks.com/recipe/35cy4x5/barbecued-beef-patties.html,,
wm6vl5ds,BEAN PATTIES,www.cooks.com/recipe/wm6vl5ds/bean-patties.html,,
1c5jq179,BAKED TUNA PATTIES,www.cooks.com/recipe/1c5jq179/baked-tuna-patties.html,,
986rz2ij,BARBECUED BEEF PATTIES,www.cooks.com/recipe/986rz2ij/barbecued-beef-patties.html,,
1i73c57l,BARBECUE BEEF PATTIES,www.cooks.com/recipe/1i73c57l/barbecue-beef-patties.html,,
nd78h8d2,BARBECUED MEAT PATTIES,www.cooks.com/recipe/nd78h8d2/barbecued-meat-patties.html,,
2g4sz35y,BAVARIAN PATTIES WITH SAUERKRAUT,www.cooks.com/recipe/2g4sz35y/bavarian-patties-with-sauerkraut.html,,
hp33b1s7,BAVARIAN PATTIES WITH SAUERKRAUT,www.cooks.com/recipe/hp33b1s7/bavarian-patties-with-sauerkraut.html,,
743rw0jz,BEEF PATTIES IN BARBECUE SAUCE,www.cooks.com/recipe/743rw0jz/beef-patties-in-barbecue-sauce.html,,
xn5dg3wz,BEEF PATTIES PARMESAN,www.cooks.com/recipe/xn5dg3wz/beef-patties-parmesan.html,,
hp3s94h0,BEEF PATTIES (BREADED),www.cooks.com/recipe/hp3s94h0/beef-patties-breaded.html,,
ze0168hi,BEEF PATTIES,www.cooks.com/recipe/ze0168hi/beef-patties.html,,
d25g023t,BEEF PATTIES IN SWEET AND SOUR SAUCE,www.cooks.com/recipe/d25g023t/beef-patties-in-sweet-and-sour-sauce.html,,
w34wx8jl,BIG BEEF PATTIES,www.cooks.com/recipe/w34wx8jl/big-beef-patties.html,,
6n8yh49x,BEEF PATTIES IN SWEET AND SOUR SAUCE,www.cooks.com/recipe/6n8yh49x/beef-patties-in-sweet-and-sour-sauce.html,,
nn3qr84v,BEAN PATTIES,www.cooks.com/recipe/nn3qr84v/bean-patties.html,,
i01lu2ma,BEEF PATTIES WITH CHINESE VEGETABLES,www.cooks.com/recipe/i01lu2ma/beef-patties-with-chinese-vegetables.html,,
bq03e0vl,BEEF PATTIES PARMESAN,www.cooks.com/recipe/bq03e0vl/beef-patties-parmesan.html,,
j5cg5rk,CAULIFLOWER PATTIES,www.cooks.com/recipe/j5cg5rk/cauliflower-patties.html,,
tx0o255g,BLACK PEPPER PATTIES,www.cooks.com/recipe/tx0o255g/black-pepper-patties.html,,
ia1oy2g2,BREADED HAMBURGER PATTIES,www.cooks.com/recipe/ia1oy2g2/breaded-hamburger-patties.html,,
v47r61iq,BUTTER BEAN PATTIES,www.cooks.com/recipe/v47r61iq/butter-bean-patties.html,,
5i3ny2w7,BURGER PATTIES,www.cooks.com/recipe/5i3ny2w7/burger-patties.html,,
288rk8qw,BLACKEYE PEA PATTIES,www.cooks.com/recipe/288rk8qw/blackeye-pea-patties.html,,
7e7vv98r,CANADIAN FISH PATTIES,www.cooks.com/recipe/7e7vv98r/canadian-fish-patties.html,,
wa3bt8zz,BRAZIL NUT - CARAMEL PATTIES,www.cooks.com/recipe/wa3bt8zz/brazil-nut-caramel-patties.html,,
od33s87u,CABBAGE PATTIES,www.cooks.com/recipe/od33s87u/cabbage-patties.html,,
tl9261s6,BLUE CHEESE PATTIES,www.cooks.com/recipe/tl9261s6/blue-cheese-patties.html,,
9j5hr55u,CHOCOLATE MINT PATTIES,www.cooks.com/recipe/9j5hr55u/chocolate-mint-patties.html,,
gm5nr914,CHICKEN PATTIES AND SAUCE,www.cooks.com/recipe/gm5nr914/chicken-patties-and-sauce.html,,
qy4ov7h8,CHICKEN FRIED PATTIES,www.cooks.com/recipe/qy4ov7h8/chicken-fried-patties.html,,
8e0sa1ou,CHAMORRO SHRIMP PATTIES,www.cooks.com/recipe/8e0sa1ou/chamorro-shrimp-patties.html,,
mu6ai6ax,CHOCOLATE MINT PATTIES,www.cooks.com/recipe/mu6ai6ax/chocolate-mint-patties.html,,
2l2n47pw,CHILI PATTY MELT BURGER,www.cooks.com/recipe/2l2n47pw/chili-patty-melt-burger.html,,
id6cb88l,CHICKEN PATTIES,www.cooks.com/recipe/id6cb88l/chicken-patties.html,,
qi0j38ar,CHICKEN FRIED PATTIES,www.cooks.com/recipe/qi0j38ar/chicken-fried-patties.html,,
gv8e029y,CHOPPED BEEF PATTIES DELUXE,www.cooks.com/recipe/gv8e029y/chopped-beef-patties-deluxe.html,,
bu4tq0v4,CHERRY NUT PATTIES,www.cooks.com/recipe/bu4tq0v4/cherry-nut-patties.html,,
367r20z8,COMPANY BEEF PATTIES,www.cooks.com/recipe/367r20z8/company-beef-patties.html,,
yz1ur8gf,CORN BEEF PATTIES,www.cooks.com/recipe/yz1ur8gf/corn-beef-patties.html,,
of6lm1lt,COTTAGE CHEESE PATTIES,www.cooks.com/recipe/of6lm1lt/cottage-cheese-patties.html,,
9g8gj3yw,CORN - BEEF - EGG PATTIES,www.cooks.com/recipe/9g8gj3yw/corn-beef-egg-patties.html,,
aq1qa7yg,COTTAGE CHEESE PATTIES,www.cooks.com/recipe/aq1qa7yg/cottage-cheese-patties.html,,
bq5dm414,COTTAGE CHEESE PATTIES,www.cooks.com/recipe/bq5dm414/cottage-cheese-patties.html,,
4y9gp82a,CORNED BEEF EGG PATTIES,www.cooks.com/recipe/4y9gp82a/corned-beef-egg-patties.html,,
tt37j5tc,CORNED - BEEF PATTIES,www.cooks.com/recipe/tt37j5tc/corned-beef-patties.html,,
x34zr6ja,CORNED BEEF PATTIES,www.cooks.com/recipe/x34zr6ja/corned-beef-patties.html,,
yz1ur8dq,COTTAGE CHEESE PATTIES,www.cooks.com/recipe/yz1ur8dq/cottage-cheese-patties.html,,
s82n151j,COW PATTI'S BARNYARD SPECIAL,www.cooks.com/recipe/s82n151j/cow-pattis-barnyard-special.html,,
sz9ux5d2,CRAB PATTIES,www.cooks.com/recipe/sz9ux5d2/crab-patties.html,,
b75wv5j9,CRAB PATTIES,www.cooks.com/recipe/b75wv5j9/crab-patties.html,,
pm5750d2,CRAPPIE OR BASS - VEGETABLES PATTIES,www.cooks.com/recipe/pm5750d2/crappie-or-bass-vegetables-patties.html,,
fh0rt1jt,CRABMEAT PATTIES,www.cooks.com/recipe/fh0rt1jt/crabmeat-patties.html,,
e47vf4ks,CREAMY TURKEY PATTIES,www.cooks.com/recipe/e47vf4ks/creamy-turkey-patties.html,,
rg2tm95e,COTTAGE CHEESE PATTIES,www.cooks.com/recipe/rg2tm95e/cottage-cheese-patties.html,,
rq0li5av,CRUNCHY SALMON PATTIES,www.cooks.com/recipe/rq0li5av/crunchy-salmon-patties.html,,
5r2oh8n7,CRAB PATTIES,www.cooks.com/recipe/5r2oh8n7/crab-patties.html,,
xr4hw8aa,CRAB PATTIES,www.cooks.com/recipe/xr4hw8aa/crab-patties.html,,
dc7s69tq,DILLED SALMON PATTIES,www.cooks.com/recipe/dc7s69tq/dilled-salmon-patties.html,,
k83w550w,EASY SALMON PATTIES,www.cooks.com/recipe/k83w550w/easy-salmon-patties.html,,
161257sq,EASY SAUCE FOR SIRLOIN PATTIES,www.cooks.com/recipe/161257sq/easy-sauce-for-sirloin-patties.html,,
qz80z1jj,DANNY'S SALMON PATTIES,www.cooks.com/recipe/qz80z1jj/dannys-salmon-patties.html,,
595779jy,EASY SALMON PATTIES,www.cooks.com/recipe/595779jy/easy-salmon-patties.html,,
q52ia61d,DILLY TUNA-ZUCCHINI PATTIES,www.cooks.com/recipe/q52ia61d/dilly-tuna-zucchini-patties.html,,
we4t06f8,DEVILED BEEF PATTIES,www.cooks.com/recipe/we4t06f8/deviled-beef-patties.html,,
918h43d5,EASY TUNA PATTIES,www.cooks.com/recipe/918h43d5/easy-tuna-patties.html,,
jn21c118,EASY PATTIES,www.cooks.com/recipe/jn21c118/easy-patties.html,,
5b7w39nu,EGGPLANT PATTIES,www.cooks.com/recipe/5b7w39nu/eggplant-patties.html,,
tv43p7kt,EGGPLANT PATTIES,www.cooks.com/recipe/tv43p7kt/eggplant-patties.html,,
ht28q2hc,FESTIVE MOCK FISH PATTIES,www.cooks.com/recipe/ht28q2hc/festive-mock-fish-patties.html,,
jr1io5rf,FRIED CARP PATTIES,www.cooks.com/recipe/jr1io5rf/fried-carp-patties.html,,
tx3ve5qe,FRESH CORN PATTIES,www.cooks.com/recipe/tx3ve5qe/fresh-corn-patties.html,,
nl06j8gy,EGGPLANT PATTIES,www.cooks.com/recipe/nl06j8gy/eggplant-patties.html,,
660ai1ql,EGGPLANT PATTIES,www.cooks.com/recipe/660ai1ql/eggplant-patties.html,,
pw2dl64l,EGGPLANT PATTIES,www.cooks.com/recipe/pw2dl64l/eggplant-patties.html,,
8t30t7g9,EGGPLANT PATTIES,www.cooks.com/recipe/8t30t7g9/eggplant-patties.html,,
og6611f9,FILLED HAMBURGER PATTIES,www.cooks.com/recipe/og6611f9/filled-hamburger-patties.html,,
le7q438j,FREDA'S SALMON PATTIES,www.cooks.com/recipe/le7q438j/fredas-salmon-patties.html,,
ry2wx16w,GERMAN - STYLE MEAT PATTIES,www.cooks.com/recipe/ry2wx16w/german-style-meat-patties.html,,
i10d29zp,GERMAN BEEF PATTIES,www.cooks.com/recipe/i10d29zp/german-beef-patties.html,,
zd48g9r1,FRIED SQUASH PATTIES,www.cooks.com/recipe/zd48g9r1/fried-squash-patties.html,,
9u4jf3vk,GARBONZO PATTIES,www.cooks.com/recipe/9u4jf3vk/garbonzo-patties.html,,
c43313j,GERMAN BEEF PATTIES,www.cooks.com/recipe/c43313j/german-beef-patties.html,,
fa9f76hf,GAR PATTIES,www.cooks.com/recipe/fa9f76hf/gar-patties.html,,
fn1073wo,FRIED ZUCCHINI PATTIES,www.cooks.com/recipe/fn1073wo/fried-zucchini-patties.html,,
rt2pq5u9,GARBANZO RICE PATTIES,www.cooks.com/recipe/rt2pq5u9/garbanzo-rice-patties.html,,
k546i41p,FRIED SQUASH PATTIES,www.cooks.com/recipe/k546i41p/fried-squash-patties.html,,
vb1nr6nd,FRIED EGGPLANT PATTIES,www.cooks.com/recipe/vb1nr6nd/fried-eggplant-patties.html,,
ep9s36j5,HAM LOAF OR HAM PATTIES,www.cooks.com/recipe/ep9s36j5/ham-loaf-or-ham-patties.html,,
z18p799g,HAM PATTIES,www.cooks.com/recipe/z18p799g/ham-patties.html,,
dy9bg884,HAM PATTIES,www.cooks.com/recipe/dy9bg884/ham-patties.html,,
v55rn3qc,HAM AND YAM PATTIES,www.cooks.com/recipe/v55rn3qc/ham-and-yam-patties.html,,
jn2gs196,HAM PATTIES,www.cooks.com/recipe/jn2gs196/ham-patties.html,,
pl78382a,GRANDMA K'S PEANUT PATTIES,www.cooks.com/recipe/pl78382a/grandma-ks-peanut-patties.html,,
9h4j50fn,HAM PATTIES WITH SWEET POTATOES, PINEAPPLE & BACON,www.cooks.com/recipe/9h4j50fn/ham-patties-with-sweet-potatoes-pineapple-bacon.html,
4q82q45v,GREEN CHILI PATTIES,www.cooks.com/recipe/4q82q45v/green-chili-patties.html,,
h2si7as,GRITS AND CHEESE PATTIES,www.cooks.com/recipe/h2si7as/grits-and-cheese-patties.html,,
gz3as7mw,GROUND ROUND STEAK PATTIES,www.cooks.com/recipe/gz3as7mw/ground-round-steak-patties.html,,
d21qh7zk,JIFFY SALMON PATTIES,www.cooks.com/recipe/d21qh7zk/jiffy-salmon-patties.html,,
b21ib46m,KOREAN BEEF PATTIES,www.cooks.com/recipe/b21ib46m/korean-beef-patties.html,,
7u3my4v1,LAMB PATTIES,www.cooks.com/recipe/7u3my4v1/lamb-patties.html,,
k62mu2d9,ITALIAN EGG PATTIES,www.cooks.com/recipe/k62mu2d9/italian-egg-patties.html,,
mc6j11zu,LEFT OVER SALMON PATTIES,www.cooks.com/recipe/mc6j11zu/left-over-salmon-patties.html,,
fm22n36v,HAWAIIAN PATTIES,www.cooks.com/recipe/fm22n36v/hawaiian-patties.html,,
p002040p,HAMBURGER PATTY STEW,www.cooks.com/recipe/p002040p/hamburger-patty-stew.html,,
p15s53ux,ITALIAN ZUCCHINI PATTIES,www.cooks.com/recipe/p15s53ux/italian-zucchini-patties.html,,
j80g63yf,HERBED BEEF PATTIES,www.cooks.com/recipe/j80g63yf/herbed-beef-patties.html,,
sj6t20gj,JIFFY SALMON PATTIES,www.cooks.com/recipe/sj6t20gj/jiffy-salmon-patties.html,,
od82o9ob,LO - TO - NO CHOLESTEROL PATTIES,www.cooks.com/recipe/od82o9ob/lo-to-no-cholesterol-patties.html,,
t5qu5p8,MACKEREL PATTIES,www.cooks.com/recipe/t5qu5p8/mackerel-patties.html,,
xe1y36zq,LENTIL PATTIES,www.cooks.com/recipe/xe1y36zq/lentil-patties.html,,
775cs9l0,LENTIL PATTIES,www.cooks.com/recipe/775cs9l0/lentil-patties.html,,
fx77q42d,LENTIL PATTIES,www.cooks.com/recipe/fx77q42d/lentil-patties.html,,
r01y52wq,LIVER PATTIES,www.cooks.com/recipe/r01y52wq/liver-patties.html,,
gh5n79is,MAMA'S GEFILTE FISH PATTIES,www.cooks.com/recipe/gh5n79is/mamas-gefilte-fish-patties.html,,
kv21g2n3,LIVER AND ONION PATTIES,www.cooks.com/recipe/kv21g2n3/liver-and-onion-patties.html,,
g75a99pz,LIVER AND ONION PATTIES,www.cooks.com/recipe/g75a99pz/liver-and-onion-patties.html,,
j26qq7wa,LIVER PATTIES,www.cooks.com/recipe/j26qq7wa/liver-patties.html,,
pq4to64s,MELBA'S ITALIAN RICE PATTIES,www.cooks.com/recipe/pq4to64s/melbas-italian-rice-patties.html,,
857cd2pf,MARGIE'S TURKEY PATTIES,www.cooks.com/recipe/857cd2pf/margies-turkey-patties.html,,
o32mj6q2,MEATLOAF PATTIES,www.cooks.com/recipe/o32mj6q2/meatloaf-patties.html,,
2l2i77sb,MICRO PEANUT PATTIES,www.cooks.com/recipe/2l2i77sb/micro-peanut-patties.html,,
7z0fl1v6,MEATLOAF OR PATTIES,www.cooks.com/recipe/7z0fl1v6/meatloaf-or-patties.html,,
j76r77aj,MEAT & POTATO PATTIES,www.cooks.com/recipe/j76r77aj/meat-potato-patties.html,,
hr9du9o4,MEAT PATTIES AND MUSHROOM GRAVY,www.cooks.com/recipe/hr9du9o4/meat-patties-and-mushroom-gravy.html,,
hx8j35mp,MEAT PATTIES,www.cooks.com/recipe/hx8j35mp/meat-patties.html,,
hk30o1cv,MEATLESS PATTIES (CASSEROLE),www.cooks.com/recipe/hk30o1cv/meatless-patties-casserole.html,,
h40t1182,MEAT PATTIES IN SWEET SOUR SAUCE,www.cooks.com/recipe/h40t1182/meat-patties-in-sweet-sour-sauce.html,,
zd31l37h,MICROWAVE PEANUT PATTIES,www.cooks.com/recipe/zd31l37h/microwave-peanut-patties.html,,
em39d7f8,MICROWAVE PEANUT PATTIES,www.cooks.com/recipe/em39d7f8/microwave-peanut-patties.html,,
lt1060ke,MINT PATTIES,www.cooks.com/recipe/lt1060ke/mint-patties.html,,
2l2jn7uw,MICROWAVE PEANUT PATTIES,www.cooks.com/recipe/2l2jn7uw/microwave-peanut-patties.html,,
hy48e71c,MICROWAVE PEANUT PATTIES,www.cooks.com/recipe/hy48e71c/microwave-peanut-patties.html,,
6g8yw29b,MINT PATTIES,www.cooks.com/recipe/6g8yw29b/mint-patties.html,,
nm1if8is,MICROWAVE HONEYED HAM PATTIES,www.cooks.com/recipe/nm1if8is/microwave-honeyed-ham-patties.html,,
4n2hz39m,MINT PATTIES,www.cooks.com/recipe/4n2hz39m/mint-patties.html,,
vn0wg4wk,MICROWAVE PEANUT PATTY,www.cooks.com/recipe/vn0wg4wk/microwave-peanut-patty.html,,
vn0qw48n,MICRO PEANUT PATTIES,www.cooks.com/recipe/vn0qw48n/micro-peanut-patties.html,,
p315b6yv,MOCK SALMON PATTIES,www.cooks.com/recipe/p315b6yv/mock-salmon-patties.html,,
lk17n5xx,MOCK SAUSAGE PATTIES,www.cooks.com/recipe/lk17n5xx/mock-sausage-patties.html,,
cl5n96n2,NO COOK MINT PATTIES,www.cooks.com/recipe/cl5n96n2/no-cook-mint-patties.html,,
w20wk49g,MOM'S SALMON PATTIES,www.cooks.com/recipe/w20wk49g/moms-salmon-patties.html,,
k501f9da,MUSHROOM SOUP OATMEAL PATTIES,www.cooks.com/recipe/k501f9da/mushroom-soup-oatmeal-patties.html,,
uz7o17n3,NO COOK MINT PATTIES,www.cooks.com/recipe/uz7o17n3/no-cook-mint-patties.html,,
2e45u193,NO - COOK MINT PATTIES,www.cooks.com/recipe/2e45u193/no-cook-mint-patties.html,,
mz8ty7xd,MUSHROOM BURGER PATTIES,www.cooks.com/recipe/mz8ty7xd/mushroom-burger-patties.html,,
i29449w6,MOM'S SALMON PATTIES,www.cooks.com/recipe/i29449w6/moms-salmon-patties.html,,
g579795s,MYNOCH PATTIES,www.cooks.com/recipe/g579795s/mynoch-patties.html,,
lz75g7fh,OATMEAL MUSHROOM PATTIES,www.cooks.com/recipe/lz75g7fh/oatmeal-mushroom-patties.html,,
yx3ez36h,OATMEAL PATTIES #1,www.cooks.com/recipe/yx3ez36h/oatmeal-patties-1.html,,
5d3ng2vj,OATMEAL MUSHROOM PATTIES,www.cooks.com/recipe/5d3ng2vj/oatmeal-mushroom-patties.html,,
es8bh263,NO-COOK MINT PATTIES,www.cooks.com/recipe/es8bh263/no-cook-mint-patties.html,,
ck9b170y,NO-COOK MINT PATTIES,www.cooks.com/recipe/ck9b170y/no-cook-mint-patties.html,,
3v5726y4,OATMEAL MUSHROOM PATTIES,www.cooks.com/recipe/3v5726y4/oatmeal-mushroom-patties.html,,
fk3379p3,NORTHERN PATTIES,www.cooks.com/recipe/fk3379p3/northern-patties.html,,
oc3un8ip,OATMEAL MUSHROOM PATTIES,www.cooks.com/recipe/oc3un8ip/oatmeal-mushroom-patties.html,,
m92gg4dg,NO COOK MINT PATTIES,www.cooks.com/recipe/m92gg4dg/no-cook-mint-patties.html,,
do17g3ip,NO COOK MINT PATTIES,www.cooks.com/recipe/do17g3ip/no-cook-mint-patties.html,,
yx3t03wr,OKRA PATTIES,www.cooks.com/recipe/yx3t03wr/okra-patties.html,,
3k5uu6gc,OATMEAL PATTIES,www.cooks.com/recipe/3k5uu6gc/oatmeal-patties.html,,
hp0231hw,OATMEAL PATTIES,www.cooks.com/recipe/hp0231hw/oatmeal-patties.html,,
ga7lo9kh,OKRA PATTIES,www.cooks.com/recipe/ga7lo9kh/okra-patties.html,,
wr6p25ku,OATMEAL PATTIES,www.cooks.com/recipe/wr6p25ku/oatmeal-patties.html,,
id41e7za,OKRA PATTIES,www.cooks.com/recipe/id41e7za/okra-patties.html,,
ib9h79lu,OATMEAL PATTIES,www.cooks.com/recipe/ib9h79lu/oatmeal-patties.html,,
sd6sl7il,OKRA PATTIES,www.cooks.com/recipe/sd6sl7il/okra-patties.html,,
ic4sz7mc,OATMEAL PATTIES (No eggs),www.cooks.com/recipe/ic4sz7mc/oatmeal-patties-no-eggs.html,,
yj0tb8az,OATMEAL PATTIES #3,www.cooks.com/recipe/yj0tb8az/oatmeal-patties-3.html,,
wx1en8w0,PARSNIP N'MUSHROOM PATTIES,www.cooks.com/recipe/wx1en8w0/parsnip-nmushroom-patties.html,,
f13at7rm,OKRA PATTIES,www.cooks.com/recipe/f13at7rm/okra-patties.html,,
ib9v998g,OKRA PATTIES,www.cooks.com/recipe/ib9v998g/okra-patties.html,,
no84g90c,OLD FASHIONED SALMON PATTIES,www.cooks.com/recipe/no84g90c/old-fashioned-salmon-patties.html,,
ct1sv7iu,PARSNIP PATTIES,www.cooks.com/recipe/ct1sv7iu/parsnip-patties.html,,
o44ja9h1,OYSTERS IN PATTY SHELLS,www.cooks.com/recipe/o44ja9h1/oysters-in-patty-shells.html,,
iq9yw9o0,ORIENTAL BEEF PATTIES,www.cooks.com/recipe/iq9yw9o0/oriental-beef-patties.html,,
vv8vy6ua,OLD ENGLISH CHEESE PATTIES,www.cooks.com/recipe/vv8vy6ua/old-english-cheese-patties.html,,
yl9zg2qw,PARTY PEPPERMINT PATTIES,www.cooks.com/recipe/yl9zg2qw/party-peppermint-patties.html,,
wo2h76i6,PASTURE PATTIES,www.cooks.com/recipe/wo2h76i6/pasture-patties.html,,
rq3mk5xq,PATTI'S MEATBALL SOUP,www.cooks.com/recipe/rq3mk5xq/pattis-meatball-soup.html,,
rt7373iy,PATTI'S POTATO CASSEROLE,www.cooks.com/recipe/rt7373iy/pattis-potato-casserole.html,,
ei8p827c,PATTI'S CHRISTMAS CAKE,www.cooks.com/recipe/ei8p827c/pattis-christmas-cake.html,,
9x5ie4hw,PATTI'S SCRUMPTIOUS SUMMERTIME DIP,www.cooks.com/recipe/9x5ie4hw/pattis-scrumptious-summertime-dip.html,,
r6y12t2,PATTI'S SAWDUST PIE,www.cooks.com/recipe/r6y12t2/pattis-sawdust-pie.html,,
tg8jz1k2,PATTI'S POPPY SEED CAKE,www.cooks.com/recipe/tg8jz1k2/pattis-poppy-seed-cake.html,,
vw88l6z6,PATTI'S 'ATSA ITALIAN BREAD,www.cooks.com/recipe/vw88l6z6/pattis-atsa-italian-bread.html,,
i14z14zo,PATTI'S BAKED BEANS,www.cooks.com/recipe/i14z14zo/pattis-baked-beans.html,,
w30py6rg,PATTIES WITH GRAVY,www.cooks.com/recipe/w30py6rg/patties-with-gravy.html,,
7z2an8to,PATTI'S BREAKFAST PIZZA,www.cooks.com/recipe/7z2an8to/pattis-breakfast-pizza.html,,
w98wr9vw,PATTY DUKE ASTIN'S DEEP DISH APPLE PIE,www.cooks.com/recipe/w98wr9vw/patty-duke-astins-deep-dish-apple-pie.html,,
ws5sf77j,PATTY K.'S CHICKEN MARSALA,www.cooks.com/recipe/ws5sf77j/patty-k-s-chicken-marsala.html,,
vu06h6bw,PATTY'S PASTA SALAD,www.cooks.com/recipe/vu06h6bw/pattys-pasta-salad.html,,
378yr3zr,PATTY JEFFERS' WHITE CHOCOLATE CAKE,www.cooks.com/recipe/378yr3zr/patty-jeffers-white-chocolate-cake.html,,
d56e09zd,PATTY'S HADDOCK OR FILLET OF SOLE,www.cooks.com/recipe/d56e09zd/pattys-haddock-or-fillet-of-sole.html,,
dt1ne3o1,PATTY'S PASTA AND VEGETABLES,www.cooks.com/recipe/dt1ne3o1/pattys-pasta-and-vegetables.html,,
b27zw5sc,PATTI'S YAMS,www.cooks.com/recipe/b27zw5sc/pattis-yams.html,,
c38el8yf,PATTY'S CHICKEN AND DUMPLINGS,www.cooks.com/recipe/c38el8yf/pattys-chicken-and-dumplings.html,,
a75u11pn,PATTY CAKE,www.cooks.com/recipe/a75u11pn/patty-cake.html,,
k90iy9p9,PATTY'S COLONIAL BREAD,www.cooks.com/recipe/k90iy9p9/pattys-colonial-bread.html,,
lj1fk5ib,PEANUT PATTIES,www.cooks.com/recipe/lj1fk5ib/peanut-patties.html,,
7h7mq4hd,PEANUT BUTTER PATTIES (COOKIES),www.cooks.com/recipe/7h7mq4hd/peanut-butter-patties-cookies.html,,
tl09l2qz,PATTY'S TROUT DELIGHT,www.cooks.com/recipe/tl09l2qz/pattys-trout-delight.html,,
mk6o96a9,PATTY'S PISTACHIO GREEN CAKE,www.cooks.com/recipe/mk6o96a9/pattys-pistachio-green-cake.html,,
gm5d697n,PEANUT PATTIES,www.cooks.com/recipe/gm5d697n/peanut-patties.html,,
bb4up2bo,PEANUT PATTIES,www.cooks.com/recipe/bb4up2bo/peanut-patties.html,,
cc6bj9wa,PEANUT PATTIES (MICROWAVE),www.cooks.com/recipe/cc6bj9wa/peanut-patties-microwave.html,,
f18zs2ej,PEANUT PATTIES,www.cooks.com/recipe/f18zs2ej/peanut-patties.html,,
il49m46v,PEANUT PATTIES,www.cooks.com/recipe/il49m46v/peanut-patties.html,,
ax1ug4e3,PATTY'S SOUR CREAM ENCHILADAS,www.cooks.com/recipe/ax1ug4e3/pattys-sour-cream-enchiladas.html,,
bq0b5019,PEANUT PATTIES,www.cooks.com/recipe/bq0b5019/peanut-patties.html,,
wh6bh53j,PEANUT PATTIES,www.cooks.com/recipe/wh6bh53j/peanut-patties.html,,
2q42f21w,PEANUT PATTIE,www.cooks.com/recipe/2q42f21w/peanut-pattie.html,,
ug0bt3q4,PEANUT PATTIES,www.cooks.com/recipe/ug0bt3q4/peanut-patties.html,,
7v78m26f,PEANUT PATTY,www.cooks.com/recipe/7v78m26f/peanut-patty.html,,
255xf1u0,PEANUT PATTIES,www.cooks.com/recipe/255xf1u0/peanut-patties.html,,
vl1g61fx,PEANUT PATTIES,www.cooks.com/recipe/vl1g61fx/peanut-patties.html,,
qf2c90gr,PEANUT PATTY,www.cooks.com/recipe/qf2c90gr/peanut-patty.html,,
hp3zz4ko,PEANUT PATTIES,www.cooks.com/recipe/hp3zz4ko/peanut-patties.html,,
b74e13bd,PEANUT PATTIES,www.cooks.com/recipe/b74e13bd/peanut-patties.html,,
340w707g,PEPPERMINT PATTIES,www.cooks.com/recipe/340w707g/peppermint-patties.html,,
z49xd2wo,PEPPERMINT PATTIES,www.cooks.com/recipe/z49xd2wo/peppermint-patties.html,,
tq9oi156,PECAN PATTIES,www.cooks.com/recipe/tq9oi156/pecan-patties.html,,
ix6wk7j3,PEPPERMINT PATTY,www.cooks.com/recipe/ix6wk7j3/peppermint-patty.html,,
w85je7gt,PEPPERMINT PATTIES,www.cooks.com/recipe/w85je7gt/peppermint-patties.html,,
mf1l7118,PEPPERMINT PATTIES,www.cooks.com/recipe/mf1l7118/peppermint-patties.html,,
mp1oa1tb,PECAN TOFU PATTIES,www.cooks.com/recipe/mp1oa1tb/pecan-tofu-patties.html,,
8k33i4e1,PEPPERMINT PATTIES,www.cooks.com/recipe/8k33i4e1/peppermint-patties.html,,
181uh4aw,PECAN PATTIES,www.cooks.com/recipe/181uh4aw/pecan-patties.html,,
r51sc2a7,PEPPERMINT PATTIES,www.cooks.com/recipe/r51sc2a7/peppermint-patties.html,,
gt9f26yx,PIZZA PORCUPINE PATTIES,www.cooks.com/recipe/gt9f26yx/pizza-porcupine-patties.html,,
bn4ep30o,PINK SALMON PATTIES,www.cooks.com/recipe/bn4ep30o/pink-salmon-patties.html,,
o6a74x6,POTATO PATTIES,www.cooks.com/recipe/o6a74x6/potato-patties.html,,
hy4kz7na,PIZZA PATTIES,www.cooks.com/recipe/hy4kz7na/pizza-patties.html,,
ki2wq9r2,PIZZA PORCUPINE PATTIES,www.cooks.com/recipe/ki2wq9r2/pizza-porcupine-patties.html,,
wc68v57y,PINK PEANUT PATTIES (Microwave),www.cooks.com/recipe/wc68v57y/pink-peanut-patties-microwave.html,,
v90p165o,POTATO - ALMOND PATTIES,www.cooks.com/recipe/v90p165o/potato-almond-patties.html,,
i01xu227,PORK AND RICE PATTIES,www.cooks.com/recipe/i01xu227/pork-and-rice-patties.html,,
lr61l0zk,POTATO PATTIES,www.cooks.com/recipe/lr61l0zk/potato-patties.html,,
iq9tn5pl,PORK PATTIES (LABDAPECSSENYE),www.cooks.com/recipe/iq9tn5pl/pork-patties-labdapecssenye.html,,
c06pa2bn,POTLUCK PATTIES,www.cooks.com/recipe/c06pa2bn/potluck-patties.html,,
112ou7bs,QUAIL PATTI,www.cooks.com/recipe/112ou7bs/quail-patti.html,,
4n9jf8l7,POTATO PATTIES,www.cooks.com/recipe/4n9jf8l7/potato-patties.html,,
xl6kw1ze,POTATO PATTIES,www.cooks.com/recipe/xl6kw1ze/potato-patties.html,,
747z0m4,POTATO PATTIES,www.cooks.com/recipe/747z0m4/potato-patties.html,,
zf6uv3d3,POTATO PATTIES,www.cooks.com/recipe/zf6uv3d3/potato-patties.html,,
ga5we8u8,POTATO PATTIES,www.cooks.com/recipe/ga5we8u8/potato-patties.html,,
pq8ly96j,HAM AND POTATO PATTIES,www.cooks.com/recipe/pq8ly96j/ham-and-potato-patties.html,,
om4hq863,QUEBEC VENISON PATTIES,www.cooks.com/recipe/om4hq863/quebec-venison-patties.html,,
y88wq69w,POULTRY SAUSAGE PATTIES,www.cooks.com/recipe/y88wq69w/poultry-sausage-patties.html,,
848gy2q4,QUICK AND EASY SALMON PATTIES,www.cooks.com/recipe/848gy2q4/quick-and-easy-salmon-patties.html,,
dv8kd45q,QUICK & EASY SALMON PATTIES,www.cooks.com/recipe/dv8kd45q/quick-easy-salmon-patties.html,,
5s9th0xu,QUICK 'N EASY SALMON PATTIES,www.cooks.com/recipe/5s9th0xu/quick-n-easy-salmon-patties.html,,
1g9n07d1,QUICK AND EASY SALMON PATTIES,www.cooks.com/recipe/1g9n07d1/quick-and-easy-salmon-patties.html,,
om2f54i8,QUICK CRAB PATTIES ON SHELLS,www.cooks.com/recipe/om2f54i8/quick-crab-patties-on-shells.html,,
a31rs9dz,QUICK AND EASY SALMON PATTIES,www.cooks.com/recipe/a31rs9dz/quick-and-easy-salmon-patties.html,,
7f2w8321,QUICK AND EASY SALMON PATTIES,www.cooks.com/recipe/7f2w8321/quick-and-easy-salmon-patties.html,,
xx1pl1eh,QUICK N EASY SALMON PATTIES,www.cooks.com/recipe/xx1pl1eh/quick-n-easy-salmon-patties.html,,
1245i2ib,QUICK AND EASY SALMON PATTIES,www.cooks.com/recipe/1245i2ib/quick-and-easy-salmon-patties.html,,
qo9wf1r1,QUICK AND EASY SALMON PATTIES I,www.cooks.com/recipe/qo9wf1r1/quick-and-easy-salmon-patties-i.html,,
9e01t089,QUICK 'N EASY SALMON PATTIES,www.cooks.com/recipe/9e01t089/quick-n-easy-salmon-patties.html,,
pv2gm6ex,QUICK-N EASY SALMON PATTIES,www.cooks.com/recipe/pv2gm6ex/quick-n-easy-salmon-patties.html,,
og2am4eb,QUICK-N-EASY SALMON PATTIES,www.cooks.com/recipe/og2am4eb/quick-n-easy-salmon-patties.html,,
qw84m0k0,QUICK-N-EASY SALMON PATTIES,www.cooks.com/recipe/qw84m0k0/quick-n-easy-salmon-patties.html,,
9q8p18hc,QUICK'N EASY SALMON PATTIES,www.cooks.com/recipe/9q8p18hc/quickn-easy-salmon-patties.html,,
kx1vo2fe,QUICK 'N EASY SALMON PATTIES,www.cooks.com/recipe/kx1vo2fe/quick-n-easy-salmon-patties.html,,
rr1pe02m,QUICK SALMON PATTIES,www.cooks.com/recipe/rr1pe02m/quick-salmon-patties.html,,
wl3ff3rw,QUICK 'N' EASY SALMON PATTIES,www.cooks.com/recipe/wl3ff3rw/quick-n-easy-salmon-patties.html,,
ur6gj7ai,QUICK `N EASY SALMON PATTIES,www.cooks.com/recipe/ur6gj7ai/quick-n-easy-salmon-patties.html,,
ei3hf4oc,QUICK 'N EASY SALMON PATTIES,www.cooks.com/recipe/ei3hf4oc/quick-n-easy-salmon-patties.html,,
1t5tn21c,SALMON LOAF OR PATTIES,www.cooks.com/recipe/1t5tn21c/salmon-loaf-or-patties.html,,
en77e6j8,RICE PATTIES,www.cooks.com/recipe/en77e6j8/rice-patties.html,,
7f2oh3yj,RICE PATTIES,www.cooks.com/recipe/7f2oh3yj/rice-patties.html,,
k49pp382,RED - BEAN PATTIES,www.cooks.com/recipe/k49pp382/red-bean-patties.html,,
qw28p960,SALMON OR TUNA PATTIES,www.cooks.com/recipe/qw28p960/salmon-or-tuna-patties.html,,
122pd761,REUBEN PATTY MELT,www.cooks.com/recipe/122pd761/reuben-patty-melt.html,,
dd3r7052,SALMON LOAF OR PATTIES,www.cooks.com/recipe/dd3r7052/salmon-loaf-or-patties.html,,
i39451h9,RICOTTA AND RICE PATTIES,www.cooks.com/recipe/i39451h9/ricotta-and-rice-patties.html,,
ef70n49w,SALMON AND CORN PATTIES,www.cooks.com/recipe/ef70n49w/salmon-and-corn-patties.html,,
1x18q945,SALMON CHIP PATTIES,www.cooks.com/recipe/1x18q945/salmon-chip-patties.html,,