"Respondent","[QUESTION_TYPE: Demographic]
[MODALITY: Age]
What is your age?","[QUESTION_TYPE: Demographic]
[MODALITY: Dietary Preference]
What is your dietary preference?","[QUESTION_TYPE: Demographic]
[MODALITY: Burger Consumption Frequency]
How often do you eat burgers of any kind?","[QUESTION_TYPE: Demographic]
[MODALITY: Education]
What is the highest degree or level of education you have completed?","[QUESTION_TYPE: Demographic]
[MODALITY: Priorities]
What matters most to you when deciding what to eat?","[QUESTION_TYPE: Demographic]
[MODALITY: Grocery Store Habits]
Where do you shop regularly for groceries?","[QUESTION_TYPE: Demographic]
[MODALITY: Gender]
Which gender do you identify as?","[RELATED_PRODUCT: Delicious Burger #2]
[QUESTION_TYPE: Intensity]
[MODALITY: Softness]
How soft is the patty in burger 923?","[RELATED_PRODUCT: Delicious Burger #2]
[QUESTION_TYPE: Intensity]
[MODALITY: Hardness]
How hard is the patty in burger 923?","[RELATED_PRODUCT: Delicious Burger #1]
[QUESTION_TYPE: Intensity]
[MODALITY: Softness]
How soft is the patty in burger 413?","[RELATED_PRODUCT: Delicious Burger #1]
[QUESTION_TYPE: Intensity]
[MODALITY: Hardness]
How hard is the patty in burger 413?","[RELATED_PRODUCT: Delicious Burger #1]
[QUESTION_TYPE: Intensity]
[MODALITY: Fattiness]
How fatty is the patty in burger 413?","[RELATED_PRODUCT: Big Mac]
[QUESTION_TYPE: Intensity]
[MODALITY: Softness]
How soft is the patty in burger 334?","[RELATED_PRODUCT: Sustainable Burger #1]
[QUESTION_TYPE: Likert]
[MODALITY: Overall Liking]
How would you rate your overall liking of burger 674?","[RELATED_PRODUCT: Delicious Burger #2]
[QUESTION_TYPE: Likert]
[MODALITY: Overall Liking]
How would you rate your overall liking of burger 923?","[RELATED_PRODUCT: Delicious Burger #2]
[QUESTION_TYPE: Qualitative]
[MODALITY: Likes]
What did you like if anything about burger 923?","[RELATED_PRODUCT: Delicious Burger #2]
[QUESTION_TYPE: Qualitative]
[MODALITY: Dislikes]
What did you dislike if anything about burger 923?","[RELATED_PRODUCT: Delicious Burger #1]
[QUESTION_TYPE: Likert]
[MODALITY: Flavor]
How would you rate the flavor of burger 413?","[RELATED_PRODUCT: Delicious Burger #1]
[QUESTION_TYPE: Intensity]
[MODALITY: Meatiness]
How meaty is the patty in burger 413?","[RELATED_PRODUCT: Big Mac]
[QUESTION_TYPE: Intensity]
[MODALITY: Hardness]
How hard is the patty in burger 334?","[RELATED_PRODUCT: Nutritious Burger]
[QUESTION_TYPE: Qualitative]
[MODALITY: Likes]
What did you like if anything about burger 491?","[RELATED_PRODUCT: Delicious Burger #1]
[QUESTION_TYPE: CATA]
[MODALITY: Flavor]
Please check all the words or phrases that describe the flavor of burger 413?","[RELATED_PRODUCT: Sustainable Burger #1]
[QUESTION_TYPE: Qualitative]
[MODALITY: Dislikes]
What did you dislike if anything about burger 674?","[RELATED_PRODUCT: Big Mac]
[QUESTION_TYPE: Intensity]
[MODALITY: Fattiness]
How fatty is the patty in burger 334?","[RELATED_PRODUCT: Nutritious Burger]
[QUESTION_TYPE: Intensity]
[MODALITY: Softness]
How soft is the patty in burger 491?","[RELATED_PRODUCT: Sustainable Burger #2]
[QUESTION_TYPE: CATA]
[MODALITY: Flavor]
Please check all the words or phrases that describe the flavor of burger 257?","[RELATED_PRODUCT: Sustainable Burger #2]
[QUESTION_TYPE: Intensity]
[MODALITY: Softness]
How soft is the patty in burger 257?","[RELATED_PRODUCT: Sustainable Burger #2]
[QUESTION_TYPE: Intensity]
[MODALITY: Hardness]
How hard is the patty in burger 257?","[RELATED_PRODUCT: Sustainable Burger #2]
[QUESTION_TYPE: Intensity]
[MODALITY: Fibrosity]
How fibrous is the patty in burger 257?","[RELATED_PRODUCT: Delicious Burger #2]
[QUESTION_TYPE: Intensity]
[MODALITY: Fattiness]
How fatty is the patty in burger 923?","[RELATED_PRODUCT: Delicious Burger #1]
[QUESTION_TYPE: CATA]
[MODALITY: Texture]
Please check all the words or phrases that describe the texture of burger 413?","[RELATED_PRODUCT: Big Mac]
[QUESTION_TYPE: Qualitative]
[MODALITY: Likes]
What did you like if anything about burger 334?","[RELATED_PRODUCT: Big Mac]
[QUESTION_TYPE: Likert]
[MODALITY: Texture]
How would you rate the texture of burger 334?","[RELATED_PRODUCT: Nutritious Burger]
[QUESTION_TYPE: Qualitative]
[MODALITY: Dislikes]
What did you dislike if anything about burger 491?","[RELATED_PRODUCT: Nutritious Burger]
[QUESTION_TYPE: Intensity]
[MODALITY: Hardness]
How hard is the patty in burger 491?","[RELATED_PRODUCT: Sustainable Burger #2]
[QUESTION_TYPE: Likert]
[MODALITY: Overall Liking]
How would you rate your overall liking of burger 257?","[RELATED_PRODUCT: Sustainable Burger #1]
[QUESTION_TYPE: Qualitative]
[MODALITY: Likes]
What did you like if anything about burger 674?","[RELATED_PRODUCT: Sustainable Burger #2]
[QUESTION_TYPE: Qualitative]
[MODALITY: Likes]
What did you like if anything about burger 257?","[RELATED_PRODUCT: Sustainable Burger #2]
[QUESTION_TYPE: Qualitative]
[MODALITY: Dislikes]
What did you dislike if anything about burger 257?","[RELATED_PRODUCT: Sustainable Burger #2]
[QUESTION_TYPE: CATA]
[MODALITY: Texture]
Please check all the words or phrases that describe the texture of burger 257?","[RELATED_PRODUCT: Delicious Burger #1]
[QUESTION_TYPE: Intensity]
[MODALITY: Fibrosity]
How fibrous is the patty in burger 413?","[RELATED_PRODUCT: Big Mac]
[QUESTION_TYPE: Likert]
[MODALITY: Overall Liking]
How would you rate your overall liking of burger 334?","[RELATED_PRODUCT: Big Mac]
[QUESTION_TYPE: Qualitative]
[MODALITY: Dislikes]
What did you dislike if anything about burger 334?","[RELATED_PRODUCT: Big Mac]
[QUESTION_TYPE: Likert]
[MODALITY: Flavor]
How would you rate the flavor of burger 334?","[RELATED_PRODUCT: Big Mac]
[QUESTION_TYPE: CATA]
[MODALITY: Flavor]
Please check all the words or phrases that describe the flavor of burger 334?","[RELATED_PRODUCT: Big Mac]
[QUESTION_TYPE: CATA]
[MODALITY: Texture]
Please check all the words or phrases that describe the texture of burger 334?","[RELATED_PRODUCT: Big Mac]
[QUESTION_TYPE: Intensity]
[MODALITY: Meatiness]
How meaty is the patty in burger 334?","[RELATED_PRODUCT: Big Mac]
[QUESTION_TYPE: Intensity]
[MODALITY: Fibrosity]
How fibrous is the patty in burger 334?","[RELATED_PRODUCT: Nutritious Burger]
[QUESTION_TYPE: Likert]
[MODALITY: Overall Liking]
How would you rate your overall liking of burger 491?","[RELATED_PRODUCT: Nutritious Burger]
[QUESTION_TYPE: Likert]
[MODALITY: Flavor]
How would you rate the flavor of burger 491?","[RELATED_PRODUCT: Nutritious Burger]
[QUESTION_TYPE: CATA]
[MODALITY: Flavor]
Please check all the words or phrases that describe the flavor of burger 491?","[RELATED_PRODUCT: Nutritious Burger]
[QUESTION_TYPE: Likert]
[MODALITY: Texture]
How would you rate the texture of burger 491?","[RELATED_PRODUCT: Nutritious Burger]
[QUESTION_TYPE: CATA]
[MODALITY: Texture]
Please check all the words or phrases that describe the texture of burger 491?","[RELATED_PRODUCT: Nutritious Burger]
[QUESTION_TYPE: Intensity]
[MODALITY: Fattiness]
How fatty is the patty in burger 491?","[RELATED_PRODUCT: Nutritious Burger]
[QUESTION_TYPE: Intensity]
[MODALITY: Meatiness]
How meaty is the patty in burger 491?","[RELATED_PRODUCT: Nutritious Burger]
[QUESTION_TYPE: Intensity]
[MODALITY: Fibrosity]
How fibrous is the patty in burger 491?","[RELATED_PRODUCT: Sustainable Burger #2]
[QUESTION_TYPE: Likert]
[MODALITY: Flavor]
How would you rate the flavor of burger 257?","[RELATED_PRODUCT: Sustainable Burger #2]
[QUESTION_TYPE: Likert]
[MODALITY: Texture]
How would you rate the texture of burger 257?","[RELATED_PRODUCT: Sustainable Burger #2]
[QUESTION_TYPE: Intensity]
[MODALITY: Fattiness]
How fatty is the patty in burger 257?","[RELATED_PRODUCT: Sustainable Burger #2]
[QUESTION_TYPE: Intensity]
[MODALITY: Meatiness]
How meaty is the patty in burger 257?","[RELATED_PRODUCT: Sustainable Burger #1]
[QUESTION_TYPE: Likert]
[MODALITY: Flavor]
How would you rate the flavor of burger 674?","[RELATED_PRODUCT: Sustainable Burger #1]
[QUESTION_TYPE: CATA]
[MODALITY: Flavor]
Please check all the words or phrases that describe the flavor of burger 674?","[RELATED_PRODUCT: Sustainable Burger #1]
[QUESTION_TYPE: Likert]
[MODALITY: Texture]
How would you rate the texture of burger 674?","[RELATED_PRODUCT: Sustainable Burger #1]
[QUESTION_TYPE: CATA]
[MODALITY: Texture]
Please check all the words or phrases that describe the texture of burger 674?","[RELATED_PRODUCT: Sustainable Burger #1]
[QUESTION_TYPE: Intensity]
[MODALITY: Softness]
How soft is the patty in burger 674?","[RELATED_PRODUCT: Sustainable Burger #1]
[QUESTION_TYPE: Intensity]
[MODALITY: Hardness]
How hard is the patty in burger 674?","[RELATED_PRODUCT: Sustainable Burger #1]
[QUESTION_TYPE: Intensity]
[MODALITY: Fattiness]
How fatty is the patty in burger 674?","[RELATED_PRODUCT: Sustainable Burger #1]
[QUESTION_TYPE: Intensity]
[MODALITY: Meatiness]
How meaty is the patty in burger 674?","[RELATED_PRODUCT: Sustainable Burger #1]
[QUESTION_TYPE: Intensity]
[MODALITY: Fibrosity]
How fibrous is the patty in burger 674?","[RELATED_PRODUCT: Delicious Burger #2]
[QUESTION_TYPE: Likert]
[MODALITY: Flavor]
How would you rate the flavor of burger 923?","[RELATED_PRODUCT: Delicious Burger #2]
[QUESTION_TYPE: CATA]
[MODALITY: Flavor]
Please check all the words or phrases that describe the flavor of burger 923?","[RELATED_PRODUCT: Delicious Burger #2]
[QUESTION_TYPE: Likert]
[MODALITY: Texture]
How would you rate the texture of burger 923?","[RELATED_PRODUCT: Delicious Burger #2]
[QUESTION_TYPE: CATA]
[MODALITY: Texture]
Please check all the words or phrases that describe the texture of burger 923?","[RELATED_PRODUCT: Delicious Burger #2]
[QUESTION_TYPE: Intensity]
[MODALITY: Meatiness]
How meaty is the patty in burger 923?","[RELATED_PRODUCT: Delicious Burger #2]
[QUESTION_TYPE: Intensity]
[MODALITY: Fibrosity]
How fibrous is the patty in burger 923?","[RELATED_PRODUCT: Delicious Burger #1]
[QUESTION_TYPE: Likert]
[MODALITY: Overall Liking]
How would you rate your overall liking of burger 413?","[RELATED_PRODUCT: Delicious Burger #1]
[QUESTION_TYPE: Qualitative]
[MODALITY: Likes]
What did you like if anything about burger 413?","[RELATED_PRODUCT: Delicious Burger #1]
[QUESTION_TYPE: Qualitative]
[MODALITY: Dislikes]
What did you dislike if anything about burger 413?","[RELATED_PRODUCT: Delicious Burger #1]
[QUESTION_TYPE: Likert]
[MODALITY: Texture]
How would you rate the texture of burger 413?"
"14152646703","46-55","Omnivore (i.e., eats meat regularly)","Once a week","Some College","Taste, Convenience, Environment, Health, Price","*Conventional Grocers* (ex: Stop & Shop, Safeway), *Discount Grocers* (ex: Trader Joe's, Lidl, Aldi), *Bulk Grocers* (ex: Costco, Sam's Club)","Male","Moderately soft","Slightly hard","Slightly soft","Not at all hard","Slightly fatty","Moderately soft","Dislike somewhat","Like","Flavor, smoky","The tomato","Like very much","Very meaty","Moderately hard","Charbroiled flavor","Smoky, Good aftertaste, Savory, Salty, Meaty","The taste the consistency the arugula","Moderately fatty","Very soft","Meaty, Salty, Savory, Good aftertaste, Smoky, Fatty","Slightly soft","Moderately hard","Not at all fibrous","Moderately fatty","Holds together, Moist, Chewy","The sauce , the consistency, the flavor","Like very much","Dry, crumbly","Not at all hard","Like","I didn’t like anything","Meaty juicy","I didn’t dislike anything","Moist, Fatty","Not at all fibrous","Like","A little to moist","Like very much","Savory, Good aftertaste, Fatty, Salty","Fatty","Very meaty","Moderately fibrous","Like somewhat","Like somewhat","Smoky","Neither like nor dislike","Crumbly / Grainy, Dry","Not at all fatty","Slightly meaty","Moderately fibrous","Like very much","Like very much","Slightly fatty","Very meaty","Dislike","Off-flavor, Strong, Earthy / Soil, Weird aftertaste, Fatty","Dislike","Soft / Mushy, Fatty, Moist, Crumbly / Grainy, Springy","Extremely soft","Not at all hard","Moderately fatty","Not at all meaty","Moderately fibrous","Like","Meaty, Smoky, Savory, Good aftertaste","Like very much","Chewy, Holds together, Moist","Moderately meaty","Not at all fibrous","Like very much","Meaty Smokey juicy firm but not hard the sauce","The tomato","Like very much"
"14152405191","Greater than 55","Omnivore (i.e., eats meat regularly)","2-3 times a week","Bachelor's Degree","Taste, Health, Price","*Discount Grocers* (ex: Trader Joe's, Lidl, Aldi), *Conventional Grocers* (ex: Stop & Shop, Safeway)","Male","Very soft","Not at all hard","Moderately soft","Moderately hard","Moderately fatty","Not at all soft","Like","Like","Beefy taste , well done","Nothing","Like very much","Moderately meaty","Very hard","Did not like. Tasted funny","Strong, Meaty, Savory, Good aftertaste","It fell apart and I had to use toothpick","Slightly fatty","Moderately soft","Strong, Smoky, Good aftertaste","Very soft","Not at all hard","Moderately fibrous","Moderately fatty","Crumbly / Grainy, Brittle, Firm / Hard","Tasted like a small Big Mac, a good cheeseburger","Like somewhat","Had a beany taste , no meat taste","Not at all hard","Like very much","Tasted like portobello mushrooms which I like. Good seasoning","Good beefy taste and Smokey flavor","Nothing","Crumbly / Grainy, Moist","Slightly fibrous","Like somewhat","Small patty and not a strong beef taste","Like","Sweet, Bland, Salty","Sticky, Soft / Mushy, Moist","Not at all meaty","Moderately fibrous","Dislike somewhat","Dislike","Earthy / Soil, Bland, Off-flavor, Weird aftertaste","Dislike","Soft / Mushy, Crumbly / Grainy, Dry, Brittle","Not at all fatty","Not at all meaty","Slightly fibrous","Like very much","Like","Slightly fatty","Moderately meaty","Like","Earthy / Soil, Savory, Meaty, Good aftertaste","Like somewhat","Soft / Mushy, Moist, Chewy","Slightly soft","Moderately hard","Not at all fatty","Very meaty","Slightly fibrous","Like","Strong, Fatty, Smoky, Savory, Salty, Meaty, Good aftertaste","Like","Dry, Holds together, Firm / Hard, Crispy / Crunchy","Very meaty","Very fibrous","Like very much","Very beefy taste and had the lettuce and tomatoes","Onions overpowered everything else otherwise it was very good","Like"
"19174266661","26-35","Omnivore (i.e., eats meat regularly)","Everyday","Bachelor's Degree","Price, Taste","*Conventional Grocers* (ex: Stop & Shop, Safeway), *Directly from the brand/manufacturer's website*, *Big Box Retailers* (ex: Target, Walmart)","Male","Slightly soft","Slightly hard","Moderately soft","Not at all hard","Moderately fatty","Moderately soft","Dislike","Like very much","Smoky char","None","Like","Extremely meaty","Not at all hard","Holds well","Savory, Fatty, Meaty","Mushrooms","Slightly fatty","Moderately soft","Meaty","Moderately soft","Slightly hard","Slightly fibrous","Moderately fatty","Chewy, Springy","Meaty","Neither like nor dislike","Beans","Not at all hard","Like somewhat","Not burger like at all","Meaty","No smokiness","Holds together, Fatty, Chewy","Very fibrous","Dislike somewhat","Mayo dry meat","Dislike somewhat","Meaty","Dry","Very meaty","Moderately fibrous","Dislike very much","Neither like nor dislike","Bland","Dislike","Soft / Mushy","Not at all fatty","Not at all meaty","Not at all fibrous","Like somewhat","Like somewhat","Moderately fatty","Slightly meaty","Dislike","Earthy / Soil","Dislike","Gummy","Very soft","Not at all hard","Not at all fatty","Not at all meaty","Not at all fibrous","Like very much","Meaty, Good aftertaste, Savory","Like","Crumbly / Grainy","Extremely meaty","Slightly fibrous","Like","Tastes like meat","Chewy","Dislike somewhat"
"16234440466","26-35","Omnivore (i.e., eats meat regularly)","Once every 1-2 months","Ph.D. or higher","Environment, Taste, Health, Price","*Bulk Grocers* (ex: Costco, Sam's Club), *Conventional Grocers* (ex: Stop & Shop, Safeway)","Male","Moderately soft","Moderately hard","Slightly soft","Slightly hard","Moderately fatty","Moderately soft","Like","Like","The flavor is really good and it looks like meat","The texture is a little weird and very fatty","Like very much","Extremely meaty","Moderately hard","The burger holds together okay and jalapeño is nice","Good aftertaste, Savory, Meaty, Salty, Sweet, Fatty","There is a little bitterness and it’s a little mushy","Slightly fatty","Moderately soft","Good aftertaste, Sweet, Savory, Salty, Fatty, Meaty, Smoky","Moderately soft","Moderately hard","Not at all fibrous","Very fatty","Moist, Fatty, Holds together, Crispy / Crunchy","I like the sesame seeds, cheese, and double patty","Like somewhat","The burger is pretty bland and dry","Moderately hard","Like very much","I like the mushroom flavor with rosemary and heart flavor. Texture is also interesting and enjoyable","This is really good. I like the combination and the patty is good.","I might prefer a thicker patty and some more fixings but this is good","Crispy / Crunchy, Fatty, Moist, Holds together","Not at all fibrous","Like somewhat","I don’t like the patty’s flavor or dryness","Like somewhat","Off-flavor, Weird aftertaste, Meaty","Gummy, Dry","Very meaty","Slightly fibrous","Dislike somewhat","Dislike somewhat","Bland","Dislike somewhat","Holds together, Dry, Soft / Mushy","Slightly fatty","Slightly meaty","Moderately fibrous","Like very much","Like very much","Moderately fatty","Extremely meaty","Like","Meaty, Salty, Savory, Good aftertaste, Smoky, Earthy / Soil","Like somewhat","Moist, Soft / Mushy, Chewy, Springy","Very soft","Moderately hard","Moderately fatty","Moderately meaty","Very fibrous","Like","Earthy / Soil, Meaty, Fatty, Sweet, Savory, Smoky","Like somewhat","Fatty, Holds together, Firm / Hard, Moist, Crispy / Crunchy, Springy","Very meaty","Slightly fibrous","Like very much","Good party and enjoyed lettuce, tomato, pickles and onions","It’s a little plain and could have more going on","Like very much"
"16502711280","36-45","Omnivore (i.e., eats meat regularly)","2-3 times a week","Some College","Taste","*Discount Grocers* (ex: Trader Joe's, Lidl, Aldi), *Conventional Grocers* (ex: Stop & Shop, Safeway), *Natural Grocers* (ex: Whole Foods)","Female","Moderately soft","Not at all hard","Not at all soft","Not at all hard","Not at all fatty","Slightly soft","Like very much","Like somewhat","The patty tastes really good","Do not like the tomato","Like","Moderately meaty","Not at all hard","Surprise factor of patty","Good aftertaste, Fatty","Nothing very delicious","Not at all fatty","Slightly soft","Savory, Smoky","Moderately soft","Not at all hard","Not at all fibrous","Not at all fatty","Soft / Mushy","Not much","Dislike","Not quite sure","Not at all hard","Like","Really great taste","Tastes fresh and not soggy","N/A","Holds together","Not at all fibrous","Dislike very much","Everything","Dislike very much","Bland, Off-flavor","Gummy","Slightly meaty","Moderately fibrous","Like somewhat","Like somewhat","Earthy / Soil, Smoky","Neither like nor dislike","Crumbly / Grainy","Not at all fatty","Not at all meaty","Extremely fibrous","Like somewhat","Like somewhat","Not at all fatty","Moderately meaty","Like very much","Smoky","Neither like nor dislike","Crispy / Crunchy, Springy","Slightly soft","Not at all hard","Not at all fatty","Not at all meaty","Slightly fibrous","Like very much","Good aftertaste, Smoky","Like very much","Holds together, Fibrous / Stringy","Very meaty","Slightly fibrous","Neither like nor dislike","Just the patty","Everything but the patty","Dislike somewhat"
"14154207681","Greater than 55","Flexitarian (i.e., eats meat occasionally)","2-3 times a month","Bachelor's Degree","Taste, Price, Health, Familiarity (what I'm used to), Animal Welfare","*Grocery Delivery Services* (ex: Instacart, Amazon Fresh), *Big Box Retailers* (ex: Target, Walmart), *Conventional Grocers* (ex: Stop & Shop, Safeway)","Male","Not at all soft","Very hard","Not at all soft","Not at all hard","Not at all fatty","Moderately soft","Dislike very much","Dislike","Bad taste, fell apart","See prev answer","Dislike very much","Not at all meaty","Not at all hard","Not much","Weird aftertaste","Wouldn't eat it. Looked foul.","Slightly fatty","Moderately soft","Meaty, Smoky, Salty, Sweet","Moderately soft","Slightly hard","Not at all fibrous","Not at all fatty","Springy","It's a Big Mac","Neither like nor dislike","Weird aftertaste. Chalky","Not at all hard","Like","Nothing. Wouldn't eat it.","Bacon. Spices","Bun is a little soggy","Moist, Holds together, Soft / Mushy","Not at all fibrous","Like very much","Nothing","Like very much","Salty, Savory, Good aftertaste, Meaty, Fatty","Soft / Mushy, Moist","Very meaty","Not at all fibrous","Dislike","Dislike","Weird aftertaste, Earthy / Soil, Off-flavor","Dislike somewhat","Chewy, Gummy, Moist","Not at all fatty","Slightly meaty","Not at all fibrous","Like","Like","Not at all fatty","Moderately meaty","Dislike very much","Salty","Dislike very much","Gummy","Not at all soft","Not at all hard","Not at all fatty","Not at all meaty","Not at all fibrous","Dislike","Bland, Weird aftertaste","Dislike somewhat","Gummy","Slightly meaty","Not at all fibrous","Dislike very much","Didn't eat it. Looks like underdone beef","Too pink. Looks gross","Dislike very much"
"13236409711","18-25","Flexitarian (i.e., eats meat occasionally)","Once a week","Bachelor's Degree","Taste","*Conventional Grocers* (ex: Stop & Shop, Safeway)","Male","Very soft","Moderately hard","Moderately soft","Moderately hard","Very fatty","Moderately soft","Like somewhat","Like very much","Strong cheesy taste, juicy patty","Nothing much, better sauce ?","Like very much","Slightly meaty","Moderately hard","Horrible flavor, texture, v dry","Savory, Smoky, Good aftertaste, Fatty","Nothing in particular, mushroom could have been grilled better","Slightly fatty","Moderately soft","Earthy / Soil, Savory, Smoky","Very soft","Moderately hard","Slightly fibrous","Moderately fatty","Tough, Fatty","Good sauce, fits all together well from a flavor profile standpoint","Like very much","Dry tasteless dog food","Slightly hard","Like very much","Savory and good texture","Nice bacon and bbq sauce action","Nothing in particular","Dry","Not at all fibrous","Like very much","Nothing much","Like somewhat","Meaty","Holds together","Slightly meaty","Slightly fibrous","Dislike very much","Dislike very much","Bland, Off-flavor","Dislike","Soft / Mushy","Not at all fatty","Not at all meaty","Extremely fibrous","Like very much","Like very much","Moderately fatty","Moderately meaty","Like","Meaty","Like somewhat","Chewy, Gummy","Moderately soft","Moderately hard","Very fatty","Slightly meaty","Moderately fibrous","Like very much","Salty, Fatty","Like somewhat","Firm / Hard, Springy","Extremely meaty","Not at all fibrous","Like","Classic old fashioned burger","Nothing","Like"
"19257261130","18-25","Omnivore (i.e., eats meat regularly)","Once a week","Some College","Price","*Natural Grocers* (ex: Whole Foods)","Male","Moderately soft","Not at all hard","Extremely soft","Not at all hard","Very fatty","Slightly soft","Like very much","Like","i liked that the burger was cooked perfectly","the buns were slightly too soft","Like somewhat","Very meaty","Not at all hard","taste was okay","Sweet, Meaty, Fatty","n/a","Slightly fatty","Slightly soft","Meaty, Savory, Good aftertaste, Salty","Extremely soft","Not at all hard","Slightly fibrous","Slightly fatty","Soft / Mushy, Fatty, Moist","sause was very good","Neither like nor dislike","undercooked","Moderately hard","Like very much","very flavorful","burger has a perfect taste and texture very flavorful","slightly to much salt and pepper","Fatty","Not at all fibrous","Like somewhat","buns were way to toasted","Like somewhat","Meaty, Strong","Firm / Hard, Crispy / Crunchy, Tough, Dry","Slightly meaty","Slightly fibrous","Neither like nor dislike","Like very much","Off-flavor","Neither like nor dislike","Dry, Crumbly / Grainy","Very fatty","Slightly meaty","Not at all fibrous","Like very much","Like very much","Slightly fatty","Very meaty","Like very much","Earthy / Soil, Good aftertaste, Savory","Like very much","Chewy, Crispy / Crunchy, Moist","Extremely soft","Slightly hard","Moderately fatty","Not at all meaty","Moderately fibrous","Like very much","Savory","Like very much","Soft / Mushy","Moderately meaty","Moderately fibrous","Like somewhat","slightly undercooked (in my opinion)","the tomato was slightly cut to big and the buns were slightly moist","Like somewhat"
"15104229785","18-25","Omnivore (i.e., eats meat regularly)","2-3 times a week","Some College","Animal Welfare, Price, Health, Taste","*Small neighborhood Grocers*, *Bulk Grocers* (ex: Costco, Sam's Club)","Male","Very soft","Slightly hard","Extremely soft","Not at all hard","Very fatty","Not at all soft","Like very much","Like somewhat","The Aioli was great, and the tomato is not overpowering.","The cheese is a bit off putting texture wise. Either needs to be melted more or a softer cheese.","Like somewhat","Very meaty","Very hard","Yummmyyyy","Salty, Bland, Strong","Nothin","Not at all fatty","Extremely soft","Fatty, Savory, Sweet, Smoky, Salty, Meaty, Strong","Very soft","Very hard","Not at all fibrous","Moderately fatty","Crispy / Crunchy, Soft / Mushy, Fatty","Ehhhh the aioli is good","Dislike somewhat","Nothing","Not at all hard","Like very much","I love the rosemary, the arugula, really good combination of flavors I don’t even miss the meat.","The caramelized onions are great, a simple bacon cheeseburger never fails.","There could maybe be a little less pepper on the patty.","Moist, Soft / Mushy, Holds together, Fatty","Not at all fibrous","Dislike somewhat","Basically an upscale Big Mac, but the cheese throws it off, and it’s very bready.","Dislike somewhat","Bland, Off-flavor, Savory","Dry, Crispy / Crunchy, Holds together","Not at all meaty","Not at all fibrous","Like very much","Like","Smoky, Good aftertaste, Salty","Like","Soft / Mushy, Holds together, Moist","Not at all fatty","Not at all meaty","Not at all fibrous","Like very much","Like","Very fatty","Extremely meaty","Like very much","Earthy / Soil, Salty, Good aftertaste, Smoky","Like very much","Firm / Hard, Springy","Not at all soft","Moderately hard","Not at all fatty","Not at all meaty","Not at all fibrous","Like very much","Sweet, Strong, Good aftertaste","Neither like nor dislike","Firm / Hard, Brittle, Moist","Very meaty","Not at all fibrous","Like somewhat","I like the simpleness, and the pickle is a great addition.","Tooooo much tomato, I like rare, but someone might have a problem with that rare.","Like somewhat"
"19254993999","18-25","Omnivore (i.e., eats meat regularly)","2-3 times a week","Some College","Health","*Grocery Delivery Services* (ex: Instacart, Amazon Fresh), *Small neighborhood Grocers*","Male","Moderately soft","Moderately hard","Moderately soft","Moderately hard","Very fatty","Moderately soft","Like somewhat","Like very much","The tomato was a great touch. And the teryaki was a great flavor","None","Like very much","Slightly meaty","Moderately hard","I was pleasantly surprised by the Beans. The cilantro is also a very nice touch","Meaty, Salty, Savory","The consistency and texture of what I was eating","Moderately fatty","Moderately soft","Savory, Meaty, Salty, Sweet, Smoky","Very soft","Slightly hard","Very fibrous","Moderately fatty","Springy, Moist, Holds together","Pickles are nice touch meat well cooked","Like somewhat","Presentation it is hard for someone to see beans in their burger and not think it’s weird. But if you can get over that.","Not at all hard","Like very much","The flavor is amazing but I don’t like that I can’t tell what I’m eating","Bacon was great onions in patty awesme","Nothing","Holds together, Chewy","Moderately fibrous","Like somewhat","Too much sauce didn’t taste like a burger more of a tuna sanehih","Like","Sweet, Savory","Soft / Mushy","Very meaty","Moderately fibrous","Like somewhat","Like","Savory","Like somewhat","Soft / Mushy, Fibrous / Stringy","Not at all fatty","Not at all meaty","Very fibrous","Like very much","Like very much","Slightly fatty","Very meaty","Like","Good aftertaste, Salty, Sweet, Savory","Dislike","Fatty","Extremely soft","Not at all hard","Very fatty","Moderately meaty","Moderately fibrous","Like very much","Meaty, Smoky","Like very much","Fibrous / Stringy, Brittle","Moderately meaty","Very fibrous","Neither like nor dislike","The onions are great. So is ketchup","Nothing","Like"
"19253938570","18-25","Flexitarian (i.e., eats meat occasionally)","2-3 times a week","High School","Health","*Natural Grocers* (ex: Whole Foods)","Male","Slightly soft","Moderately hard","Extremely soft","Not at all hard","Moderately fatty","Slightly soft","Like very much","Like very much","The overall consistency and char on the patty","Not much","Like","Very meaty","Moderately hard","It’s not a burger.","Fatty, Sweet, Good aftertaste","A few of the mushrooms were a bit overcooked. Slightly messy eating experience","Slightly fatty","Not at all soft","Smoky, Meaty","Very soft","Not at all hard","Moderately fibrous","Slightly fatty","Soft / Mushy","The sauce and satiety","Like","Not a burger","Not at all hard","Like somewhat","Great flavor. Bun was great","The seasoning and sauce","Not sure","Gummy, Sticky","Not at all fibrous","Like","Meat quality","Like","Meaty, Salty, Good aftertaste","Holds together, Chewy","Very meaty","Slightly fibrous","Dislike very much","Dislike very much","Earthy / Soil, Bland","Dislike very much","Crumbly / Grainy, Soft / Mushy, Brittle","Not at all fatty","Not at all meaty","Moderately fibrous","Like","Dislike somewhat","Moderately fatty","Moderately meaty","Like very much","Smoky, Strong, Earthy / Soil","Like","Chewy, Moist, Gummy","Very soft","Not at all hard","Not at all fatty","Not at all meaty","Not at all fibrous","Like very much","Meaty, Savory, Smoky, Good aftertaste","Like very much","Holds together, Firm / Hard, Crispy / Crunchy","Extremely meaty","Moderately fibrous","Like","Freshness, pickles","Little bit mushy, meat a bit undercooked for my preference","Dislike somewhat"
"18456531903","18-25","Omnivore (i.e., eats meat regularly)","2-3 times a month","Some College","Price","*Natural Grocers* (ex: Whole Foods)","Female","Moderately soft","Not at all hard","Moderately soft","Moderately hard","Slightly fatty","Moderately soft","Like","Like","I like the sauce and tomato and the patty was cooked well","Bread was a little soggy","Like very much","Very meaty","Moderately hard","The flavor of the bean patty","Salty, Savory, Meaty","It was very messy and not meat","Moderately fatty","Moderately soft","Strong, Salty, Sweet, Fatty","Extremely soft","Not at all hard","Not at all fibrous","Not at all fatty","Moist","The sauce was great love a pickle","Like very much","Jalepeno","Slightly hard","Dislike somewhat","Flavor was the best love arugula","Cheesy","Wet soggy too much spices","Soft / Mushy","Not at all fibrous","Like","Thin patty no tomato :(","Like","Strong, Meaty, Savory, Salty, Good aftertaste","Holds together","Slightly meaty","Slightly fibrous","Like somewhat","Neither like nor dislike","Earthy / Soil, Bland","Like very much","Holds together, Firm / Hard","Not at all fatty","Not at all meaty","Not at all fibrous","Dislike somewhat","Dislike","Moderately fatty","Slightly meaty","Like very much","Earthy / Soil, Good aftertaste, Strong, Savory","Like","Moist","Moderately soft","Not at all hard","Not at all fatty","Not at all meaty","Not at all fibrous","Like somewhat","Savory, Good aftertaste","Like","Moist","Moderately meaty","Moderately fibrous","Like very much","Classic love all the lettuce tomato and onion","Soggy bread","Like very much"
"14156726264","18-25","Flexitarian (i.e., eats meat occasionally)","2-3 times a month","Some College","Environment, Health, Price, Animal Welfare","*Discount Grocers* (ex: Trader Joe's, Lidl, Aldi)","Female","Slightly soft","Not at all hard","Not at all soft","Moderately hard","Not at all fatty","Moderately soft","Dislike very much","Like somewhat","good flavo","nothing","Like","Very meaty","Not at all hard","nothing","Savory","hella gross","Not at all fatty","Not at all soft","Savory, Good aftertaste, Smoky","Slightly soft","Slightly hard","Slightly fibrous","Not at all fatty","Crispy / Crunchy","tasted like a big mac","Like","everything the party is weird as hell","Very hard","Like very much","nothing at all","flavor,smoky","nothing","Fatty, Chewy","Not at all fibrous","Neither like nor dislike","tasted like a big mac..","Neither like nor dislike","Savory, Salty, Meaty","Chewy, Springy","Moderately meaty","Moderately fibrous","Dislike very much","Dislike very much","Off-flavor","Dislike very much","Brittle, Crumbly / Grainy, Dry","Not at all fatty","Not at all meaty","Not at all fibrous","Like","Like","Slightly fatty","Moderately meaty","Dislike very much","Off-flavor, Weird aftertaste","Dislike very much","Chewy","Extremely soft","Not at all hard","Not at all fatty","Not at all meaty","Not at all fibrous","Like somewhat","Salty","Neither like nor dislike","Moist, Crispy / Crunchy","Moderately meaty","Very fibrous","Like","good patty","too much goinon","Like somewhat"
"12019620932","18-25","Omnivore (i.e., eats meat regularly)","2-3 times a month","Bachelor's Degree","Taste","*Discount Grocers* (ex: Trader Joe's, Lidl, Aldi)","Male","Moderately soft","Moderately hard","Moderately soft","Moderately hard","Moderately fatty","Moderately soft","Like somewhat","Like","1. Cheese was good 2. Tomato gives nice freshness","Nothing to dislike much 1. Tomato was maybe too thick 2. A bit plain","Like","Moderately meaty","Moderately hard","1. The patty is pretty good despite it not being meat 2. Jalapeño is a nice touch","Sweet, Savory, Salty, Meaty","It was falling apart and could use another flavor","Moderately fatty","Slightly soft","Savory, Smoky","Moderately soft","Moderately hard","Slightly fibrous","Moderately fatty","Moist, Soft / Mushy, Crispy / Crunchy","1. Tastes like Big Mac 2. Texture of bread was good","Like somewhat","1. Very dry, the beans w no sauce and jalapeño makes it dry 2. Flavor is missing a sauce to combat dryness and flavor","Slightly hard","Like very much","1. A big fan of mushrooms 2. Sauce + arugula was good","1. The flavor, not sure if it’s the sauce or way it’s grilled, smoky 2. Texture w the bacon and onion","Nothing much great burger, just wasn’t served hot","Moist","Not at all fibrous","Neither like nor dislike","Nothing much, just reminds me of big mac","Like","Smoky, Sweet","Holds together, Crispy / Crunchy","Moderately meaty","Slightly fibrous","Dislike somewhat","Like somewhat","Earthy / Soil, Good aftertaste, Bland","Like","Crumbly / Grainy, Dry","Not at all fatty","Not at all meaty","Not at all fibrous","Like very much","Like very much","Moderately fatty","Slightly meaty","Like somewhat","Good aftertaste, Savory, Earthy / Soil, Smoky","Neither like nor dislike","Moist, Soft / Mushy, Fatty","Extremely soft","Not at all hard","Moderately fatty","Very meaty","Not at all fibrous","Like","Savory, Smoky, Earthy / Soil","Neither like nor dislike","Holds together, Soft / Mushy","Moderately meaty","Moderately fibrous","Like","1. Combination of textures w tomato, onion,pickkle 2. Meat was juicier than the rest","1.  It was very thick so hard to eat 2. Maybe a more distinct sauce","Like very much"
"16572409781","18-25","Omnivore (i.e., eats meat regularly)","Once every 1-2 months","Bachelor's Degree","Taste, Price, Convenience","*Discount Grocers* (ex: Trader Joe's, Lidl, Aldi), *Bulk Grocers* (ex: Costco, Sam's Club), *Big Box Retailers* (ex: Target, Walmart)","Female","Moderately soft","Moderately hard","Slightly soft","Moderately hard","Slightly fatty","Very soft","Like","Like","I liked how clean the burger tasted with the addition of tomato and a block of cheese","I think there could have been a little more sauce added to soften the overall burger","Like somewhat","Very meaty","Slightly hard","i like the flavor and jalapeño added a nice kick","Bland, Smoky, Meaty, Good aftertaste","Although I love mushrooms, the mushroom taste was definitely all I tasted, so I was a bit thrown off by the point of making it into a burger.","Slightly fatty","Extremely soft","Meaty, Smoky, Good aftertaste, Savory","Moderately soft","Slightly hard","Moderately fibrous","Not at all fatty","Holds together, Springy","I liked how soft the bread was and the overall thickness of the patty. The burger was smooth and easy to eat","Like very much","I personally do not like beans so the overall texture threw me off for this burger","Not at all hard","Like","I love mushrooms and arugula, so they blended really well with the sauce and bread","I like the overall flavor of the patty, sauce, and ingredients. I feel like the seasoning is perfect and blends together really well.","Not super big but the sauce soaked a lot of the other parts of the burger so it became a little mushy in texture","Soft / Mushy, Holds together, Moist","Very fibrous","Like somewhat","There was a bit too much sauce, and specifically tasting like Thousand Island sauce.","Like somewhat","Good aftertaste, Savory, Sweet","Holds together, Moist, Springy","Moderately meaty","Moderately fibrous","Dislike","Neither like nor dislike","Savory, Earthy / Soil","Dislike","Dry, Soft / Mushy","Not at all fatty","Not at all meaty","Moderately fibrous","Like","Dislike somewhat","Slightly fatty","Very meaty","Like","Earthy / Soil, Strong","Like","Moist, Soft / Mushy, Springy, Chewy","Extremely soft","Not at all hard","Not at all fatty","Not at all meaty","Moderately fibrous","Like very much","Smoky, Good aftertaste, Meaty, Savory","Like","Firm / Hard, Holds together","Slightly meaty","Very fibrous","Like somewhat","I liked how fresh the burger tasted, with chunks of tomato and pickles. Overall gave a really hearty and whole taste","I think the patty could have used a little more flavor/salt besides the existing smokey flavor to really tie everything together.","Like very much"
"14153610280","36-45","Omnivore (i.e., eats meat regularly)","2-3 times a month","Bachelor's Degree","Taste","*Discount Grocers* (ex: Trader Joe's, Lidl, Aldi), *Conventional Grocers* (ex: Stop & Shop, Safeway)","Female","Moderately soft","Slightly hard","Moderately soft","Slightly hard","Not at all fatty","Moderately soft","Neither like nor dislike","Like","Very moist and flavor of the spread and cheese together","Nothing it was good","Like","Moderately meaty","Not at all hard","Nothing","Good aftertaste, Savory, Meaty","That it’s just mushroom","Moderately fatty","Extremely soft","Weird aftertaste, Meaty, Smoky, Fatty","Very soft","Not at all hard","Slightly fibrous","Moderately fatty","Crispy / Crunchy, Moist, Holds together","Tastes like a Big Mac. I love Big Macs","Like","The beans","Not at all hard","Like somewhat","I liked it was mushroom","Burger was juicy","The way the sauce mixed with the bacon","Soft / Mushy, Fibrous / Stringy","Not at all fibrous","Like very much","Nothing","Like very much","Sweet, Good aftertaste, Savory, Meaty, Fatty, Salty","Springy, Moist, Holds together, Chewy","Very meaty","Not at all fibrous","Dislike","Dislike","Bland","Dislike somewhat","Holds together, Soft / Mushy, Dry","Not at all fatty","Not at all meaty","Slightly fibrous","Like somewhat","Dislike","Very fatty","Very meaty","Neither like nor dislike","Weird aftertaste, Earthy / Soil, Savory, Meaty","Like","Brittle, Soft / Mushy, Moist, Springy, Chewy","Extremely soft","Not at all hard","Moderately fatty","Very meaty","Not at all fibrous","Like","Savory, Fatty, Salty, Meaty, Good aftertaste","Like","Holds together, Moist, Fatty","Very meaty","Not at all fibrous","Like","Good cheeseburger","Big onion pieces and tomato","Like"
"14158716127","Greater than 55","Omnivore (i.e., eats meat regularly)","2-3 times a week","Bachelor's Degree","Taste","*Natural Grocers* (ex: Whole Foods)","Prefer not to say","Moderately soft","Not at all hard","Very soft","Not at all hard","Slightly fatty","Not at all soft","Like very much","Like very much","Charbroiled.......& Meaty","Nothing","Like somewhat","Extremely meaty","Not at all hard","BUN","Meaty, Fatty","ARUGULA","Not at all fatty","Very soft","Off-flavor, Savory, Earthy / Soil, Smoky","Extremely soft","Not at all hard","Slightly fibrous","Not at all fatty","Fatty, Moist, Holds together","BUN","Neither like nor dislike","BELL PEPPERS & DRY,  BLAN","Not at all hard","Like somewhat","MUSHROOMS","Char taste & melted in Mt mouth","NOthing","Holds together, Moist, Soft / Mushy","Not at all fibrous","Neither like nor dislike","Sauce, thin meat so couldnt really taste  So much bread(3 pieces Stacked bun)","Dislike somewhat","Off-flavor","Dry","Not at all meaty","Not at all fibrous","Dislike very much","Dislike very much","Bland","Dislike very much","Soft / Mushy, Dry","Not at all fatty","Not at all meaty","Slightly fibrous","Like","Like very much","Not at all fatty","Moderately meaty","Like","Savory, Good aftertaste","Like","Soft / Mushy, Moist, Chewy","Extremely soft","Not at all hard","Not at all fatty","Not at all meaty","Very fibrous","Like very much","Meaty, Good aftertaste, Strong, Savory, Smoky","Like very much","Crispy / Crunchy, Moist, Holds together","Extremely meaty","Very fibrous","Like very much","MEATY","Cooked medium rate","Like somewhat"
"14158137570","46-55","Omnivore (i.e., eats meat regularly)","Once a week","Bachelor's Degree","Health","*Discount Grocers* (ex: Trader Joe's, Lidl, Aldi), *Big Box Retailers* (ex: Target, Walmart), *Conventional Grocers* (ex: Stop & Shop, Safeway)","Female","Moderately soft","Slightly hard","Moderately soft","Not at all hard","Slightly fatty","Moderately soft","Dislike very much","Dislike somewhat","Not much . Maybe chewy.","No flavor.  Salty. Heat.","Like somewhat","Very meaty","Not at all hard","No!!","Meaty, Salty, Weird aftertaste","It's mushrooms.....where the meat?","Slightly fatty","Moderately soft","Strong, Meaty, Earthy / Soil, Fatty","Moderately soft","Moderately hard","Moderately fibrous","Slightly fatty","Soft / Mushy","It doesn't compete with other ingredients.  Bland in a good way.","Like somewhat","Taste.  And what the hell are therasens doing in it?","Not at all hard","Dislike somewhat","Arugala","Texture.     Meat before the heat.","Too much heat.","Fatty, Firm / Hard, Chewy, Fibrous / Stringy","Moderately fibrous","Like","It was a little grizzly.","Like","Meaty, Savory, Bland","Chewy, Moist, Soft / Mushy, Holds together","Moderately meaty","Slightly fibrous","Dislike very much","Dislike very much","Off-flavor","Dislike very much","Sticky","Slightly fatty","Moderately meaty","Not at all fibrous","Like somewhat","Like","Moderately fatty","Moderately meaty","Dislike very much","Off-flavor","Dislike very much","Dry","Very soft","Not at all hard","Not at all fatty","Not at all meaty","Not at all fibrous","Like somewhat","Sweet, Salty, Off-flavor","Neither like nor dislike","Soft / Mushy","Slightly meaty","Not at all fibrous","Dislike somewhat","Too salty .  I did like the hot.","Not cooked.","Dislike somewhat"
"14152545910","36-45","Flexitarian (i.e., eats meat occasionally)","Once every 1-2 months","Bachelor's Degree","Taste","*Natural Grocers* (ex: Whole Foods), *Bulk Grocers* (ex: Costco, Sam's Club), *Conventional Grocers* (ex: Stop & Shop, Safeway)","Female","Very soft","Slightly hard","Moderately soft","Moderately hard","Slightly fatty","Very soft","Neither like nor dislike","Like","Onions in patty","A little plain","Like somewhat","Extremely meaty","Slightly hard","Nothing","Meaty","Falls apart, no meat","Moderately fatty","Moderately soft","Salty, Smoky, Meaty, Strong","Very soft","Slightly hard","Moderately fibrous","Moderately fatty","Crispy / Crunchy, Moist","Double patty and cheese","Neither like nor dislike","Dry, no sauce","Moderately hard","Like somewhat","The mushrooms","Meat and bacon","Too salty","Sticky, Holds together","Slightly fibrous","Like somewhat","Not enough sauce, bun overcooked","Neither like nor dislike","Meaty, Savory, Bland","Crispy / Crunchy, Brittle, Holds together","Extremely meaty","Not at all fibrous","Dislike","Dislike somewhat","Bland, Savory, Earthy / Soil","Dislike","Dry, Brittle, Fibrous / Stringy","Very fatty","Slightly meaty","Very fibrous","Like somewhat","Neither like nor dislike","Moderately fatty","Extremely meaty","Neither like nor dislike","Savory, Earthy / Soil","Neither like nor dislike","Firm / Hard","Slightly soft","Very hard","Not at all fatty","Not at all meaty","Moderately fibrous","Like","Savory, Good aftertaste, Earthy / Soil, Meaty","Like","Holds together, Moist","Extremely meaty","Moderately fibrous","Like","The sauce","Too many pickles","Neither like nor dislike"
"14158238802","18-25","Omnivore (i.e., eats meat regularly)","Once a week","Some College","Price, Convenience, Taste","*Discount Grocers* (ex: Trader Joe's, Lidl, Aldi), *Conventional Grocers* (ex: Stop & Shop, Safeway), *Bulk Grocers* (ex: Costco, Sam's Club)","Male","Moderately soft","Slightly hard","Slightly soft","Slightly hard","Slightly fatty","Very soft","Like somewhat","Like very much","Juicy, meaty,","Taste a bit like in n out","Like","Moderately meaty","Slightly hard","Okayish bun, i like the cilantro","Savory, Meaty, Sweet, Salty, Good aftertaste, Smoky","Too much rosemary or whatever dry herb you used","Not at all fatty","Moderately soft","Savory, Meaty, Good aftertaste, Smoky, Salty, Sweet","Moderately soft","Slightly hard","Slightly fibrous","Slightly fatty","Chewy, Soft / Mushy, Moist","Bun, sauce","Like","It’s vegetarian, too much bean flavor, not even an imitation of a burger","Slightly hard","Like very much","Texture of mushrooms, nice and creamy","Smokey, cheesy, meaty,","Needs a little bit of grilled onions or finely diced white onion, some kind of crunch to make it a bit more complex","Chewy, Fatty, Moist, Springy","Slightly fibrous","Like","I can tell its a cheaper burger, maybe mcdonalds big mac in terms of size and flavors","Like","Savory, Good aftertaste","Chewy, Soft / Mushy","Slightly meaty","Slightly fibrous","Dislike","Like somewhat","Bland","Dislike somewhat","Crumbly / Grainy, Chewy","Not at all fatty","Slightly meaty","Very fibrous","Like very much","Like very much","Slightly fatty","Moderately meaty","Like somewhat","Meaty, Earthy / Soil, Weird aftertaste, Savory","Like","Chewy, Firm / Hard","Slightly soft","Slightly hard","Slightly fatty","Moderately meaty","Not at all fibrous","Like very much","Meaty, Smoky, Savory, Good aftertaste","Like","Moist, Holds together","Moderately meaty","Not at all fibrous","Like","Juicy, fresh","Too much tamater","Like somewhat"
"16283064255","46-55","Omnivore (i.e., eats meat regularly)","2-3 times a week","Some College","Taste, Convenience, Price","*Big Box Retailers* (ex: Target, Walmart), *Small neighborhood Grocers*, *Conventional Grocers* (ex: Stop & Shop, Safeway)","Female","Moderately soft","Slightly hard","Moderately soft","Not at all hard","Very fatty","Moderately soft","Dislike somewhat","Like somewhat","It looks okay","Nothing yet","Like very much","Extremely meaty","Not at all hard","Beans as a burger? NO! 👎","Good aftertaste, Strong, Fatty, Meaty","A mushroom burger? It needs beef.","Slightly fatty","Moderately soft","Meaty, Fatty, Savory, Smoky","Very soft","Not at all hard","Not at all fibrous","Moderately fatty","Firm / Hard, Fatty, Holds together, Chewy, Moist","The fact that the bottom is crispy","Like somewhat","Everything about it","Not at all hard","Like","It's weird.","It looks delicious 😋","Nothing yet","Fatty, Moist, Chewy","Not at all fibrous","Neither like nor dislike","It's dry","Neither like nor dislike","Bland, Savory","Dry, Chewy","Moderately meaty","Not at all fibrous","Dislike","Dislike very much","Weird aftertaste, Bland","Dislike very much","Holds together, Dry, Chewy","Not at all fatty","Not at all meaty","Not at all fibrous","Like","Like","Moderately fatty","Very meaty","Dislike","Savory, Bland, Strong, Weird aftertaste","Dislike very much","Chewy, Soft / Mushy, Moist","Extremely soft","Not at all hard","Not at all fatty","Not at all meaty","Not at all fibrous","Like somewhat","Sweet, Good aftertaste, Meaty, Smoky","Like","Holds together, Firm / Hard, Fatty","Very meaty","Not at all fibrous","Like very much","It's big","More cheese","Like very much"
"14155838203","26-35","Omnivore (i.e., eats meat regularly)","2-3 times a week","High School","Taste, Familiarity (what I'm used to), Price, Convenience, Environment","*Conventional Grocers* (ex: Stop & Shop, Safeway), *Big Box Retailers* (ex: Target, Walmart), *Natural Grocers* (ex: Whole Foods)","Male","Very soft","Not at all hard","Moderately soft","Not at all hard","Very fatty","Moderately soft","Neither like nor dislike","Like very much","I like the meat consistency and the vegetables were tasty","Honestly nothing overall is dislikeable about this burger","Like somewhat","Very meaty","Not at all hard","The  jalapeno added flavor to the burger and the bun is soft","Savory, Fatty, Good aftertaste, Meaty, Smoky","The consistency of the patty was too soft for me and I was missing a bottom bun","Moderately fatty","Moderately soft","Salty, Savory, Good aftertaste, Smoky","Moderately soft","Slightly hard","Not at all fibrous","Moderately fatty","Firm / Hard, Fatty, Moist","I like the crispiness of the bottom bun and the burger overall reminded me of a better big mac","Like very much","I don't like the consistency of the patty or the bean flavor","Moderately hard","Like","The mushroom was good and the condiments compliment the burger","The beef was good and the bacon adds to the burger","The cheese was a little over powering","Soft / Mushy, Moist, Fatty","Not at all fibrous","Like very much","None","Like very much","Meaty, Good aftertaste, Savory","Holds together, Moist, Chewy","Moderately meaty","Not at all fibrous","Dislike","Dislike somewhat","Earthy / Soil, Strong","Neither like nor dislike","Soft / Mushy, Dry, Crumbly / Grainy","Not at all fatty","Not at all meaty","Not at all fibrous","Like","Like very much","Very fatty","Very meaty","Like somewhat","Earthy / Soil, Weird aftertaste","Dislike somewhat","Chewy, Soft / Mushy","Extremely soft","Not at all hard","Moderately fatty","Moderately meaty","Not at all fibrous","Like very much","Savory, Good aftertaste, Fatty, Meaty","Like very much","Fatty, Springy, Holds together","Very meaty","Not at all fibrous","Like very much","The burger tasted like a good classic burger the vegetables tasted somewhat fresh","The vegetables were a little too much and the meat were a little too pink","Like"
"16287240031","18-25","Omnivore (i.e., eats meat regularly)","Once a week","Some College","Taste, Price","*Natural Grocers* (ex: Whole Foods), *Discount Grocers* (ex: Trader Joe's, Lidl, Aldi), *Bulk Grocers* (ex: Costco, Sam's Club)","Female","Slightly soft","Moderately hard","Moderately soft","Moderately hard","Moderately fatty","Very soft","Neither like nor dislike","Like","I like the piece of cheese even thought the texture difference is quite drastic, like a hard stinky piece of cheese but medium soft patty and very soft bread","The crazy contrast in texture, although I think it makes up for it with the taste, I also think maybe the cheese was too thick","Like very much","Extremely meaty","Slightly hard","The jalapeño, along with the soft bun","Salty, Smoky, Good aftertaste, Meaty, Savory","Seasoning on the patty is pretty bitter, the arugula also makes it have a bitter aftertaste, difficult to hold due to the extreme moistness of the burger","Slightly fatty","Very soft","Salty, Off-flavor, Strong, Weird aftertaste","Moderately soft","Moderately hard","Slightly fibrous","Slightly fatty","Moist, Holds together","Holds very good shape, saucy, but not so moist it falls apart","Like","I think the taste of the beans were quite strong rather than tasting any meat, but I’m not sure if there is supposed to be any meat","Slightly hard","Neither like nor dislike","The buttered bun, nothing else","The texture of the meat and the soft bun","The taste of the seasoning is very strong and doesn’t suit the burger well","Chewy, Holds together, Moist","Slightly fibrous","Like","I’m not a huge fan of a lot of bread, maybe no middle bun for me","Like","Good aftertaste, Meaty, Salty, Savory, Sweet","Holds together, Moist","Very meaty","Moderately fibrous","Neither like nor dislike","Like somewhat","Smoky, Good aftertaste","Dislike somewhat","Sticky, Crumbly / Grainy","Not at all fatty","Slightly meaty","Very fibrous","Neither like nor dislike","Like","Moderately fatty","Very meaty","Dislike","Off-flavor, Weird aftertaste","Dislike somewhat","Soft / Mushy, Moist, Springy","Very soft","Slightly hard","Not at all fatty","Not at all meaty","Very fibrous","Like","Smoky, Meaty, Strong, Earthy / Soil","Dislike somewhat","Soft / Mushy, Firm / Hard, Springy, Chewy, Holds together","Very meaty","Not at all fibrous","Like very much","The thickness of the meat, the pickles are very nice, and the onions are a very good addition, compliments the overall taste","Too may tomatoes, two stacks of tomato is a little too thick for this burger, and the bottom bun is so thin it mushes into the meat","Like"
"16193840483","26-35","Omnivore (i.e., eats meat regularly)","Once a week","Master's Degree","Taste, Price","*Discount Grocers* (ex: Trader Joe's, Lidl, Aldi), *Conventional Grocers* (ex: Stop & Shop, Safeway)","Male","Moderately soft","Not at all hard","Moderately soft","Slightly hard","Moderately fatty","Moderately soft","Dislike","Like","it again taste like a solid hamburger","nothing","Like","Moderately meaty","Not at all hard","n/a","Salty, Savory, Fatty","it was very mushy and the sauce wasn’t appetizing","Not at all fatty","Not at all soft","Savory, Smoky, Meaty","Moderately soft","Not at all hard","Not at all fibrous","Moderately fatty","Moist","it kinda taste like a meat burger with big mac sauce","Like somewhat","its a bean burger","Slightly hard","Like very much","I liked the arugula and the mushrooms","it has bacon! very savory with onion jam","nothing","Holds together","Slightly fibrous","Like somewhat","nothing","Like","Savory, Meaty","Holds together","Slightly meaty","Not at all fibrous","Dislike","Dislike","Weird aftertaste, Earthy / Soil","Dislike","Dry","Not at all fatty","Not at all meaty","Not at all fibrous","Like very much","Like very much","Moderately fatty","Moderately meaty","Dislike","Strong, Weird aftertaste","Like somewhat","Soft / Mushy","Moderately soft","Not at all hard","Slightly fatty","Moderately meaty","Moderately fibrous","Like","Meaty, Salty, Fatty","Like","Chewy, Moist","Very meaty","Slightly fibrous","Like","It taste like a good ol cheeseburger with good sauce","nothing","Like"
"14086502633","18-25","Omnivore (i.e., eats meat regularly)","2-3 times a week","Bachelor's Degree","Familiarity (what I'm used to), Taste","*Discount Grocers* (ex: Trader Joe's, Lidl, Aldi), *Conventional Grocers* (ex: Stop & Shop, Safeway), *Natural Grocers* (ex: Whole Foods)","Male","Very soft","Slightly hard","Very soft","Not at all hard","Slightly fatty","Very soft","Like","Like very much","Onions, charred patty","Personally dislike tomato, a few more toppings would be nice","Like somewhat","Slightly meaty","Not at all hard","Tasty greens, soft texture","Good aftertaste, Salty, Sweet","Falls apart too easily, no cohesive patty","Very fatty","Extremely soft","Meaty, Salty, Fatty, Good aftertaste","Extremely soft","Not at all hard","Slightly fibrous","Moderately fatty","Holds together, Moist, Soft / Mushy","Strong pickle flavor, crispy bun","Like","Not many toppings or sauces, prefer a meaty patty","Not at all hard","Like very much","Herbal flavor, mushrooms","Bacon topping, nice thick patty","Would prefer a nicer cheese, bun is a bit basic","Crispy / Crunchy, Moist, Fatty","Slightly fibrous","Like","Toppings somewhat basic, cheese tastes artificial","Like","Meaty, Bland, Good aftertaste","Gummy, Soft / Mushy","Slightly meaty","Moderately fibrous","Like very much","Neither like nor dislike","Earthy / Soil, Bland","Like very much","Gummy, Chewy","Not at all fatty","Moderately meaty","Extremely fibrous","Like","Like very much","Very fatty","Very meaty","Like","Strong, Good aftertaste, Earthy / Soil","Like very much","Chewy, Gummy, Firm / Hard","Not at all soft","Very hard","Not at all fatty","Slightly meaty","Extremely fibrous","Like","Salty, Smoky, Earthy / Soil, Strong, Meaty","Like very much","Fatty, Moist","Very meaty","Not at all fibrous","Dislike somewhat","Big patty, lots of veggies","Tomato, too raw","Dislike somewhat"
"14157241004","36-45","Flexitarian (i.e., eats meat occasionally)","Once a week","Some College","Health, Taste, Price","*Conventional Grocers* (ex: Stop & Shop, Safeway), *Natural Grocers* (ex: Whole Foods), *Discount Grocers* (ex: Trader Joe's, Lidl, Aldi)","Female","Moderately soft","Not at all hard","Moderately soft","Moderately hard","Not at all fatty","Very soft","Neither like nor dislike","Like somewhat","Meat","Cold","Neither like nor dislike","Not at all meaty","Not at all hard","Black bean,  bell peppers","Bland","All the extra mushrooms","Not at all fatty","Very soft","Smoky, Earthy / Soil, Savory, Salty, Strong","Very soft","Very hard","Moderately fibrous","Not at all fatty","Chewy, Gummy, Holds together","Everything","Like very much","No sauce,","Not at all hard","Like very much","Dressing","Flavor","Too earthy","Springy, Crumbly / Grainy, Holds together, Fatty, Moist","Not at all fibrous","Like very much","No tomatoes","Like","Meaty, Salty, Good aftertaste, Savory","Chewy, Moist, Holds together","Very meaty","Extremely fibrous","Like somewhat","Like","Smoky, Earthy / Soil","Like","Holds together","Not at all fatty","Not at all meaty","Moderately fibrous","Like very much","Like","Not at all fatty","Moderately meaty","Like","Strong, Earthy / Soil","Like","Springy","Very soft","Slightly hard","Not at all fatty","Moderately meaty","Moderately fibrous","Neither like nor dislike","Strong, Meaty, Savory, Weird aftertaste","Neither like nor dislike","Moist, Crumbly / Grainy, Holds together, Chewy, Firm / Hard","Extremely meaty","Moderately fibrous","Neither like nor dislike","Bread","Not crunchy","Neither like nor dislike"
"14159306904","46-55","Flexitarian (i.e., eats meat occasionally)","Everyday","Trade School","Animal Welfare","*Small neighborhood Grocers*","Female","Moderately soft","Not at all hard","Slightly soft","Not at all hard","Not at all fatty","Extremely soft","Like very much","Like very much","Simple to hold and flavor is sweet","Nothing disliked","Like very much","Extremely meaty","Not at all hard","Bean burger patty and jalapeño tasted good","Savory","No bottom bun.... but tasted so good.","Not at all fatty","Moderately soft","Smoky, Good aftertaste, Sweet, Earthy / Soil, Meaty, Savory","Extremely soft","Not at all hard","Moderately fibrous","Not at all fatty","Holds together","Tangy pickles and mustard","Like very much","Nothing disliked","Not at all hard","Like very much","Mushrooms and rosemary tasted like a special dish","Spicy chili pepper","Nothing to dislike","Holds together, Crumbly / Grainy, Moist","Moderately fibrous","Like very much","Nothing disliked","Like very much","Savory","Moist, Holds together","Moderately meaty","Not at all fibrous","Like","Like very much","Sweet","Like very much","Chewy","Not at all fatty","Moderately meaty","Very fibrous","Like very much","Like very much","Slightly fatty","Very meaty","Like very much","Savory, Good aftertaste","Like very much","Holds together, Moist","Extremely soft","Not at all hard","Not at all fatty","Extremely meaty","Moderately fibrous","Like very much","Sweet, Savory, Smoky","Like very much","Holds together","Very meaty","Not at all fibrous","Like very much","FreshVegetables pickles and mustard,","Soggy bun","Like very much"
"14083987593","Greater than 55","Flexitarian (i.e., eats meat occasionally)","2-3 times a month","Bachelor's Degree","Health","*Big Box Retailers* (ex: Target, Walmart), *Grocery Delivery Services* (ex: Instacart, Amazon Fresh), *Discount Grocers* (ex: Trader Joe's, Lidl, Aldi)","Male","Not at all soft","Not at all hard","Slightly soft","Not at all hard","Very fatty","Not at all soft","Neither like nor dislike","Neither like nor dislike","Meat patty, tomato, juicy","Cheese, bun too soft","Like somewhat","Very meaty","Slightly hard","Nothing","Savory, Fatty, Strong","Bun too mushy.   A bit too oily.","Slightly fatty","Not at all soft","Salty, Smoky, Fatty, Meaty","Not at all soft","Not at all hard","Moderately fibrous","Moderately fatty","Moist, Sticky, Chewy, Fatty, Holds together, Fibrous / Stringy","Crispy bun, lettuce, pickles","Like very much","Cold, too much bun, lacked flavor","Not at all hard","Like somewhat","Something different.  Vegetarian, I think. Love arugula","Mouth feel, flavor, cheese","Soft Bun, a bit greasy","Crispy / Crunchy, Chewy, Fatty, Moist","Very fibrous","Like","No tomato.  More lettuce please.  Patties could be bette","Like very much","Meaty, Savory","Firm / Hard, Chewy","Moderately meaty","Slightly fibrous","Dislike","Dislike","Bland, Weird aftertaste","Dislike","Dry, Gummy","Slightly fatty","Not at all meaty","Slightly fibrous","Like","Like","Moderately fatty","Very meaty","Like somewhat","Smoky, Savory, Strong","Like somewhat","Springy, Moist, Fibrous / Stringy","Not at all soft","Slightly hard","Moderately fatty","Moderately meaty","Moderately fibrous","Like","Fatty, Meaty, Savory","Like somewhat","Chewy, Holds together, Fatty","Moderately meaty","Moderately fibrous","Neither like nor dislike","Patty, tomato","Bun too soft, raw onion","Like somewhat"
"16285025707","18-25","Omnivore (i.e., eats meat regularly)","2-3 times a month","Some College","Convenience, Price, Taste, Health","*Bulk Grocers* (ex: Costco, Sam's Club), *Natural Grocers* (ex: Whole Foods), *Discount Grocers* (ex: Trader Joe's, Lidl, Aldi)","Female","Moderately soft","Slightly hard","Slightly soft","Moderately hard","Slightly fatty","Moderately soft","Dislike somewhat","Like somewhat","I like the patty it has a smoky flavour and tomatoes go well with it","The cheese is just a block not melted and the patty doesn’t fit the bun","Like","Very meaty","Slightly hard","There’s different textures going on in there and it taste healthier","Good aftertaste, Sweet, Strong, Savory, Salty, Meaty","It doesn’t have meat in it, there’s no bottom bun , it’s falling apart","Not at all fatty","Moderately soft","Sweet, Good aftertaste, Savory","Very soft","Not at all hard","Slightly fibrous","Slightly fatty","Moist, Crispy / Crunchy","There’s veggies in it and cheese melted","Like somewhat","There’s no extra stuff in it , and it doesn’t taste like meat","Not at all hard","Like very much","It taste healthy","The bun is soft , the patty is not hard n it melts in your mouth","The cheese could be more melted","Soft / Mushy, Chewy","Not at all fibrous","Like somewhat","Looks a bit bland ,messy bottom bun is hard","Like","Sweet","Crispy / Crunchy","Moderately meaty","Not at all fibrous","Neither like nor dislike","Neither like nor dislike","Bland, Off-flavor","Neither like nor dislike","Soft / Mushy, Crumbly / Grainy","Not at all fatty","Not at all meaty","Not at all fibrous","Like very much","Like","Moderately fatty","Moderately meaty","Dislike somewhat","Off-flavor, Earthy / Soil, Weird aftertaste","Neither like nor dislike","Moist","Not at all soft","Moderately hard","Not at all fatty","Not at all meaty","Not at all fibrous","Like somewhat","Smoky, Meaty, Good aftertaste","Like somewhat","Chewy","Moderately meaty","Slightly fibrous","Like somewhat","It has lots of things in side , patty is thick","It’s too thick as a whole it’s hard to eat it together","Like"
"14156715019","26-35","Flexitarian (i.e., eats meat occasionally)","Once every 1-2 months","Some College","Price, Taste","*Discount Grocers* (ex: Trader Joe's, Lidl, Aldi)","Female","Moderately soft","Moderately hard","Moderately soft","Moderately hard","Moderately fatty","Slightly soft","Dislike","Like","Flavor is exotic","Falls apart","Like","Extremely meaty","Slightly hard","Soft bread","Meaty, Smoky, Fatty, Strong, Savory, Weird aftertaste, Sweet","Too mushy, fell completely apart","Moderately fatty","Slightly soft","Fatty, Meaty, Off-flavor","Extremely soft","Not at all hard","Moderately fibrous","Very fatty","Gummy","Saucy","Like somewhat","Does not taste like a burger","Slightly hard","Dislike very much","Herbs","Nothing","Looks and feels like raw meat","Soft / Mushy, Moist, Fatty","Moderately fibrous","Like somewhat","Not much taste otherwise","Like","Savory, Good aftertaste","Tough, Firm / Hard","Very meaty","Very fibrous","Dislike","Dislike","Earthy / Soil","Dislike","Brittle, Crumbly / Grainy","Not at all fatty","Not at all meaty","Extremely fibrous","Dislike very much","Dislike very much","Very fatty","Very meaty","Dislike somewhat","Earthy / Soil, Fatty, Savory, Good aftertaste","Dislike very much","Moist, Soft / Mushy, Crumbly / Grainy","Very soft","Slightly hard","Moderately fatty","Not at all meaty","Extremely fibrous","Like","Salty, Off-flavor, Savory, Meaty, Strong","Neither like nor dislike","Fatty, Gummy, Crumbly / Grainy","Very meaty","Very fibrous","Like somewhat","Meaty","Falls apart, components too big","Like"
"14153429714","26-35","Omnivore (i.e., eats meat regularly)","2-3 times a month","Master's Degree","Taste, Environment, Health, Price","*Natural Grocers* (ex: Whole Foods), *Bulk Grocers* (ex: Costco, Sam's Club), *Discount Grocers* (ex: Trader Joe's, Lidl, Aldi)","Female","Moderately soft","Not at all hard","Moderately soft","Not at all hard","Very fatty","Slightly soft","Like very much","Like","It's nice and moist, simple yet flavorful and feels satisfying. The flavor is mild but I like it","A little sweet, could use a crunch- maybe lettuce. I prefer older flavors but some people might like this","Like very much","Extremely meaty","Moderately hard","Good flavor- well spiced, nice texture and balanced flavor. I like that it's not dry","Strong, Fatty, Meaty, Good aftertaste, Savory","A little too much rosemary","Slightly fatty","Moderately soft","Smoky, Strong, Savory, Salty, Meaty","Very soft","Slightly hard","Not at all fibrous","Moderately fatty","Holds together, Moist, Fatty","I like the flavor and sauce. It also doesn't fall apart but I like how moist it is","Like","It's a bit too salty and could be juicier","Not at all hard","Like very much","I like the very rich flavors and the juicy texture. It feels decadent and rich and well balanced","This is very rich and flavorful. I like the depth - peppery, oniony, meaty, and the texture is soft","A little chewy on the edges","Chewy, Soft / Mushy, Fatty, Moist, Holds together","Slightly fibrous","Like very much","The patty is a little chewy and dry","Like very much","Savory, Good aftertaste, Meaty","Chewy, Dry, Holds together","Very meaty","Not at all fibrous","Like","Like very much","Strong, Smoky, Earthy / Soil, Salty, Savory","Like","Soft / Mushy, Crumbly / Grainy, Holds together, Moist","Not at all fatty","Slightly meaty","Slightly fibrous","Like very much","Like","Moderately fatty","Very meaty","Like very much","Earthy / Soil, Meaty, Savory, Fatty, Strong","Like very much","Soft / Mushy, Holds together, Fatty, Moist, Springy","Moderately soft","Not at all hard","Moderately fatty","Very meaty","Not at all fibrous","Like","Savory, Good aftertaste, Sweet, Salty","Like","Holds together, Springy, Soft / Mushy, Moist","Very meaty","Not at all fibrous","Like very much","The burger is very flavorful, thick, juicy and well cooked. The taste and texture are great","A little too much dill, could use a fresh crunch like lettuce","Like very much"
"14155950159","46-55","Omnivore (i.e., eats meat regularly)","2-3 times a month","Master's Degree","Taste, Health, Animal Welfare","*Natural Grocers* (ex: Whole Foods), *Conventional Grocers* (ex: Stop & Shop, Safeway), *Small neighborhood Grocers*","Male","Moderately soft","Not at all hard","Slightly soft","Slightly hard","Slightly fatty","Slightly soft","Like very much","Like somewhat","Pungent onion+ overly sweet sauce","Onion, sweetness","Like very much","Extremely meaty","Not at all hard","Spiciness, texture, taste was minimal","Fatty, Salty, Meaty, Smoky, Good aftertaste","Presentation was messy","Not at all fatty","Not at all soft","Smoky, Savory, Salty, Sweet, Fatty","Extremely soft","Not at all hard","Not at all fibrous","Not at all fatty","Fatty, Holds together, Firm / Hard, Tough","Salty n sweet","Dislike very much","The taste was pronounced and dominated by 1 or 2 ingredients","Slightly hard","Like somewhat","Condiments and arugula","Cheese and sweet sauce","Onions and overly sweet flavor","Moist, Springy, Gummy, Soft / Mushy","Moderately fibrous","Neither like nor dislike","Synthetic taste, \""meat\"" taste like soy","Dislike somewhat","Weird aftertaste, Off-flavor, Sweet, Smoky","Tough, Firm / Hard, Springy","Not at all meaty","Very fibrous","Like somewhat","Dislike somewhat","Strong, Smoky","Dislike somewhat","Springy, Soft / Mushy, Gummy","Not at all fatty","Not at all meaty","Not at all fibrous","Dislike somewhat","Dislike somewhat","Very fatty","Moderately meaty","Like","Savory, Smoky","Neither like nor dislike","Gummy, Soft / Mushy, Moist, Springy","Moderately soft","Not at all hard","Not at all fatty","Not at all meaty","Not at all fibrous","Dislike somewhat","Off-flavor, Sweet","Dislike somewhat","Tough, Chewy, Holds together","Very meaty","Not at all fibrous","Like","Meat was premium and pickles were great and abundant","Bun was soggy mess, onions were large and pungent","Like somewhat"
"14407285609","26-35","Omnivore (i.e., eats meat regularly)","2-3 times a month","Master's Degree","Taste, Health, Price, Familiarity (what I'm used to), Convenience","*Discount Grocers* (ex: Trader Joe's, Lidl, Aldi)","Female","Moderately soft","Moderately hard","Moderately soft","Not at all hard","Slightly fatty","Very soft","Like somewhat","Like very much","burger, sauce, whatever else was on it, cheese?","no dislike, maybe more vegetable on it","Like","Very meaty","Not at all hard","patty glabor, fresh jalapeno","Meaty, Good aftertaste","bun got soggy, messy, hard to eat","Slightly fatty","Moderately soft","Weird aftertaste","Moderately soft","Moderately hard","Slightly fibrous","Moderately fatty","Moist","burger, flavor","Neither like nor dislike","dry, needs some kind of sauce","Not at all hard","Dislike somewhat","the sauce and the level of cooked mushroom is and the rosemary","cheese, burger","peppery, served cold","Crumbly / Grainy","Very fibrous","Like somewhat","bottom bun rock hard, slight sweetenss","Neither like nor dislike","Good aftertaste","Holds together","Moderately meaty","Slightly fibrous","Dislike somewhat","Like","Bland, Smoky","Like very much","Crispy / Crunchy, Holds together, Firm / Hard, Dry","Not at all fatty","Not at all meaty","Very fibrous","Dislike","Neither like nor dislike","Moderately fatty","Moderately meaty","Like","Earthy / Soil, Savory","Dislike somewhat","Soft / Mushy","Moderately soft","Not at all hard","Not at all fatty","Not at all meaty","Slightly fibrous","Like very much","Fatty, Good aftertaste, Meaty, Salty, Savory","Like very much","Holds together","Extremely meaty","Moderately fibrous","Neither like nor dislike","pickles, burger flavor","soggy bun, served cold","Like very much"
"13104084315","26-35","Omnivore (i.e., eats meat regularly)","Once a week","Ph.D. or higher","Price","*Bulk Grocers* (ex: Costco, Sam's Club), *Discount Grocers* (ex: Trader Joe's, Lidl, Aldi), *Small neighborhood Grocers*","Female","Moderately soft","Moderately hard","Slightly soft","Very hard","Moderately fatty","Slightly soft","Like somewhat","Like","One spice stands out, cannot remember the name but I like it","The one veg that is not tomato is not bad but  too plain","Like","Very meaty","Moderately hard","Bean taste/texture, smokiness","Weird aftertaste, Meaty, Strong, Savory, Sweet","Mayo and hard to hold","Not at all fatty","Extremely soft","Earthy / Soil, Meaty, Strong","Moderately soft","Slightly hard","Moderately fibrous","Slightly fatty","Soft / Mushy, Chewy, Moist, Crispy / Crunchy","Toasting and sesame bun, meat (kind of)","Neither like nor dislike","The thing in the patty that is not bean and the aftertaste","Moderately hard","Dislike somewhat","Arugula and mushroom","Meaty, fatty","Strong peppery? Flavor","Moist, Chewy","Very fibrous","Neither like nor dislike","Mayo and over toasting","Dislike somewhat","Bland, Fatty","Holds together, Gummy, Firm / Hard","Very meaty","Very fibrous","Dislike somewhat","Dislike somewhat","Earthy / Soil, Strong, Smoky, Weird aftertaste","Like somewhat","Soft / Mushy, Crispy / Crunchy, Holds together","Not at all fatty","Not at all meaty","Not at all fibrous","Dislike somewhat","Like somewhat","Very fatty","Very meaty","Like","Good aftertaste, Savory, Earthy / Soil, Strong, Smoky","Like somewhat","Moist, Soft / Mushy, Springy","Extremely soft","Slightly hard","Not at all fatty","Slightly meaty","Not at all fibrous","Like somewhat","Savory, Fatty, Meaty, Strong","Like","Firm / Hard, Springy","Very meaty","Slightly fibrous","Like very much","Balanced, classic flavor","A bit much onion, I prefer slightly more well done patty","Like somewhat"
"14156197713","26-35","Omnivore (i.e., eats meat regularly)","Once a week","Some College","Taste","*Conventional Grocers* (ex: Stop & Shop, Safeway), *Big Box Retailers* (ex: Target, Walmart), *Bulk Grocers* (ex: Costco, Sam's Club)","Male","Not at all soft","Not at all hard","Moderately soft","Not at all hard","Slightly fatty","Slightly soft","Dislike somewhat","Neither like nor dislike","Good sauce","Weird aftertaste","Like","Very meaty","Slightly hard","Flavor of the beans","Good aftertaste, Meaty, Strong","Too soft , and fell apart","Moderately fatty","Moderately soft","Smoky, Weird aftertaste","Moderately soft","Not at all hard","Not at all fibrous","Slightly fatty","Holds together, Soft / Mushy","Flavor, sauces","Like very much","A little dry","Not at all hard","Like somewhat","A lot of flavor","Meat flavor","The beans doesn’t combine really good with the rest of the burger","Holds together","Not at all fibrous","Like very much","Did not dislike","Like very much","Meaty, Good aftertaste","Holds together, Firm / Hard","Very meaty","Not at all fibrous","Like somewhat","Like somewhat","Smoky, Bland","Like somewhat","Holds together, Crumbly / Grainy, Dry","Not at all fatty","Moderately meaty","Slightly fibrous","Like","Like","Not at all fatty","Slightly meaty","Neither like nor dislike","Weird aftertaste","Dislike somewhat","Soft / Mushy, Moist, Chewy","Extremely soft","Moderately hard","Slightly fatty","Very meaty","Moderately fibrous","Neither like nor dislike","Weird aftertaste","Like somewhat","Holds together","Slightly meaty","Not at all fibrous","Like","Flavor, meat patty size, sauce","The size of the tomato cut","Like"
"14158164164","26-35","Omnivore (i.e., eats meat regularly)","Everyday","Bachelor's Degree","Health","*Small neighborhood Grocers*","Male","Moderately soft","Slightly hard","Not at all soft","Slightly hard","Moderately fatty","Moderately soft","Dislike","Like very much","Juicy and the meat was great","Nothing.","Like very much","Extremely meaty","Not at all hard","Spice","Smoky, Fatty, Meaty, Savory, Strong, Salty, Good aftertaste","The bun was soggy. It was impossible to eat as a burger","Moderately fatty","Moderately soft","Good aftertaste, Salty, Strong, Smoky, Meaty, Savory, Fatty, Sweet","Moderately soft","Not at all hard","Not at all fibrous","Moderately fatty","Moist, Fatty, Holds together, Firm / Hard","Everything was great. Maybe have an option for light on the dressing","Like very much","It felt dry and lacked sauce. Also I rather have meat or chicken","Not at all hard","Like very much","The mushroom was cooked perfectly","It tasted delicious and had a nice twist with the flavors.","Nothing. It was amazing","Fatty, Moist, Holds together, Crispy / Crunchy, Chewy","Slightly fibrous","Like very much","Nothing it was great.","Like very much","Meaty, Strong, Good aftertaste, Savory, Fatty, Salty","Holds together, Fatty, Moist","Very meaty","Not at all fibrous","Dislike somewhat","Dislike somewhat","Savory, Earthy / Soil, Bland","Neither like nor dislike","Soft / Mushy, Dry","Not at all fatty","Not at all meaty","Very fibrous","Like very much","Like very much","Moderately fatty","Extremely meaty","Dislike somewhat","Savory, Smoky","Dislike","Moist, Soft / Mushy","Moderately soft","Not at all hard","Not at all fatty","Not at all meaty","Not at all fibrous","Like very much","Fatty, Savory, Strong, Meaty, Good aftertaste","Like very much","Moist, Holds together","Very meaty","Slightly fibrous","Like very much","It was perfect. The meat had a nice char to it and taste","Nothing. It was amazing","Like very much"
"14155480659","36-45","Flexitarian (i.e., eats meat occasionally)","Once every 1-2 months","Bachelor's Degree","Familiarity (what I'm used to)","*Conventional Grocers* (ex: Stop & Shop, Safeway)","Female","Moderately soft","Moderately hard","Very soft","Moderately hard","Moderately fatty","Moderately soft","Dislike","Like","I like the smokey  taste","The bun got a bit soggy","Dislike somewhat","Very meaty","Moderately hard","Its too dry and unsavory","Bland","The additional tarragon with this is too powerful taste for this burger","Very fatty","Not at all soft","Smoky, Savory","Moderately soft","Moderately hard","Moderately fibrous","Moderately fatty","Moist, Dry, Gummy","Tasty sauce","Neither like nor dislike","Too dry and unsavory","Moderately hard","Like somewhat","I love the taste of mushroom with arugula","A  unique taste for a hamburger","None","Firm / Hard, Springy","Moderately fibrous","Neither like nor dislike","A bit messy","Dislike somewhat","Sweet, Savory","Gummy, Sticky, Soft / Mushy, Moist","Very meaty","Moderately fibrous","Dislike very much","Dislike very much","Earthy / Soil, Weird aftertaste, Bland","Dislike very much","Crumbly / Grainy, Dry, Brittle, Tough","Not at all fatty","Not at all meaty","Very fibrous","Like","Like somewhat","Moderately fatty","Very meaty","Dislike very much","Strong, Earthy / Soil, Weird aftertaste","Dislike very much","Gummy, Chewy, Soft / Mushy","Moderately soft","Not at all hard","Not at all fatty","Moderately meaty","Slightly fibrous","Like very much","Savory, Good aftertaste, Smoky, Strong","Like somewhat","Tough, Springy, Crispy / Crunchy, Firm / Hard, Chewy","Very meaty","Moderately fibrous","Dislike","The burger was a bit under cooked and was over loaded with condiments","Undercooked and took much condiments (tomato onions pickles)","Dislike somewhat"
"16503386524","Greater than 55","Omnivore (i.e., eats meat regularly)","2-3 times a week","Bachelor's Degree","Taste","*Natural Grocers* (ex: Whole Foods)","Male","Slightly soft","Not at all hard","Moderately soft","Moderately hard","Slightly fatty","Moderately soft","Like very much","Like very much","Char taste, soft bun","N/a","Like","Very meaty","Slightly hard","Patty shape, firm","Savory","N/A","Slightly fatty","Slightly soft","Salty, Fatty, Savory, Good aftertaste, Smoky, Strong","Moderately soft","Not at all hard","Not at all fibrous","Not at all fatty","Crispy / Crunchy","Sauce & mixture","Like very much","Needed more veggies","Not at all hard","Like very much","Mushroom flavor,  grill taste","Bacon & cheese","No avacado","Firm / Hard, Moist, Chewy, Holds together","Moderately fibrous","Like very much","Needed a smoky cheese","Like very much","Savory, Good aftertaste, Sweet","Moist, Firm / Hard, Holds together","Slightly meaty","Not at all fibrous","Dislike somewhat","Neither like nor dislike","Earthy / Soil, Bland","Like very much","Chewy, Holds together, Firm / Hard","Not at all fatty","Not at all meaty","Not at all fibrous","Like very much","Like very much","Not at all fatty","Very meaty","Like very much","Savory, Fatty, Good aftertaste, Earthy / Soil","Like very much","Soft / Mushy, Moist","Very soft","Not at all hard","Slightly fatty","Not at all meaty","Very fibrous","Like very much","Smoky, Sweet","Like very much","Fatty, Moist, Crispy / Crunchy, Holds together, Chewy","Very meaty","Moderately fibrous","Like","Tomato & onion.. all the fixings... Lean meat","Messy","Like"
"14152989806","Greater than 55","Flexitarian (i.e., eats meat occasionally)","2-3 times a week","Bachelor's Degree","Taste, Price, Convenience","*Grocery Delivery Services* (ex: Instacart, Amazon Fresh), *Conventional Grocers* (ex: Stop & Shop, Safeway), *Discount Grocers* (ex: Trader Joe's, Lidl, Aldi)","Female","Slightly soft","Moderately hard","Extremely soft","Not at all hard","Moderately fatty","Moderately soft","Dislike","Like somewhat","Texture,","No  onions or pickles","Dislike","Moderately meaty","Moderately hard","Consistency","Meaty, Weird aftertaste","Burnt. Barely any bread","Moderately fatty","Very soft","Salty, Weird aftertaste, Fatty","Extremely soft","Not at all hard","Very fibrous","Moderately fatty","Soft / Mushy, Fatty, Gummy, Chewy","Flavor, consistency","Like","No onion. No pickles. No tomato","Not at all hard","Like somewhat","I only liked the arugula. Lol","It has a burger bun and cheese!!","Too raw","Gummy, Fatty, Sticky","Moderately fibrous","Like","Patties too thin","Like","Savory, Good aftertaste, Smoky","Moist, Fibrous / Stringy, Holds together","Not at all meaty","Slightly fibrous","Like somewhat","Dislike somewhat","Bland, Earthy / Soil, Weird aftertaste","Neither like nor dislike","Soft / Mushy, Fibrous / Stringy, Moist","Not at all fatty","Not at all meaty","Very fibrous","Dislike somewhat","Like somewhat","Very fatty","Moderately meaty","Dislike","Earthy / Soil, Salty, Weird aftertaste, Strong","Dislike somewhat","Crumbly / Grainy, Soft / Mushy, Moist, Gummy, Chewy","Moderately soft","Moderately hard","Not at all fatty","Slightly meaty","Extremely fibrous","Neither like nor dislike","Good aftertaste","Neither like nor dislike","Soft / Mushy, Fibrous / Stringy","Moderately meaty","Moderately fibrous","Dislike","Raw. Super raw! Moooo!","Too raw and soggy","Dislike very much"
"18165479304","36-45","Omnivore (i.e., eats meat regularly)","4-5 times a year","Bachelor's Degree","Taste, Price, Health, Environment","*Natural Grocers* (ex: Whole Foods), *Conventional Grocers* (ex: Stop & Shop, Safeway), *Small neighborhood Grocers*","Male","Not at all soft","Moderately hard","Moderately soft","Moderately hard","Slightly fatty","Moderately soft","Like","Dislike somewhat","Smoky flavor was nice","Gritty spongy texture and bits of onion","No response","Extremely meaty","Moderately hard","A lot of flavor! The jalapeno added some welcome spice and I love taste and texture of beans","No response","It was kind of difficult to eat and the dried herbs (rosemary, thyme) were kind of overwhelming","Moderately fatty","Slightly soft","Bland, Savory","Moderately soft","Moderately hard","Not at all fibrous","Moderately fatty","No response","It felt substantial with the double patty","Dislike somewhat","Maybe a little mushy but I don't hate that","Not at all hard","Like","Substantial and meaty in mushroom way lots of umami like peppery arugula feels fresh and healthy","The bacon cheese and sauce were tasty, I appreciated that it was a little \""bloody\"" had a nice diversity of textures","It didn't have a strong beefy flavor and the texture seemed a little weird","Fatty, Holds together, Tough","Not at all fibrous","Dislike","Way too saucy, the meat was very crumbly and neither moist nor crispy","Dislike somewhat","Bland, Sweet","Crumbly / Grainy","Moderately meaty","Not at all fibrous","Like very much","Like very much","Savory, Smoky, Earthy / Soil","Like","Gummy, Soft / Mushy","Not at all fatty","Not at all meaty","Not at all fibrous","Like","Like somewhat","Slightly fatty","Moderately meaty","Like","Meaty, Earthy / Soil, Savory","Like","Moist, Firm / Hard","Not at all soft","Not at all hard","Not at all fatty","Very meaty","Not at all fibrous","Like somewhat","Savory, Meaty, Smoky","Dislike","Dry, Crumbly / Grainy","Moderately meaty","Not at all fibrous","No response","No response","No response","No response"
"14159330646","46-55","Omnivore (i.e., eats meat regularly)","Once every 1-2 months","Master's Degree","Health, Taste","*Bulk Grocers* (ex: Costco, Sam's Club), *Small neighborhood Grocers*","Male","Moderately soft","Not at all hard","Extremely soft","Not at all hard","Slightly fatty","Moderately soft","Like somewhat","Like very much","Maillard reaction and burnt flavoe","Salty","Like somewhat","Moderately meaty","Slightly hard","Jalepeno","Sweet","The texture of the mushroom was slimy","Slightly fatty","Very soft","Savory, Salty, Smoky, Meaty","Moderately soft","Moderately hard","Not at all fibrous","Moderately fatty","Moist, Holds together","Meaty flavor","Dislike somewhat","Stuck to my teeth","Not at all hard","Dislike somewhat","Rosemary and sauce had a nice flavor","Flavor","Salty","Tough","Not at all fibrous","Like somewhat","Stale bread","Like","Sweet, Meaty","Tough, Chewy","Moderately meaty","Not at all fibrous","Like somewhat","Dislike somewhat","Smoky, Earthy / Soil","Dislike somewhat","Chewy","Not at all fatty","Not at all meaty","Slightly fibrous","Like very much","Dislike somewhat","Slightly fatty","Very meaty","Like","Savory","Dislike","Gummy","Slightly soft","Slightly hard","Not at all fatty","Not at all meaty","Not at all fibrous","Like somewhat","Meaty, Smoky, Savory, Salty","Like","Moist, Crispy / Crunchy","Very meaty","Not at all fibrous","Like","Flavor","Patty had no flavor","Like"
"15104090788","36-45","Omnivore (i.e., eats meat regularly)","Once a week","Bachelor's Degree","Familiarity (what I'm used to)","*Conventional Grocers* (ex: Stop & Shop, Safeway), *Big Box Retailers* (ex: Target, Walmart), *Natural Grocers* (ex: Whole Foods)","Female","Moderately soft","Moderately hard","Moderately soft","Moderately hard","Extremely fatty","Moderately soft","Like","Like somewhat","Smoky & nice cheese + Dijon mustard","Tomato","Like","Extremely meaty","Moderately hard","Jalapeño and beans","Fatty, Savory, Strong, Meaty","Fell apart","Not at all fatty","Moderately soft","Savory, Smoky, Good aftertaste, Meaty, Strong","Extremely soft","Not at all hard","Slightly fibrous","Moderately fatty","Moist, Fatty, Fibrous / Stringy, Springy, Crispy / Crunchy","Sauce & double patty","Like somewhat","Not meat lol","Moderately hard","Like","Loveee rosemary & mushrooms & goat cheese","The bacon & cheese","Meat is too rare","Fatty, Soft / Mushy, Moist","Slightly fibrous","Like","Dry","Neither like nor dislike","Bland","Crumbly / Grainy, Holds together, Dry","Moderately meaty","Moderately fibrous","Like somewhat","Like somewhat","Savory, Smoky","Neither like nor dislike","Soft / Mushy, Sticky, Crispy / Crunchy","Slightly fatty","Moderately meaty","Slightly fibrous","Like","Like somewhat","Very fatty","Extremely meaty","Like","Strong, Good aftertaste, Earthy / Soil, Savory","Like","Firm / Hard, Springy, Moist","Moderately soft","Moderately hard","Slightly fatty","Slightly meaty","Not at all fibrous","Like","Strong, Meaty, Savory, Smoky, Good aftertaste","Like somewhat","Holds together, Chewy, Moist, Fatty","Very meaty","Slightly fibrous","Like somewhat","Good thick meat and the pickles and cheese is classic","Almost raw onion and tomato","Like"
"12013149714","26-35","Omnivore (i.e., eats meat regularly)","2-3 times a month","Bachelor's Degree","Price, Taste, Convenience, Animal Welfare, Health","*Conventional Grocers* (ex: Stop & Shop, Safeway), *Small neighborhood Grocers*","Male","Moderately soft","Slightly hard","Not at all soft","Moderately hard","Slightly fatty","Moderately soft","Like somewhat","Like somewhat","Texture of bun and patty are both good","There is charred, crunchy layer on the outside of the patty that I don't like the taste or texture of","Dislike somewhat","Slightly meaty","Slightly hard","The texture of the patty and bun are pretty good","Bland","Too much sauce, bun is completely soggy/disintegrated","Not at all fatty","Moderately soft","Sweet, Smoky, Savory, Salty","Moderately soft","Not at all hard","Very fibrous","Moderately fatty","Fibrous / Stringy, Chewy, Holds together, Tough","Nothing","Neither like nor dislike","No sauce and barely any toppings, pretty bland and a little dry","Not at all hard","Dislike somewhat","Nicely seasoned and textured mushroom, moist and flavorful","The sauce is pretty good","The patty is gristly and the bacon is weirdly dry and bland","Chewy, Holds together, Moist","Extremely fibrous","Dislike very much","Too much sauce, too much bread, really thin, bland, chewy patties","Dislike","Bland","Soft / Mushy","Moderately meaty","Moderately fibrous","Dislike somewhat","Like somewhat","Smoky, Savory, Salty, Earthy / Soil","Like somewhat","Crumbly / Grainy, Soft / Mushy","Slightly fatty","Not at all meaty","Not at all fibrous","Like somewhat","Dislike","Slightly fatty","Very meaty","Like","Earthy / Soil, Savory, Smoky, Salty","Like","Moist, Springy","Moderately soft","Not at all hard","Not at all fatty","Slightly meaty","Slightly fibrous","Dislike somewhat","Off-flavor, Weird aftertaste, Sweet, Fatty, Savory, Smoky","Dislike somewhat","Crispy / Crunchy, Moist","Very meaty","Slightly fibrous","Like somewhat","Good amount of toppings","There's no bottom bun and the whole burger has basically fallen apart. Top bun is soggy and patty is dry.","Dislike very much"
"14156019906","46-55","Omnivore (i.e., eats meat regularly)","2-3 times a month","Some College","Taste","*Conventional Grocers* (ex: Stop & Shop, Safeway), *Grocery Delivery Services* (ex: Instacart, Amazon Fresh), *Bulk Grocers* (ex: Costco, Sam's Club)","Female","Moderately soft","Slightly hard","Moderately soft","Slightly hard","Not at all fatty","Slightly soft","Like very much","Like somewhat","The taste of the meat","It is cold and no lettuce","Like somewhat","Very meaty","Slightly hard","The flavor","Savory, Good aftertaste, Strong","It fell apart and had a bit too much mayo on the top","Not at all fatty","Very soft","Savory, Strong, Good aftertaste","Very soft","Not at all hard","Not at all fibrous","Not at all fatty","Soft / Mushy, Moist","No","Dislike very much","I don’t like beans","Not at all hard","Dislike","The flavor","The flavor of the meat","The meat is too raw","Moist, Holds together, Soft / Mushy","Slightly fibrous","Dislike very much","The lettuce is warm- gross- the patties are super thin and flavor is off","Dislike very much","Bland, Off-flavor, Weird aftertaste","Soft / Mushy, Sticky","Not at all meaty","Not at all fibrous","Like somewhat","Like","Earthy / Soil","Like somewhat","Soft / Mushy, Moist","Not at all fatty","Very meaty","Moderately fibrous","Like somewhat","Like somewhat","Not at all fatty","Very meaty","Like very much","Savory, Good aftertaste, Earthy / Soil, Strong","Like very much","Soft / Mushy","Moderately soft","Moderately hard","Not at all fatty","Very meaty","Not at all fibrous","Like somewhat","Meaty, Smoky","Neither like nor dislike","Soft / Mushy, Holds together","Very meaty","Not at all fibrous","Dislike","The tomatoes and meat","Too raw - the bread fell apart and soggy on bottom","Dislike"
"19203181203","36-45","Omnivore (i.e., eats meat regularly)","Once every 1-2 months","Master's Degree","Price","*Discount Grocers* (ex: Trader Joe's, Lidl, Aldi)","Non-binary","Moderately soft","Moderately hard","Extremely soft","Not at all hard","Slightly fatty","Moderately soft","Dislike somewhat","Like somewhat","Multiple flavors","Missing lettuce, soggy bun","Like","Moderately meaty","Moderately hard","Pepper, beans","Bland","Messy, fell apart","Moderately fatty","Extremely soft","Smoky, Strong","Slightly soft","Slightly hard","Moderately fibrous","Very fatty","Soft / Mushy","Looked good, warm","Neither like nor dislike","Dry, boring","Not at all hard","Like somewhat","Mushroom, greens","Peppery","Strange texture","Crumbly / Grainy, Soft / Mushy","Moderately fibrous","Dislike somewhat","Taste, fell apart","Dislike somewhat","Weird aftertaste, Off-flavor","Sticky","Moderately meaty","Moderately fibrous","Like somewhat","Neither like nor dislike","Savory, Bland","Dislike somewhat","Crumbly / Grainy, Dry","Not at all fatty","Moderately meaty","Moderately fibrous","Like somewhat","Dislike somewhat","Moderately fatty","Moderately meaty","Neither like nor dislike","Earthy / Soil","Neither like nor dislike","Chewy, Springy","Very soft","Slightly hard","Slightly fatty","Moderately meaty","Moderately fibrous","Like somewhat","Meaty, Savory","Like somewhat","Holds together, Fatty","Moderately meaty","Moderately fibrous","Like","Multiple fresh ingredients, onion, big tomato","Raw inside, fell apart","Dislike"
"14158103043","Greater than 55","Flexitarian (i.e., eats meat occasionally)","Once a week","Bachelor's Degree","Health","*Conventional Grocers* (ex: Stop & Shop, Safeway)","Female","Moderately soft","Moderately hard","Moderately soft","Moderately hard","Slightly fatty","Slightly soft","Like somewhat","Like somewhat","I like the taste of patties cooked medium rare not so dry.","Color  texture","Like somewhat","Slightly meaty","Moderately hard","Just the bread","Meaty","Tons of spices","Slightly fatty","Not at all soft","Off-flavor","Moderately soft","Moderately hard","Slightly fibrous","Slightly fatty","Dry","The color and texture","Neither like nor dislike","The patties dry and it taste like a beans","Moderately hard","Dislike somewhat","The taste of the bread and the mushroom","Thicker, patties looks good","The taste and color of the patties","Dry","Moderately fibrous","Neither like nor dislike","Thinly and dry surface or texture","Neither like nor dislike","Bland","Dry","Moderately meaty","Slightly fibrous","Dislike somewhat","Dislike","Earthy / Soil","Dislike","Dry","Slightly fatty","Not at all meaty","Slightly fibrous","Dislike","Neither like nor dislike","Moderately fatty","Slightly meaty","Like somewhat","Bland","Like somewhat","Soft / Mushy","Moderately soft","Moderately hard","Slightly fatty","Moderately meaty","Moderately fibrous","Like somewhat","Meaty","Like somewhat","Springy","Moderately meaty","Slightly fibrous","Like somewhat","The patties and the bread","The patties a bit dry and not well done","Like somewhat"
"14083981754","Greater than 55","Flexitarian (i.e., eats meat occasionally)","2-3 times a month","Bachelor's Degree","Health","*Directly from the brand/manufacturer's website*, *Grocery Delivery Services* (ex: Instacart, Amazon Fresh), *Discount Grocers* (ex: Trader Joe's, Lidl, Aldi)","Female","Slightly soft","Not at all hard","Moderately soft","Not at all hard","Slightly fatty","Extremely soft","Like somewhat","Like somewhat","Patty looked nicely charred","Thin  burger and bun was soggy","Like","Moderately meaty","Not at all hard","Plant based. Can see whole bean","Savory, Meaty, Fatty","Sloppy and cold","Moderately fatty","Slightly soft","Salty, Smoky, Savory","Moderately soft","Not at all hard","Not at all fibrous","Slightly fatty","Crispy / Crunchy, Moist","Saucy","Dislike somewhat","Bun is lackluster","Not at all hard","Dislike somewhat","Good flavor","Bacon!","Too salty","Holds together","Not at all fibrous","Like somewhat","Too much sauce","Like somewhat","Salty, Savory","Soft / Mushy, Gummy, Sticky","Not at all meaty","Not at all fibrous","Like somewhat","Like somewhat","Earthy / Soil, Smoky","Like","Moist, Crumbly / Grainy, Holds together","Not at all fatty","Not at all meaty","Slightly fibrous","Like","Like somewhat","Moderately fatty","Moderately meaty","Like","Meaty","Like","Holds together","Not at all soft","Slightly hard","Not at all fatty","Not at all meaty","Moderately fibrous","Like somewhat","Good aftertaste, Meaty","Like somewhat","Holds together, Moist","Moderately meaty","Not at all fibrous","Like","Tasty and good condiments and temperature was warm","Bun was soggy","Like"
"14702570874","18-25","Omnivore (i.e., eats meat regularly)","Once a week","Bachelor's Degree","Price","*Conventional Grocers* (ex: Stop & Shop, Safeway)","Female","Slightly soft","Moderately hard","Extremely soft","Not at all hard","Very fatty","Slightly soft","Neither like nor dislike","Like","Soft bun, flavorful sauce","nothing","Like somewhat","Very meaty","Very hard","patty flavor, bun flavor","Fatty","too herby, bun too soggy","Slightly fatty","Extremely soft","Meaty, Salty, Smoky","Extremely soft","Not at all hard","Slightly fibrous","Not at all fatty","Chewy, Gummy, Soft / Mushy","soft bun, moist","Neither like nor dislike","dry, patty too mushy","Not at all hard","Dislike somewhat","mushrooms, arugula","bacon","too rare patty, too salty","Gummy, Soft / Mushy","Slightly fibrous","Neither like nor dislike","mayo, too thin patty","Neither like nor dislike","Bland","Tough","Moderately meaty","Slightly fibrous","Like somewhat","Like somewhat","Earthy / Soil","Like somewhat","Holds together, Soft / Mushy","Not at all fatty","Not at all meaty","Very fibrous","Neither like nor dislike","Dislike","Very fatty","Extremely meaty","Like somewhat","Strong","Dislike somewhat","Sticky, Soft / Mushy","Moderately soft","Slightly hard","Not at all fatty","Not at all meaty","Extremely fibrous","Like","Sweet","Like","Holds together","Moderately meaty","Slightly fibrous","Dislike somewhat","it has vegetables","patty is almost raw","Dislike"
"13107665724","26-35","Omnivore (i.e., eats meat regularly)","2-3 times a month","Bachelor's Degree","Taste, Health, Price","*Discount Grocers* (ex: Trader Joe's, Lidl, Aldi), *Bulk Grocers* (ex: Costco, Sam's Club), *Conventional Grocers* (ex: Stop & Shop, Safeway)","Female","Slightly soft","Slightly hard","Slightly soft","Slightly hard","Slightly fatty","Slightly soft","Dislike somewhat","Like somewhat","Bun is very soft and fluffy. Sauce tastes good","Patty is too small for the size of the bun. I would like more veggies too","Like","Very meaty","Slightly hard","The bun and green peppers","Good aftertaste, Meaty, Salty","It was way too soggy. I couldn’t pick up the bottom of the burger","Not at all fatty","Moderately soft","Meaty, Salty, Weird aftertaste","Very soft","Not at all hard","Moderately fibrous","Not at all fatty","Moist, Soft / Mushy","Visually appealing, I like that it has two layers. Smells good and is saucy. I think it’s a Big Mac - or it makes me feel nostalgic","Like","I didn’t like the appearance, beany taste, or the smell. It was not visually appealing or appetizing","Not at all hard","Like somewhat","The burger had a nice herby flavor and pleasant combination of sauce and veggies. I don’t typically like mushrooms but even I thought it was cooks well.","The cheese and sauce taste very nice paired with this bun.","The bacon didn’t add flair and flavor like I’d expect it too. I think it needed to be crispier. I also dont think the burger looks very appealing even though it tastes good","Chewy","Moderately fibrous","Like very much","Nothing, I like it because I’m used to Big Macs. In a typical restaurant, I’d say it needs a bigger bun and slightly thicker patty.","Like very much","Sweet, Meaty, Savory, Good aftertaste","Chewy, Holds together, Springy","Slightly meaty","Slightly fibrous","Dislike very much","Dislike very much","Off-flavor, Weird aftertaste, Earthy / Soil","Dislike very much","Fibrous / Stringy, Dry","Not at all fatty","Not at all meaty","Very fibrous","Like","Dislike somewhat","Very fatty","Moderately meaty","Like","Good aftertaste, Savory, Earthy / Soil","Dislike somewhat","Soft / Mushy","Very soft","Not at all hard","Slightly fatty","Slightly meaty","Very fibrous","Like somewhat","Savory, Meaty, Bland","Dislike somewhat","Chewy, Holds together","Slightly meaty","Very fibrous","Like very much","The burger is flavorful and juicy. Vegetables taste fresh and the sauces blend well together.","It was more “rare” than I would typically select (personal preference). It was also a bit soggy due to the thick slice of tomato.","Like"
"14158156583","36-45","Omnivore (i.e., eats meat regularly)","Once a week","Bachelor's Degree","Taste","*Natural Grocers* (ex: Whole Foods)","Male","Moderately soft","Not at all hard","Not at all soft","Very hard","Not at all fatty","Extremely soft","Like very much","Like","Tasty and filling","Nothing at all","No response","Moderately meaty","Not at all hard","The jalapeño","No response","Wasn’t more to eat","Moderately fatty","Not at all soft","Smoky","Not at all soft","Very hard","Not at all fibrous","Very fatty","No response","Taste like a Big Mac","Like","The taste and dryness","Extremely hard","Like somewhat","Juiciness and flavor","The smoky after taste","A little burnt","Dry, Crispy / Crunchy","Slightly fibrous","Like somewhat","Too much sauce","Like","Good aftertaste","Moist, Soft / Mushy","Not at all meaty","Slightly fibrous","Dislike","Dislike","Weird aftertaste, Off-flavor","Dislike","Tough, Dry","Not at all fatty","Not at all meaty","Not at all fibrous","Like","Like","Moderately fatty","Very meaty","Like very much","Savory, Good aftertaste","Like very much","Soft / Mushy, Moist","Extremely soft","Not at all hard","Moderately fatty","Not at all meaty","Very fibrous","Like","Meaty","Like","Moist, Holds together","Very meaty","Not at all fibrous","No response","No response","No response","No response"
"14158718441","Greater than 55","Omnivore (i.e., eats meat regularly)","2-3 times a month","Bachelor's Degree","Price, Taste, Convenience, Animal Welfare","*Conventional Grocers* (ex: Stop & Shop, Safeway), *Discount Grocers* (ex: Trader Joe's, Lidl, Aldi), *Natural Grocers* (ex: Whole Foods)","Male","Moderately soft","Moderately hard","Moderately soft","Slightly hard","Moderately fatty","Moderately soft","Dislike","Like very much","Great taste!  Texture looked like it was carefully grilled.","Bun looked like a sponge.  Or maybe like dried oatmeal that was too grainy.","Like very much","Very meaty","Moderately hard","Sharp and tangy flavor.  Has an eye opening taste that is surprising.","Good aftertaste, Savory, Meaty","Fell apart immediately.  Bun was soaked with additive ingredients. Needdd a spoon to eat this.","Moderately fatty","Moderately soft","Earthy / Soil, Weird aftertaste, Smoky, Off-flavor, Strong","Moderately soft","Slightly hard","Slightly fibrous","Moderately fatty","Moist, Holds together, Springy","Appears and tastes like a meat burger.  I was surprised by the taste!","Like very much","Doesn’t fit as a traditional burger.  Too strong.","Moderately hard","Dislike","Clearly saw the mushroom potabello ingredient.  Heavy additive sauce.","It took some effort to create this.  It’s a new product that I don’t recognize.","It looked like a potato filler.  Seasoning were the only ingredient that i detected.","Soft / Mushy, Sticky, Chewy, Gummy","Moderately fibrous","Like very much","A bit oily on the hands.  A bit too much sauce.","Like very much","Sweet, Good aftertaste, Meaty, Savory","Holds together, Moist","Very meaty","Slightly fibrous","Dislike somewhat","Dislike somewhat","Earthy / Soil, Savory, Strong, Off-flavor","Like somewhat","Crumbly / Grainy, Springy","Moderately fatty","Moderately meaty","Moderately fibrous","Dislike","Neither like nor dislike","Extremely fatty","Not at all meaty","Dislike","Fatty, Weird aftertaste, Strong","Dislike very much","Crumbly / Grainy, Fatty, Soft / Mushy, Sticky, Moist, Gummy","Extremely soft","Not at all hard","Extremely fatty","Not at all meaty","Moderately fibrous","Like very much","Good aftertaste, Earthy / Soil, Meaty, Smoky, Savory","Like very much","Holds together, Springy, Moist, Chewy, Crispy / Crunchy","Very meaty","Very fibrous","Like very much","Patty had appealing color.  A blend of various colors.  Bun stayed intact.","It looked perfect to me.  Everything that I liked in a burger!","Like very much"
"14152152610","46-55","Flexitarian (i.e., eats meat occasionally)","Once a week","Bachelor's Degree","Environment, Health, Taste","*Natural Grocers* (ex: Whole Foods), *Discount Grocers* (ex: Trader Joe's, Lidl, Aldi), *Conventional Grocers* (ex: Stop & Shop, Safeway)","Female","Moderately soft","Moderately hard","Slightly soft","Not at all hard","Moderately fatty","Moderately soft","Neither like nor dislike","Like somewhat","Juicy and plump","Nothing it was good","Dislike somewhat","Moderately meaty","Moderately hard","Don’t like","Weird aftertaste, Off-flavor","Weird mayo combo","Moderately fatty","Not at all soft","Weird aftertaste, Strong","Slightly soft","Moderately hard","Very fibrous","Moderately fatty","Tough","Juicy glamorous tasty","Like somewhat","Jalapeño and spicy","Moderately hard","Like","Well cooked tasty interesting combo","Warm meaty crispy bacon","Nothing it was flavorful","Sticky, Chewy, Crispy / Crunchy","Moderately fibrous","Like somewhat","Had a great taste","Like","Salty, Strong","Holds together, Crispy / Crunchy, Chewy","Slightly meaty","Slightly fibrous","Dislike","Dislike","Strong, Weird aftertaste","Dislike somewhat","Holds together, Springy","Slightly fatty","Not at all meaty","Slightly fibrous","Like","Like somewhat","Moderately fatty","Moderately meaty","Like somewhat","Savory, Good aftertaste, Strong","Like somewhat","Chewy, Springy, Fibrous / Stringy","Moderately soft","Not at all hard","Moderately fatty","Not at all meaty","Not at all fibrous","Like somewhat","Good aftertaste, Smoky","Like somewhat","Moist","Moderately meaty","Moderately fibrous","Dislike somewhat","Not very tasty kinda strange","Tangy weird aftertaste","Dislike somewhat"
"17328127346","26-35","Omnivore (i.e., eats meat regularly)","2-3 times a week","Some College","Health, Price, Convenience","*Conventional Grocers* (ex: Stop & Shop, Safeway), *Natural Grocers* (ex: Whole Foods), *Discount Grocers* (ex: Trader Joe's, Lidl, Aldi)","Male","Moderately soft","Slightly hard","Moderately soft","Not at all hard","Moderately fatty","Very soft","Like somewhat","Like somewhat","It had few simple add-ons and the sauce was good","Nothing to dislike","Like somewhat","Very meaty","Slightly hard","Seemed pretty bland and simple","Savory, Meaty","It was hard to pick up and fell apart easily","Very fatty","Moderately soft","Meaty, Salty, Savory, Good aftertaste","Not at all soft","Moderately hard","Slightly fibrous","Moderately fatty","Soft / Mushy, Moist","Great size and had lettuce","Like","No condiment or add-ons","Slightly hard","Like very much","I liked how saucy it was and the taste it really good","Holds together really well and has great taste","Could use some lettuce or pickle","Firm / Hard, Crispy / Crunchy, Holds together","Moderately fibrous","Like very much","A little too much sauce and sort of fell apart","Like very much","Salty, Savory, Good aftertaste","Sticky, Moist, Soft / Mushy","Moderately meaty","Moderately fibrous","Neither like nor dislike","Like somewhat","Bland, Earthy / Soil","Neither like nor dislike","Soft / Mushy, Holds together, Crumbly / Grainy, Dry","Not at all fatty","Not at all meaty","Very fibrous","Like very much","Like","Very fatty","Moderately meaty","Like","Earthy / Soil, Savory, Salty","Like somewhat","Chewy, Fibrous / Stringy, Soft / Mushy","Very soft","Not at all hard","Not at all fatty","Not at all meaty","Very fibrous","Like","Smoky, Meaty, Savory","Like","Holds together, Moist, Crispy / Crunchy","Very meaty","Moderately fibrous","Like somewhat","I liked that the burger taste and the look.","Tomato was too big and bread was a bit too soggy","Like"
"16508632352","18-25","Omnivore (i.e., eats meat regularly)","Once a week","Master's Degree","Taste, Health, Convenience","*Conventional Grocers* (ex: Stop & Shop, Safeway), *Bulk Grocers* (ex: Costco, Sam's Club), *Discount Grocers* (ex: Trader Joe's, Lidl, Aldi)","Female","Very soft","Not at all hard","Very soft","Not at all hard","Moderately fatty","Extremely soft","Neither like nor dislike","Like somewhat","paty and tomato","cheese, also barely had a bite of meat on\nit","Like","Extremely meaty","Not at all hard","texture and flavor","Meaty, Good aftertaste, Salty","texture of party and flavor","Moderately fatty","Moderately soft","Meaty, Off-flavor, Weird aftertaste","Moderately soft","Not at all hard","Moderately fibrous","Very fatty","Holds together, Fatty, Chewy","texture and cheese","Like very much","beans are whole and crumbly","Not at all hard","Like somewhat","greens and condimento","patty and bun","cheese and sauce","Gummy, Moist","Moderately fibrous","Like very much","oily condiments","Like very much","Good aftertaste, Meaty, Fatty","Soft / Mushy, Fatty, Holds together","Extremely meaty","Moderately fibrous","Like","Like","Salty, Good aftertaste","Dislike somewhat","Soft / Mushy, Crumbly / Grainy, Brittle","Not at all fatty","Not at all meaty","Moderately fibrous","Dislike somewhat","Like","Moderately fatty","Moderately meaty","Dislike somewhat","Fatty, Weird aftertaste, Strong","Dislike very much","Gummy, Brittle, Fatty","Slightly soft","Not at all hard","Extremely fatty","Not at all meaty","Moderately fibrous","Like","Good aftertaste, Meaty, Fatty","Like","Fatty, Springy, Holds together","Moderately meaty","Moderately fibrous","Like somewhat","veggies and fresh meat flovir","too many toppings and thin bun","Like very much"
"19166904445","36-45","Omnivore (i.e., eats meat regularly)","2-3 times a week","Trade School","Environment, Familiarity (what I'm used to), Convenience, Health, Taste, Price, Animal Welfare","*Discount Grocers* (ex: Trader Joe's, Lidl, Aldi), *Conventional Grocers* (ex: Stop & Shop, Safeway)","Male","Not at all soft","Not at all hard","Not at all soft","Not at all hard","Slightly fatty","Slightly soft","Dislike","Like very much","I don’t know what type of cheese it was, but it was sharp enough to match the seasoning of the patty and the tomato was a perfect addition and it was fresh and cut thick","Nothing at all.","Like very much","Extremely meaty","Not at all hard","I liked the addition of the fresh jalapeño and I can appreciate a veggie or vegan patty. Good flavor, a huge fan of the texture.","Meaty, Strong","Only the mushy and slimy mushrooms. It there was a patty I would probably have liked it.","Slightly fatty","Not at all soft","Smoky, Good aftertaste, Savory","Slightly soft","Not at all hard","Not at all fibrous","Slightly fatty","Crispy / Crunchy, Moist","I like the take on the “big Mac” and I like that the bun was toasted to give it some crunch.","Like very much","Just the texture. A little dry.","Slightly hard","Like very much","I don’t mushrooms unless they aren’t slimy and mushy. All of the ingredients were there, just not the mushrooms.","I liked the barbecue sauce mixed with the bacon. It was like a southwestern type of burger.","Maybe the bacon was a little overcooked, but it was hard to judge by one bite. I did like how thick it was.","Moist, Holds together, Crispy / Crunchy","Not at all fibrous","Like somewhat","I think I would have liked it better if I didn’t add condiments. I didn’t realize there was already sauce on it.","Like","Meaty","Crispy / Crunchy, Holds together","Extremely meaty","Not at all fibrous","Like somewhat","Like","Savory, Good aftertaste, Salty, Earthy / Soil","Like","Crumbly / Grainy, Crispy / Crunchy, Dry","Not at all fatty","Not at all meaty","Not at all fibrous","Like very much","Like","Slightly fatty","Extremely meaty","Dislike","Earthy / Soil","Dislike somewhat","Soft / Mushy, Gummy","Extremely soft","Not at all hard","Not at all fatty","Not at all meaty","Not at all fibrous","Like very much","Smoky, Meaty, Salty, Good aftertaste, Savory","Like very much","Fatty, Moist, Chewy, Holds together, Springy","Extremely meaty","Moderately fibrous","Like somewhat","I feel like it was a classic California style burger. It was a little too much to eat in one tiny bite with more onions than burger. If I had 2 bites I would put mustard on it.","Nothing except the serving size","Like very much"
"14153732583","36-45","Flexitarian (i.e., eats meat occasionally)","Once every 1-2 months","Some College","Health","*Discount Grocers* (ex: Trader Joe's, Lidl, Aldi)","Male","Moderately soft","Not at all hard","Moderately soft","Not at all hard","Not at all fatty","Moderately soft","Like","Like","flavor","cold","No response","Moderately meaty","Not at all hard","texture","No response","NA","Not at all fatty","Moderately soft","Sweet, Salty","Very soft","Not at all hard","Not at all fibrous","Not at all fatty","No response","flavor","Like very much","dryness","Not at all hard","Like somewhat","flavor","NA","too soft","Gummy, Soft / Mushy","Slightly fibrous","Like very much","NA","Like very much","Meaty, Savory, Sweet, Good aftertaste","Chewy, Holds together, Soft / Mushy","Very meaty","Moderately fibrous","Like","Like","Good aftertaste, Bland","Like","Soft / Mushy, Dry","Not at all fatty","Not at all meaty","Not at all fibrous","Dislike somewhat","Neither like nor dislike","Not at all fatty","Not at all meaty","Like","Earthy / Soil, Smoky","Like somewhat","Chewy, Firm / Hard","Moderately soft","Slightly hard","Not at all fatty","Moderately meaty","Moderately fibrous","Like","Sweet, Earthy / Soil, Smoky","Like somewhat","Holds together, Moist","Moderately meaty","Not at all fibrous","No response","No response","No response","No response"
"14158859631","18-25","Flexitarian (i.e., eats meat occasionally)","Once a week","Bachelor's Degree","Health, Taste, Price","*Big Box Retailers* (ex: Target, Walmart), *Discount Grocers* (ex: Trader Joe's, Lidl, Aldi), *Conventional Grocers* (ex: Stop & Shop, Safeway)","Female","Not at all soft","Extremely hard","Very soft","Very hard","Very fatty","Extremely soft","Like somewhat","Like somewhat","the cheese","the patty is too chewy","Like very much","Moderately meaty","Slightly hard","the patty","Salty, Good aftertaste, Sweet","the mushroom","Very fatty","Extremely soft","Savory, Fatty","Very soft","Very hard","Very fibrous","Slightly fatty","Chewy, Moist","the middle of the burger","Like very much","the jalapeño","Not at all hard","Like","it felt plant based a lot of mushroom and greens","the sauce","the bacon","Moist, Tough","Very fibrous","Like","the sauce","Like very much","Sweet, Good aftertaste, Savory","Fibrous / Stringy, Soft / Mushy, Chewy","Very meaty","Very fibrous","Dislike","Dislike somewhat","Salty, Strong","Dislike","Soft / Mushy, Brittle","Very fatty","Slightly meaty","Slightly fibrous","Like","Like somewhat","Moderately fatty","Very meaty","Like somewhat","Bland, Earthy / Soil, Savory","Like somewhat","Soft / Mushy, Moist, Gummy","Extremely soft","Not at all hard","Moderately fatty","Not at all meaty","Very fibrous","Like","Meaty, Earthy / Soil, Bland","Like somewhat","Firm / Hard, Dry, Chewy","Very meaty","Very fibrous","Like","i liked the patty and the sauce","the tomatoes and pickles","Like very much"
"16504386523","Greater than 55","Flexitarian (i.e., eats meat occasionally)","Once a week","Bachelor's Degree","Taste, Environment, Price","*Discount Grocers* (ex: Trader Joe's, Lidl, Aldi), *Bulk Grocers* (ex: Costco, Sam's Club), *Natural Grocers* (ex: Whole Foods)","Female","Very soft","Slightly hard","Extremely soft","Not at all hard","Not at all fatty","Moderately soft","Like very much","Like very much","Taste is flavorful. Very good.","Nothing","Like very much","Extremely meaty","Slightly hard","The spicy.  The beans.","Savory","Rosemary too strong","Not at all fatty","Moderately soft","Savory, Good aftertaste","Very soft","Not at all hard","Moderately fibrous","Not at all fatty","Holds together, Moist","Great texture.  Great taste.","Like very much","Nothing","Not at all hard","Like very much","Delicious","The taste and flavoring is good. Texture is good","Bacon was chewy","Crispy / Crunchy, Holds together","Not at all fibrous","Like very much","nothing","Like very much","Savory","Holds together, Dry","Very meaty","Slightly fibrous","Like very much","Like very much","Savory, Sweet, Strong","Like very much","Moist, Holds together","Not at all fatty","Very meaty","Slightly fibrous","Like very much","Like very much","Not at all fatty","Very meaty","Like very much","Savory","Like very much","Soft / Mushy","Very soft","Not at all hard","Not at all fatty","Very meaty","Moderately fibrous","Like very much","Savory","Like very much","Holds together, Firm / Hard","Very meaty","Slightly fibrous","Like very much","Love the flavor","Little undercooked","Like very much"
"14152335019","36-45","Omnivore (i.e., eats meat regularly)","2-3 times a week","Bachelor's Degree","Taste, Familiarity (what I'm used to), Price, Health","*Conventional Grocers* (ex: Stop & Shop, Safeway), *Grocery Delivery Services* (ex: Instacart, Amazon Fresh)","Female","Moderately soft","Slightly hard","Extremely soft","Not at all hard","Not at all fatty","Extremely soft","Like somewhat","Like","The moistness and flavor","Nothing","Like very much","Extremely meaty","Not at all hard","Nothing","Good aftertaste, Savory","The sauce","Not at all fatty","Slightly soft","Weird aftertaste, Earthy / Soil, Off-flavor, Strong","Extremely soft","Not at all hard","Slightly fibrous","Not at all fatty","Holds together, Moist","Nicely moist and good texture","Like very much","The texture and flavor","Moderately hard","Dislike","I like the flavor and texture","Nothing","The texture and flavor","Gummy, Holds together, Moist","Slightly fibrous","Like somewhat","Nothing","Like","Savory, Off-flavor, Good aftertaste, Meaty, Sweet","Holds together, Chewy, Moist","Extremely meaty","Slightly fibrous","Dislike","Dislike","Weird aftertaste, Off-flavor, Bland","Dislike","Soft / Mushy, Dry, Holds together","Not at all fatty","Not at all meaty","Not at all fibrous","Dislike","Dislike","Not at all fatty","Extremely meaty","Dislike somewhat","Weird aftertaste, Strong, Earthy / Soil","Like","Chewy, Holds together, Gummy, Fatty, Moist","Very soft","Not at all hard","Slightly fatty","Very meaty","Slightly fibrous","Like","Savory, Sweet, Good aftertaste, Meaty","Like very much","Moist, Holds together, Chewy","Very meaty","Slightly fibrous","Like very much","Texture,flavor","It was a little bit red on the inside","Like very much"
"14155090338","26-35","Omnivore (i.e., eats meat regularly)","Once every 1-2 months","Bachelor's Degree","Health","*Discount Grocers* (ex: Trader Joe's, Lidl, Aldi)","Male","Moderately soft","Moderately hard","Moderately soft","Not at all hard","Extremely fatty","Very soft","Like very much","Like","Bbq flavor, bigger patty","Tomato bland, bun bland","Like very much","Extremely meaty","Slightly hard","Earthy and big","Fatty, Salty, Meaty","Nothing","Slightly fatty","Slightly soft","Savory, Strong, Meaty","Moderately soft","Moderately hard","Moderately fibrous","Very fatty","Moist, Holds together, Springy, Gummy","There’s vegetables, sauce is like in n out","Like somewhat","No meat, very much fiber","Slightly hard","Like very much","Mushrooms and sauce","Bacon and cheese","Nothing really, very good","Fatty, Moist, Firm / Hard","Moderately fibrous","Like very much","Very thin patty, bread is okay","Like somewhat","Good aftertaste, Earthy / Soil","Chewy","Not at all meaty","Not at all fibrous","Dislike somewhat","Dislike somewhat","Bland, Earthy / Soil","Like somewhat","Crispy / Crunchy, Crumbly / Grainy, Fibrous / Stringy","Not at all fatty","Not at all meaty","Very fibrous","Like very much","Like somewhat","Very fatty","Very meaty","Like very much","Fatty, Meaty, Earthy / Soil, Good aftertaste","Like","Holds together, Fibrous / Stringy","Very soft","Very hard","Slightly fatty","Not at all meaty","Extremely fibrous","Like somewhat","Meaty, Smoky","Like","Fatty, Moist","Very meaty","Moderately fibrous","Like very much","Feels like a traditional burger, very meaty","Nothing","Like very much"
"16505500557","26-35","Omnivore (i.e., eats meat regularly)","2-3 times a month","Bachelor's Degree","Taste, Animal Welfare, Health, Price","*Bulk Grocers* (ex: Costco, Sam's Club)","Male","Moderately soft","Moderately hard","Very soft","Not at all hard","Very fatty","Slightly soft","Like","Like somewhat","Good, regulat","Small patty, falls apart","Like very much","Extremely meaty","Moderately hard","Vegan, healthy","Meaty, Fatty, Strong, Savory","Not a meaty burger, mushy","Slightly fatty","Moderately soft","Smoky, Meaty","Extremely soft","Not at all hard","Not at all fibrous","Moderately fatty","Moist, Chewy","Familiarity with big Mac. Sauce is nice and thick","Like somewhat","Crumbly, not a typical taste you expect from a burger","Moderately hard","Like","Unique, mushroom","Meaty, typical","Bbq sauce, n/a","Chewy, Holds together","Slightly fibrous","Like","Tough to eat without making a mess. Generic","Like","Fatty, Sweet","Brittle, Soft / Mushy","Slightly meaty","Not at all fibrous","Like somewhat","Like somewhat","Off-flavor, Earthy / Soil","Dislike somewhat","Crumbly / Grainy, Dry","Not at all fatty","Not at all meaty","Moderately fibrous","Like","Like","Moderately fatty","Very meaty","Like","Strong, Savory","Like somewhat","Soft / Mushy, Chewy","Very soft","Not at all hard","Not at all fatty","Not at all meaty","Not at all fibrous","Like","Strong, Meaty","Like","Chewy","Very meaty","Slightly fibrous","Like very much","Huge patty, nice condiments","Falls apart, small","Like"
"16282892014","36-45","Omnivore (i.e., eats meat regularly)","Once a week","Some College","Taste","*Grocery Delivery Services* (ex: Instacart, Amazon Fresh), *Small neighborhood Grocers*, *Natural Grocers* (ex: Whole Foods)","Male","Moderately soft","Slightly hard","Moderately soft","Slightly hard","Moderately fatty","Moderately soft","Like","Like","Very flavorful","A little too much char, a bit of sweetness","Like","Very meaty","Not at all hard","Has a good taste","Meaty, Fatty, Sweet, Salty, Strong","A little too much rosemary","Moderately fatty","Moderately soft","Weird aftertaste, Off-flavor","Extremely soft","Not at all hard","Moderately fibrous","Slightly fatty","Moist, Soft / Mushy, Chewy, Fatty","Reminds me of a big mac","Like very much","Very dry","Moderately hard","Dislike somewhat","Very flavorful","Cheese was good good","Patty was very rare.","Chewy, Soft / Mushy","Slightly fibrous","Like","Nothing","Like","Good aftertaste, Sweet, Meaty, Savory","Soft / Mushy, Firm / Hard, Chewy, Moist","Slightly meaty","Slightly fibrous","Dislike somewhat","Neither like nor dislike","Earthy / Soil, Smoky","Like somewhat","Dry, Fibrous / Stringy, Holds together, Soft / Mushy","Not at all fatty","Moderately meaty","Very fibrous","Dislike","Dislike","Not at all fatty","Very meaty","Like","Savory, Strong, Earthy / Soil, Salty, Good aftertaste","Like","Chewy, Soft / Mushy, Moist","Moderately soft","Moderately hard","Not at all fatty","Very meaty","Very fibrous","Like","Savory, Meaty, Sweet, Smoky","Like","Firm / Hard, Holds together, Chewy, Dry","Very meaty","Moderately fibrous","Like","Flavor and softness","Soggy bread, onion over powered the meat","Like"
"12074004474","26-35","Omnivore (i.e., eats meat regularly)","Once every 1-2 months","Bachelor's Degree","Taste, Price","*Discount Grocers* (ex: Trader Joe's, Lidl, Aldi), *Small neighborhood Grocers*, *Conventional Grocers* (ex: Stop & Shop, Safeway)","Female","Slightly soft","Not at all hard","Slightly soft","Not at all hard","Very fatty","Not at all soft","Like","Like somewhat","Good texture and juicy","Slightly off flavor, a little too bouncy","Like very much","Extremely meaty","Extremely hard","Filling","Savory, Fatty, Salty, Meaty","Fell apart","Not at all fatty","Very soft","Salty, Savory, Fatty, Strong, Smoky, Sweet, Meaty","Very soft","Not at all hard","Moderately fibrous","Moderately fatty","Chewy, Moist, Fatty","Na","Dislike","Mushy texture, visually unappealing","Not at all hard","Like","Flavorful","Meaty and flavorfuk","Soggy bun","Moist, Fibrous / Stringy, Holds together, Fatty","Not at all fibrous","Dislike","Flat, carboardy, off taste","Dislike","Weird aftertaste, Bland, Off-flavor","Chewy, Springy, Dry, Fibrous / Stringy, Tough","Not at all meaty","Not at all fibrous","Neither like nor dislike","Like somewhat","Salty, Bland","Dislike somewhat","Soft / Mushy","Not at all fatty","Not at all meaty","Not at all fibrous","Like","Like","Very fatty","Very meaty","Like","Strong, Savory, Smoky, Earthy / Soil","Like","Moist, Chewy","Extremely soft","Not at all hard","Very fatty","Very meaty","Moderately fibrous","Like somewhat","Meaty, Bland, Sweet","Like somewhat","Firm / Hard, Gummy","Moderately meaty","Slightly fibrous","Like","Meaty, very realistic","Na","Like"
"15027416217","26-35","Flexitarian (i.e., eats meat occasionally)","2-3 times a month","Ph.D. or higher","Health, Price, Environment, Taste","*Bulk Grocers* (ex: Costco, Sam's Club), *Discount Grocers* (ex: Trader Joe's, Lidl, Aldi), *Small neighborhood Grocers*","Male","Not at all soft","Slightly hard","Slightly soft","Not at all hard","Moderately fatty","Slightly soft","Like somewhat","Like very much","Looks good, the burger was juicy, the cheese is good","Nothing major. The bottom bun got a little wet / smooshed from the tomato","Like","Extremely meaty","Slightly hard","Taste is good - pepper compliments the flavor.","Good aftertaste, Meaty, Salty, Savory","It’s almost fully fallen apart so it’s not really like a burger - you have to stab it to eat","Moderately fatty","Moderately soft","Salty, Smoky, Savory, Strong, Good aftertaste","Slightly soft","Moderately hard","Moderately fibrous","Moderately fatty","Moist, Holds together, Springy, Fatty","Seems like a Big Mac. The sauce is great and the size feels substantial.","Like","It’s a bit thin, and not in the smashburger way but in a way where it doesn’t stand out from the bun / it feels like I’m eating as much or more bun than burger","Moderately hard","Like","The flavor is good! Umami and the sauce pairs well","Seems like a wendy’s burger. Bacon is always a hit and there seems to be a nice peppery flavor","The meat is small, not sure I tasted it. And the bun wasn’t doing any favors, very plain and flavorless","Soft / Mushy, Holds together, Crispy / Crunchy, Brittle","Moderately fibrous","Like somewhat","Feels like a lot of bread and not much meat. Maybe too much sauce too, it overpowers the burger. The bun is boring.","Like somewhat","Sweet, Strong","Crispy / Crunchy, Soft / Mushy","Moderately meaty","Not at all fibrous","Like somewhat","Like","Earthy / Soil, Strong, Good aftertaste","Like somewhat","Holds together, Soft / Mushy, Dry","Not at all fatty","Slightly meaty","Slightly fibrous","Like somewhat","Like","Moderately fatty","Slightly meaty","Like very much","Savory, Good aftertaste","Like somewhat","Chewy, Soft / Mushy, Springy, Moist","Moderately soft","Not at all hard","Moderately fatty","Moderately meaty","Moderately fibrous","Like","Savory, Meaty, Fatty, Good aftertaste","Like somewhat","Fibrous / Stringy, Springy, Chewy, Moist, Fatty","Very meaty","Very fibrous","Like somewhat","Flavor was nice, traditional burger. Felt substantial from the size of the burger. Melted cheese was nice too","The burger and tomato made the bun soggy so it kinda broke down. The burger also looked a bit red / undercooked","Like"
"14409151911","26-35","Omnivore (i.e., eats meat regularly)","4-5 times a year","Bachelor's Degree","Convenience, Taste, Price, Familiarity (what I'm used to)","*Grocery Delivery Services* (ex: Instacart, Amazon Fresh), *Conventional Grocers* (ex: Stop & Shop, Safeway), *Natural Grocers* (ex: Whole Foods)","Male","Moderately soft","Slightly hard","Slightly soft","Moderately hard","Moderately fatty","Slightly soft","Like","Like","I like the cheese and saltiness of the patty. They complemented each other nicely. Also like how it’s not too thick or wet.","It’s a bit dry. The flavor is also a little bland. I think something brightness like mustard work make it better","Like","Very meaty","Slightly hard","I like the dryness and the texture","Fatty, Savory","It was too wet and the burger fell apart. I don’t think the texture of the entire burger worked. Some parts are firm while others are soggy or fibrous.","Moderately fatty","Moderately soft","Salty, Fatty, Savory","Extremely soft","Not at all hard","Not at all fibrous","Moderately fatty","Springy, Firm / Hard","I like the thickness of it. Also the burger has a good texture and flavor. There was also a lot of different flavors which I enjoyed.","Like","The flavor is weird, it just tasted like beans and bread. It’s also quite dry","Slightly hard","Like somewhat","The seasoning comes through nicely. The greens brightened the flavor nicely. The sauce is rich and fills the mouth nicely.","The bacon and the cheese add a nice fattiness to the taste. The pepper is a nice kick as well.","Too soft, feels mushy. The only distinct flavors are the bacon and the pepper, not much flavor otherwise.","Soft / Mushy","Slightly fibrous","Like","The cheese tasted a little off. I think there’s too many flavors.","Like","Savory, Strong, Fatty","Holds together, Dry, Fatty, Chewy","Moderately meaty","Slightly fibrous","Dislike somewhat","Like somewhat","Off-flavor, Savory, Bland","Like somewhat","Dry, Soft / Mushy","Slightly fatty","Not at all meaty","Not at all fibrous","Like somewhat","Dislike somewhat","Moderately fatty","Slightly meaty","Like","Earthy / Soil, Savory","Neither like nor dislike","Moist, Springy","Slightly soft","Moderately hard","Not at all fatty","Not at all meaty","Extremely fibrous","Like","Salty, Fatty, Bland","Like","Firm / Hard, Dry, Holds together","Moderately meaty","Moderately fibrous","Like somewhat","The patty has good consistency and thickness. The vegetables prevent it from being too dry.","The buns are too small. Vegetables cut too large. I couldn’t eat it without it falling apart. Also it was too large to eat all layers in a bite.","Like somewhat"
"16148227951","26-35","Omnivore (i.e., eats meat regularly)","4-5 times a year","Bachelor's Degree","Health, Taste, Price, Convenience","*Grocery Delivery Services* (ex: Instacart, Amazon Fresh), *Conventional Grocers* (ex: Stop & Shop, Safeway)","Female","Very soft","Not at all hard","Slightly soft","Slightly hard","Moderately fatty","Very soft","Like somewhat","Like very much","Juicy, flavorful, soft","Not much in it","Like somewhat","Moderately meaty","Not at all hard","Soft, chewy bun, tastes healthy and clean","Bland","A bit too salty, texture is too uniformly soft","Slightly fatty","Extremely soft","Strong, Good aftertaste, Savory","Extremely soft","Not at all hard","Slightly fibrous","Slightly fatty","Gummy, Tough, Firm / Hard, Fatty, Holds together, Springy","Soft, flavorful sauce, easy to eat","Like","Kind of plain and bland, texture too soft, not much flavor","Not at all hard","Like very much","Tastes healthy, is soft and easy to chew","Flavorful, soft, easy to chew, has some spice","Nothing","Fatty, Holds together, Moist, Soft / Mushy","Slightly fibrous","Like","Bottom bun is too hard, sauce flavor is a bit overwhelming","Like","Strong, Savory, Good aftertaste","Dry, Crispy / Crunchy","Slightly meaty","Not at all fibrous","Like","Like","Savory, Bland, Earthy / Soil","Like somewhat","Chewy, Soft / Mushy, Holds together","Not at all fatty","Not at all meaty","Not at all fibrous","Like very much","Like very much","Very fatty","Very meaty","Like somewhat","Savory, Earthy / Soil, Salty","Dislike somewhat","Soft / Mushy, Moist","Extremely soft","Not at all hard","Not at all fatty","Not at all meaty","Not at all fibrous","Like very much","Savory, Sweet","Like","Moist, Soft / Mushy","Very meaty","Not at all fibrous","Dislike","Thick patty, flavorful","Patty does not have much flavor and I don’t like the texture. There is too much pickle and I don’t like pickle. The burger falls apart too easily","Dislike somewhat"
"14158307898","26-35","Omnivore (i.e., eats meat regularly)","Once a week","Some College","Taste, Health, Convenience, Price","*Natural Grocers* (ex: Whole Foods), *Discount Grocers* (ex: Trader Joe's, Lidl, Aldi), *Bulk Grocers* (ex: Costco, Sam's Club)","Female","Moderately soft","Not at all hard","Moderately soft","Slightly hard","Slightly fatty","Moderately soft","Dislike somewhat","Like very much","It’s flavorful, meaty and good taste","It reds more veggies and onions.","Like very much","Extremely meaty","Slightly hard","It has good flavoring and it wasn’t too dry","Bland, Fatty, Meaty","The herbs over powered the burger side it was falling apart.","Slightly fatty","Moderately soft","Meaty, Savory, Good aftertaste, Smoky","Moderately soft","Not at all hard","Not at all fibrous","Slightly fatty","Fatty, Moist","It’s flavorful and easy to eat","Like very much","It falls apart easily and it crumbly","Moderately hard","Like very much","The mushroom is a good size and it’s juicy.","It’s juicy, flavorful and meaty","More vegetables","Moist, Holds together, Soft / Mushy","Moderately fibrous","Like very much","It has too much sauce and not enough vegetables","Like very much","Savory, Good aftertaste, Meaty","Soft / Mushy, Moist, Holds together","Moderately meaty","Not at all fibrous","Like somewhat","Like somewhat","Savory, Earthy / Soil, Sweet","Like somewhat","Dry, Crumbly / Grainy","Not at all fatty","Not at all meaty","Not at all fibrous","Like very much","Like very much","Not at all fatty","Moderately meaty","Dislike somewhat","Earthy / Soil, Strong","Like somewhat","Soft / Mushy, Moist","Extremely soft","Not at all hard","Not at all fatty","Not at all meaty","Very fibrous","Like very much","Smoky, Savory, Good aftertaste, Meaty, Fatty","Like very much","Holds together, Fatty, Moist","Extremely meaty","Not at all fibrous","Like very much","The party is juicy and thick. It had good flavoring.","It needed more on it. May more condiments.","Like very much"
"16153474349","36-45","Flexitarian (i.e., eats meat occasionally)","Once a week","Ph.D. or higher","Health, Price, Environment","*Conventional Grocers* (ex: Stop & Shop, Safeway), *Small neighborhood Grocers*, *Bulk Grocers* (ex: Costco, Sam's Club)","Male","Moderately soft","Not at all hard","Not at all soft","Moderately hard","Not at all fatty","Extremely soft","Like somewhat","Like somewhat","Less salty than 413 & similar  taste not as oniony","Slightly oily","No response","Very meaty","Not at all hard","Very dry","No response","Falls apart too easy","Moderately fatty","Not at all soft","Smoky, Savory","Moderately soft","Not at all hard","Slightly fibrous","Slightly fatty","No response","Meat was juicy. Bun hd sesame seeds","Like","Taste like flour, chalk & very tough","Very hard","Like very much","Mushroom juice taste","Bacon, onion taste didn't overpower. Best meat flavor of tasting","Bread could be softer.","Holds together, Firm / Hard","Very fibrous","Dislike somewhat","Sauce was over powering. Very mayo tasting.","Dislike somewhat","Strong, Savory, Weird aftertaste","Moist, Holds together","Slightly meaty","Not at all fibrous","Dislike somewhat","Dislike very much","Earthy / Soil, Off-flavor, Weird aftertaste","Dislike","Dry, Firm / Hard","Not at all fatty","Not at all meaty","Slightly fibrous","Like very much","Like very much","Moderately fatty","Very meaty","Like somewhat","Earthy / Soil, Savory","Like somewhat","Moist, Soft / Mushy","Moderately soft","Not at all hard","Slightly fatty","Slightly meaty","Very fibrous","Like","Sweet, Savory","Like somewhat","Firm / Hard","Slightly meaty","Moderately fibrous","No response","No response","No response","No response"
"14157060347","26-35","Omnivore (i.e., eats meat regularly)","Once a week","Bachelor's Degree","Animal Welfare","*Bulk Grocers* (ex: Costco, Sam's Club), *Grocery Delivery Services* (ex: Instacart, Amazon Fresh), *Natural Grocers* (ex: Whole Foods)","Male","Not at all soft","Very hard","Very soft","Slightly hard","Moderately fatty","Moderately soft","Neither like nor dislike","Neither like nor dislike","decent balance of texture and flavor","the piece of patty was very small, kinda hard","Like somewhat","Very meaty","Moderately hard","freshness from cilantro and jalapeño complimented the beans","Bland, Meaty","it fell apart, the bun and patty was too soft, the rosemary is way too overpowering and very bitter overall","Moderately fatty","Very soft","Savory","Very soft","Not at all hard","Slightly fibrous","Slightly fatty","Soft / Mushy, Moist","warm, saucy, familiar flavor","Like somewhat","pretty dry, needs a sauce","Not at all hard","Like somewhat","i like the sauce and the arugula. the mushroom patty was warm and had bite to it","good flavor, good texture overall","underwhelming, a little too peppery","Moist, Fibrous / Stringy, Gummy","Not at all fibrous","Like","bun was dry and hard, wish there was more acidity like relish pickle or tomato","Like very much","Fatty, Strong","Soft / Mushy, Chewy, Holds together, Fatty","Moderately meaty","Slightly fibrous","Like somewhat","Like","Strong","Dislike","Holds together, Dry, Soft / Mushy, Gummy","Not at all fatty","Slightly meaty","Not at all fibrous","Like somewhat","Neither like nor dislike","Slightly fatty","Moderately meaty","Dislike","Earthy / Soil, Off-flavor, Weird aftertaste, Strong","Dislike somewhat","Soft / Mushy, Moist","Extremely soft","Not at all hard","Slightly fatty","Not at all meaty","Moderately fibrous","Like somewhat","Salty, Meaty","Neither like nor dislike","Firm / Hard, Tough, Dry","Moderately meaty","Slightly fibrous","Neither like nor dislike","i like the freshness of the burger, and the acidity from the pickles","wayyy too wet, too much pickles, huge chunk of onion, the patty was very wet and red in the middle which grossed me out","Dislike very much"
"14088212099","18-25","Omnivore (i.e., eats meat regularly)","2-3 times a month","Some College","Price, Taste, Convenience","*Discount Grocers* (ex: Trader Joe's, Lidl, Aldi), *Bulk Grocers* (ex: Costco, Sam's Club)","Non-binary","Very soft","Not at all hard","Moderately soft","Slightly hard","Slightly fatty","Moderately soft","Like somewhat","Dislike","did not like","cold, mushy, flat flavor profile","Like","Moderately meaty","Not at all hard","liked the jalapeño","Salty, Meaty, Bland","burger fell apart trying to pick up, rosemary taste too strong, bun got soggy","Moderately fatty","Very soft","Savory, Salty, Good aftertaste","Very soft","Not at all hard","Not at all fibrous","Moderately fatty","Moist","strong flavorful taste, good amount of sauce","Like","the taste and texture of the beans, kind of dry","Not at all hard","Like somewhat","liked the herby taste, mushroom was juicy and flavorful, the arugula paired well with it","the peppery taste, and contrast of the texture of the bacon and the patty","personal preference like burger cooked a little longer, less ketchup","Soft / Mushy, Moist, Holds together","Slightly fibrous","Like","bottom a little too crispy, strong pickle flavor","Like","Savory, Salty","Moist, Crispy / Crunchy","Slightly meaty","Not at all fibrous","Dislike very much","Dislike","Bland, Smoky, Savory","Dislike very much","Crumbly / Grainy, Dry, Holds together","Not at all fatty","Not at all meaty","Slightly fibrous","Like","Like somewhat","Moderately fatty","Moderately meaty","Like somewhat","Earthy / Soil, Strong","Like somewhat","Soft / Mushy, Moist","Very soft","Not at all hard","Not at all fatty","Not at all meaty","Slightly fibrous","Dislike very much","Savory, Meaty","Dislike very much","Moist, Soft / Mushy","Moderately meaty","Not at all fibrous","Like","taste was good felt like a complete burger with all the components in it, burger was thick and juicy","fell apart picking up would not hold together","Like somewhat"
"16504547173","18-25","Omnivore (i.e., eats meat regularly)","Once a week","Bachelor's Degree","Taste, Price, Familiarity (what I'm used to)","*Bulk Grocers* (ex: Costco, Sam's Club), *Discount Grocers* (ex: Trader Joe's, Lidl, Aldi)","Female","Very soft","Slightly hard","Very soft","Slightly hard","Very fatty","Very soft","Neither like nor dislike","Like","Patty had good flavor","Soggy bun","Like very much","Extremely meaty","Not at all hard","Good tangynes","Fatty","Too much mayo","Moderately fatty","Very soft","Earthy / Soil","Moderately soft","Moderately hard","Slightly fibrous","Moderately fatty","Moist","Classic, good sauce","Like very much","A bit dry","Slightly hard","Like somewhat","Good seasoning","Bacon is well cooked","Too much bread","Dry","Moderately fibrous","Like very much","Nothing","Like very much","Good aftertaste","Moist","Extremely meaty","Slightly fibrous","Like somewhat","Like","Smoky","Dislike somewhat","Crumbly / Grainy","Not at all fatty","Not at all meaty","Slightly fibrous","Neither like nor dislike","Dislike","Slightly fatty","Moderately meaty","Like somewhat","Good aftertaste","Dislike","Gummy","Very soft","Not at all hard","Not at all fatty","Not at all meaty","Not at all fibrous","Like","Meaty","Neither like nor dislike","Moist, Soft / Mushy","Moderately meaty","Not at all fibrous","Like","Good flavor, substantial","Soggy bun","Neither like nor dislike"
"17342334377","18-25","Flexitarian (i.e., eats meat occasionally)","Once every 1-2 months","Bachelor's Degree","Environment, Taste","*Small neighborhood Grocers*","Female","Moderately soft","Moderately hard","Extremely soft","Not at all hard","Extremely fatty","Slightly soft","Like very much","Like very much","Flavors mesh really well together, especially the cheese and meat. Great selections there. Tomato was meaty I liked it","Needs a sauce maybe. Also needs some crisp lettuce and onion.","No response","Very meaty","Very hard","The jalapeño adds a complimentary spice to the bland patty. Well the patty isn’t bland but just tastes like bean. They go together nicely. Needs a lil sauce though.","No response","A lil messy lol","Slightly fatty","Not at all soft","Meaty, Smoky, Savory","Moderately soft","Moderately hard","Slightly fibrous","Moderately fatty","No response","I like extra bread layer that was fun. The burger was filling.","Like somewhat","Needs a sauce, probably something like a chipotle aioli. Also, the patty could get a lil spice too.","Moderately hard","Like very much","So juicy and well seasoned omggggg. I also just love mushrooms so hard to go wrong. The arugula was a great choice for greenery.","Okay this got the good stuff. Cheese, bacon, and I think some kind of BBQ sauce. Best part is how peppery the burger is. That’s my type","Could have used some veggies for some more flavor. I would have gone the caramelized onion route.","Firm / Hard, Holds together","Not at all fibrous","Like somewhat","It tasted like McDonalds, which is not really a good thing. The patty was drowned by the bread and sauce, it needs some greenery or veggies on it to balance this out. If there’s gonna be another bread layer there’s gotta be another patty. And add veggies.","Neither like nor dislike","Savory, Salty, Off-flavor, Fatty","Firm / Hard, Crispy / Crunchy","Very meaty","Slightly fibrous","Like","Like","Bland","Like very much","Dry","Not at all fatty","Moderately meaty","Very fibrous","Like very much","Like very much","Slightly fatty","Very meaty","Like very much","Earthy / Soil, Savory","Like very much","Moist, Fatty, Chewy, Soft / Mushy","Very soft","Not at all hard","Moderately fatty","Very meaty","Moderately fibrous","Like very much","Savory, Meaty, Salty","Like very much","Holds together, Springy, Moist","Moderately meaty","Slightly fibrous","No response","No response","No response","No response"
"12245150389","18-25","Omnivore (i.e., eats meat regularly)","Once every 1-2 months","Bachelor's Degree","Price, Taste, Health, Convenience, Environment","*Discount Grocers* (ex: Trader Joe's, Lidl, Aldi), *Conventional Grocers* (ex: Stop & Shop, Safeway), *Natural Grocers* (ex: Whole Foods)","Female","Not at all soft","Very hard","Slightly soft","Moderately hard","Very fatty","Slightly soft","Like","Like somewhat","I liked the flavor of the burger even though it was a little charred I liked its flavor. I didn’t get much cheese but I think it was good","I didn’t like how little patty there was and how there were no toppings","Like very much","Extremely meaty","Moderately hard","I liked the flavor of the patty the black bean and I appreciated the cilantro and jalapeno","Fatty, Meaty, Good aftertaste, Strong, Savory","I did not like how there was no bottom patty like it wasn’t really a burger more just sautéed mushrooms. Also loved the seasoning but there was a lot of it it was overpowering","Slightly fatty","Extremely soft","Smoky, Earthy / Soil, Off-flavor, Strong","Slightly soft","Very hard","Slightly fibrous","Very fatty","Fatty, Soft / Mushy, Moist","I liked how it was like a Big Mac with the sauce and the chopped white onions and double patty","Neither like nor dislike","I did not like the texture of the patty it was way too dry everything in general was dry and I needed more toppings","Not at all hard","Like somewhat","I really liked the seasoning what was it? Thyme? Rosemary? And I loved the arugula and mayo on there. Also mushrooms well cooked","I liked the attempt at bacon it adds good flavor and I thought the patty was fine like they really tried to get flavor through with lots of black pepper. Cheese was decent","I honestly didn’t love how peppery it was it was too much and there could’ve been more bacon","Tough, Firm / Hard, Dry","Not at all fibrous","Dislike somewhat","I did not like the flavor something was very off. It tasted weird","Dislike","Weird aftertaste, Bland, Off-flavor","Moist, Chewy","Not at all meaty","Slightly fibrous","Neither like nor dislike","Like","Earthy / Soil, Savory","Dislike","Dry, Soft / Mushy","Not at all fatty","Not at all meaty","Slightly fibrous","Like somewhat","Dislike somewhat","Slightly fatty","Slightly meaty","Like very much","Strong, Savory","Like very much","Gummy, Soft / Mushy, Springy, Moist","Extremely soft","Not at all hard","Not at all fatty","Slightly meaty","Not at all fibrous","Like","Meaty, Smoky, Strong","Like","Tough, Crispy / Crunchy, Firm / Hard","Very meaty","Not at all fibrous","Like","I liked the toppings and liked the burger patty and cheese","I did not like the bun at all it was way too soggy. It also didn’t hold up very well but that might just be because it was such a tiny portion","Like somewhat"
"17133987441","46-55","Omnivore (i.e., eats meat regularly)","Once a week","Master's Degree","Taste","*Small neighborhood Grocers*, *Conventional Grocers* (ex: Stop & Shop, Safeway), *Big Box Retailers* (ex: Target, Walmart)","Female","Slightly soft","Moderately hard","Slightly soft","Slightly hard","Moderately fatty","Slightly soft","Like somewhat","Like somewhat","Flavor and texture","Not sure","Like","Very meaty","Very hard","Flavor, savory","Savory, Smoky, Salty, Good aftertaste","Texture","Moderately fatty","Extremely soft","Weird aftertaste, Off-flavor, Savory, Smoky, Fatty","Extremely soft","Not at all hard","Slightly fibrous","Moderately fatty","Firm / Hard, Holds together, Soft / Mushy","Fusion with cheese","Dislike somewhat","Too mushy","Not at all hard","Like very much","Flavor and arugula","Bacon and flavor","Slightly mushy","Moist, Soft / Mushy","Slightly fibrous","Like somewhat","A little hard","Like","Savory, Good aftertaste, Sweet, Meaty","Dry, Firm / Hard","Moderately meaty","Slightly fibrous","Neither like nor dislike","Neither like nor dislike","Savory, Weird aftertaste, Off-flavor","Dislike","Crumbly / Grainy, Soft / Mushy, Gummy","Not at all fatty","Slightly meaty","Slightly fibrous","Like somewhat","Dislike somewhat","Very fatty","Slightly meaty","Like","Savory, Good aftertaste, Earthy / Soil, Strong","Dislike somewhat","Soft / Mushy","Extremely soft","Not at all hard","Slightly fatty","Not at all meaty","Slightly fibrous","Like","Smoky, Salty, Fatty, Strong, Savory, Good aftertaste, Meaty","Like","Firm / Hard, Moist, Holds together, Dry","Very meaty","Moderately fibrous","Like","Taste and texture","Bun too mushy","Like somewhat"
"14156803557","Greater than 55","Omnivore (i.e., eats meat regularly)","2-3 times a month","Bachelor's Degree","Price, Taste, Convenience","*Conventional Grocers* (ex: Stop & Shop, Safeway), *Bulk Grocers* (ex: Costco, Sam's Club)","Male","Moderately soft","Moderately hard","Not at all soft","Very hard","Moderately fatty","Very soft","Dislike somewhat","Like very much","Tomato is a nice touch","A bit on the pink side","Like very much","Very meaty","Not at all hard","Taste like a bean burrito","Savory, Good aftertaste, Earthy / Soil, Fatty, Strong, Meaty","Funny smell and ugly","Moderately fatty","Moderately soft","Savory, Salty, Meaty, Fatty, Good aftertaste","Very soft","Not at all hard","Moderately fibrous","Not at all fatty","Crispy / Crunchy, Holds together, Firm / Hard","Looks and smells like a big Mac","Like","The beans are too big","Moderately hard","Like","Nothing","Real meat with bacon","A bit on the raw side","Soft / Mushy, Fatty, Holds together, Moist","Moderately fibrous","Like","Should be a bit more tangy","Like somewhat","Savory, Fatty, Meaty, Good aftertaste, Sweet","Chewy, Holds together, Moist","Extremely meaty","Slightly fibrous","Dislike somewhat","Like somewhat","Earthy / Soil, Good aftertaste","Neither like nor dislike","Crumbly / Grainy, Firm / Hard, Chewy, Dry, Holds together, Soft / Mushy, Gummy","Not at all fatty","Not at all meaty","Very fibrous","Like very much","Like very much","Moderately fatty","Very meaty","Dislike","Off-flavor, Meaty, Weird aftertaste, Strong, Earthy / Soil","Dislike","Moist, Chewy","Extremely soft","Not at all hard","Not at all fatty","Slightly meaty","Extremely fibrous","Like very much","Strong, Smoky, Meaty","Like","Firm / Hard, Holds together, Tough","Very meaty","Slightly fibrous","Like very much","Tomato and onion is a nice touch","Harder than I thought","Like very much"
"14158675078","Greater than 55","Omnivore (i.e., eats meat regularly)","Once a week","Bachelor's Degree","Taste, Price, Convenience","*Discount Grocers* (ex: Trader Joe's, Lidl, Aldi), *Conventional Grocers* (ex: Stop & Shop, Safeway)","Male","Slightly soft","Moderately hard","Not at all soft","Slightly hard","Not at all fatty","Slightly soft","Neither like nor dislike","Like very much","Crusty charred","Nothing","Like","Moderately meaty","Slightly hard","Looks nice","Good aftertaste","No meat","Not at all fatty","Very soft","Sweet, Savory","Moderately soft","Moderately hard","Slightly fibrous","Not at all fatty","Chewy","Tasty","Like","Tasteless","Not at all hard","Like","Smokey mushrooms","Salsa tasting","Tiny bit hot","Gummy","Moderately fibrous","Like","Wilted lettuce","Like","Meaty","Holds together, Chewy","Moderately meaty","Slightly fibrous","Dislike somewhat","Dislike","Smoky, Earthy / Soil, Weird aftertaste, Off-flavor","Dislike","Crumbly / Grainy","Slightly fatty","Not at all meaty","Very fibrous","Like","Like","Moderately fatty","Very meaty","Like somewhat","Earthy / Soil, Smoky","Neither like nor dislike","Moist, Soft / Mushy","Moderately soft","Not at all hard","Not at all fatty","Not at all meaty","Slightly fibrous","Like very much","Smoky, Good aftertaste","Like very much","Crispy / Crunchy","Very meaty","Moderately fibrous","Like","Thick burger","Too many toppings","Like"
"14159408189","Greater than 55","Flexitarian (i.e., eats meat occasionally)","Once every 1-2 months","Bachelor's Degree","Health, Taste, Price","*Natural Grocers* (ex: Whole Foods), *Discount Grocers* (ex: Trader Joe's, Lidl, Aldi)","Female","Slightly soft","Not at all hard","Slightly soft","Moderately hard","Moderately fatty","Moderately soft","Like very much","Like very much","Juicy, tender, very flavorful","the bun is too soft and boring","Like","Very meaty","Not at all hard","the patty is good and healthy and I like the jalapeño","Strong, Good aftertaste","a little bit messy","Moderately fatty","Moderately soft","Sweet","Moderately soft","Not at all hard","Moderately fibrous","Moderately fatty","Crispy / Crunchy","the bun, the sauce, and the double patty","Neither like nor dislike","dry, needs condiment or sauce","Not at all hard","Like","the smell of rosemary, the added greens, delicious mushrooms","bacon and cheddar cheese","ketchup (or bbq sauce) yuk!","Moist","Moderately fibrous","Like very much","taste exactly like a BigMac, the cheese is processed and the iceberg lettuce is a little soggy","Like","Sweet, Savory, Good aftertaste","Holds together, Fatty","Very meaty","Moderately fibrous","Dislike somewhat","Like somewhat","Bland, Good aftertaste, Earthy / Soil","Like somewhat","Crumbly / Grainy","Not at all fatty","Not at all meaty","Slightly fibrous","Like somewhat","Like","Slightly fatty","Moderately meaty","Like","Earthy / Soil, Savory, Smoky, Good aftertaste","Like","Soft / Mushy, Moist","Very soft","Not at all hard","Moderately fatty","Not at all meaty","Slightly fibrous","Like very much","Meaty, Sweet, Strong","Like","Holds together, Fatty","Very meaty","Moderately fibrous","Like","the patty has a good texture and the pickles are crunchy and tasty","bun is too soggy, overall kind of average","Like"
"15109106084","26-35","Omnivore (i.e., eats meat regularly)","2-3 times a week","Master's Degree","Price, Convenience, Animal Welfare, Taste","*Small neighborhood Grocers*, *Discount Grocers* (ex: Trader Joe's, Lidl, Aldi), *Conventional Grocers* (ex: Stop & Shop, Safeway)","Non-binary","Slightly soft","Moderately hard","Extremely soft","Not at all hard","Moderately fatty","Moderately soft","Neither like nor dislike","Like somewhat","Texture, lack of meat","Lack of meat, compact","Like very much","Very meaty","Moderately hard","Hearty, not greasy","Meaty, Fatty, Savory, Good aftertaste","Where was the meat?","Moderately fatty","Slightly soft","Salty, Good aftertaste, Savory","Moderately soft","Slightly hard","Moderately fibrous","Moderately fatty","Firm / Hard, Holds together, Moist, Fatty","Flavor, texture","Like somewhat","Dry, no flavor","Slightly hard","Like somewhat","Well seasoned, greens were nice","Bacon/salty flavor","Texture & color","Springy, Holds together, Firm / Hard","Moderately fibrous","Like somewhat","Little meat? Where’s the meat","Like","Meaty, Salty, Good aftertaste","Holds together, Firm / Hard, Moist","Moderately meaty","Slightly fibrous","Dislike somewhat","Dislike somewhat","Bland, Weird aftertaste","Neither like nor dislike","Soft / Mushy, Gummy, Dry","Not at all fatty","Not at all meaty","Not at all fibrous","Like","Like somewhat","Moderately fatty","Very meaty","Neither like nor dislike","Fatty, Savory, Smoky","Neither like nor dislike","Springy, Moist","Not at all soft","Moderately hard","Not at all fatty","Not at all meaty","Not at all fibrous","Like somewhat","Smoky, Meaty","Neither like nor dislike","Springy, Firm / Hard","Slightly meaty","Slightly fibrous","Like very much","Meaty, flavor","None","Like very much"
"14156361740","46-55","Omnivore (i.e., eats meat regularly)","2-3 times a week","High School","Taste, Familiarity (what I'm used to), Price, Health","*Discount Grocers* (ex: Trader Joe's, Lidl, Aldi), *Conventional Grocers* (ex: Stop & Shop, Safeway), *Big Box Retailers* (ex: Target, Walmart)","Male","Very soft","Not at all hard","Moderately soft","Not at all hard","Moderately fatty","Slightly soft","Like somewhat","Like somewhat","The burger texture seems a little off, almost structurally unstable.","Bun was a little dry","Like","Moderately meaty","Slightly hard","Nothing","Sweet, Salty, Meaty","It was a mushroom and not a burger","Slightly fatty","Moderately soft","Weird aftertaste, Bland, Off-flavor","Very soft","Not at all hard","Not at all fibrous","Slightly fatty","Moist, Chewy","Tastes like a big Mac from McDonald's","Dislike somewhat","The texture the jalapeno it looked like particle board","Slightly hard","Dislike","The arugula and the sauce","Maybe the ketchup","Everything but the ketchup","Fatty, Soft / Mushy, Springy","Slightly fibrous","Like somewhat","Bottom bun was hard","Neither like nor dislike","Salty, Savory","Chewy, Springy, Fibrous / Stringy","Slightly meaty","Moderately fibrous","Dislike","Dislike","Weird aftertaste, Bland, Earthy / Soil","Dislike very much","Brittle, Dry, Soft / Mushy","Not at all fatty","Not at all meaty","Very fibrous","Dislike","Dislike","Moderately fatty","Slightly meaty","Like somewhat","Meaty, Smoky, Savory, Strong, Weird aftertaste","Dislike somewhat","Tough, Gummy, Springy, Chewy, Firm / Hard","Slightly soft","Moderately hard","Not at all fatty","Not at all meaty","Very fibrous","Like somewhat","Weird aftertaste, Off-flavor","Dislike somewhat","Soft / Mushy","Moderately meaty","Not at all fibrous","Like somewhat","The big chunky cuts of tomatoes and onion and pickle.","Cooked a little too rare","Like somewhat"
"14156016308","Greater than 55","Flexitarian (i.e., eats meat occasionally)","2-3 times a month","Ph.D. or higher","Taste, Health, Price","*Small neighborhood Grocers*, *Conventional Grocers* (ex: Stop & Shop, Safeway)","Male","Moderately soft","Not at all hard","Moderately soft","Slightly hard","Moderately fatty","Moderately soft","Like","Like very much","Good, smoky grill flavor","Did not dislike anything","Like very much","Very meaty","Slightly hard","Holds together like a burger","Fatty, Savory, Earthy / Soil, Meaty, Smoky","Did not dislike anything","Moderately fatty","Slightly soft","Meaty, Savory, Salty, Smoky, Strong","Moderately soft","Slightly hard","Very fibrous","Very fatty","Moist, Tough, Chewy, Firm / Hard, Holds together, Fatty","Tastes like a real burger","Like","Pretty bland","Moderately hard","Like","Good - tastes like mushroom","Flavorful, meaty","A little tough","Firm / Hard, Tough, Holds together, Sticky","Moderately fibrous","Like","Tastes like a fast food burger, good but basic","Like","Meaty, Savory, Salty, Good aftertaste","Holds together, Chewy, Moist, Fatty","Extremely meaty","Slightly fibrous","Neither like nor dislike","Neither like nor dislike","Smoky, Strong, Earthy / Soil","Dislike somewhat","Dry, Holds together, Tough","Not at all fatty","Slightly meaty","Moderately fibrous","Like","Neither like nor dislike","Slightly fatty","Moderately meaty","Like","Earthy / Soil, Good aftertaste, Sweet, Savory","Like","Holds together, Chewy, Firm / Hard, Springy, Moist","Slightly soft","Moderately hard","Not at all fatty","Moderately meaty","Moderately fibrous","Like very much","Savory, Smoky, Salty, Meaty, Fatty","Like very much","Moist, Chewy, Fatty, Holds together","Very meaty","Slightly fibrous","Like very much","Good meaty flavor","A tad tough","Like"
"12102402543","18-25","Omnivore (i.e., eats meat regularly)","2-3 times a week","Bachelor's Degree","Taste, Price, Health","*Conventional Grocers* (ex: Stop & Shop, Safeway), *Small neighborhood Grocers*, *Natural Grocers* (ex: Whole Foods)","Female","Slightly soft","Slightly hard","Moderately soft","Moderately hard","Moderately fatty","Very soft","Like very much","Dislike somewhat","nice char on the patty and combination of flavors","too sweet for my taste","Like somewhat","Moderately meaty","Slightly hard","loved the cilantro and jalepeno. the consistency and flavor of the patty worked perfectly","Meaty, Salty, Savory","bottom bun was soggy and fell apart","Slightly fatty","Moderately soft","Salty","Moderately soft","Slightly hard","Slightly fibrous","Moderately fatty","Holds together, Crispy / Crunchy","the sauce and combination of flavors","Neither like nor dislike","needs some sort of sauce","Slightly hard","Dislike","the seasoning and combination of flavors","well seasoned","too greasy and salty","Chewy, Gummy, Fatty","Not at all fibrous","Like","too much bread not enough protein","Like somewhat","Bland","Fibrous / Stringy, Chewy","Moderately meaty","Very fibrous","Like","Like","Savory, Earthy / Soil","Like very much","Moist, Crumbly / Grainy, Chewy","Not at all fatty","Not at all meaty","Slightly fibrous","Dislike","Dislike","Slightly fatty","Slightly meaty","Like very much","Good aftertaste, Earthy / Soil, Strong, Savory","Like very much","Fibrous / Stringy, Moist","Slightly soft","Not at all hard","Slightly fatty","Very meaty","Moderately fibrous","Dislike somewhat","Smoky, Meaty, Sweet","Like somewhat","Chewy, Springy, Moist","Moderately meaty","Not at all fibrous","Like somewhat","good sear on the burger, good overall flavor. classic burger taste","not a fan of the tomato. slightly undercooked for my taste","Like"
"17168681644","36-45","Omnivore (i.e., eats meat regularly)","2-3 times a week","Some College","Price, Familiarity (what I'm used to), Taste","*Discount Grocers* (ex: Trader Joe's, Lidl, Aldi)","Male","Moderately soft","Not at all hard","Very soft","Not at all hard","Slightly fatty","Very soft","Dislike","Like very much","Nice charred taste consistent tender Patty I like the grilled onions. Bum was decent","Could of been a larger piece","Neither like nor dislike","Moderately meaty","Slightly hard","Decent attempt at a burger with no meat","Salty, Bland","No meat , way too much rosemary was not that complimentary, taste got old fast . Didn’t finish","Not at all fatty","Extremely soft","Good aftertaste, Weird aftertaste, Salty, Meaty, Savory","Extremely soft","Not at all hard","Moderately fibrous","Slightly fatty","Moist","The chopped onion in the sauce was nice","Neither like nor dislike","Tastes just like beans","Not at all hard","Like","Mushrooms was alright","Very tender, juicy , I liked the bacon to","Nothing really","Moist","Slightly fibrous","Neither like nor dislike","Didn’t like look of Patty by color or appearance. Also very thin. Didn’t have any bold unique taste","Neither like nor dislike","Bland, Savory, Off-flavor","Soft / Mushy, Dry","Slightly meaty","Slightly fibrous","Dislike","Dislike","Weird aftertaste, Bland, Off-flavor, Savory","Dislike somewhat","Soft / Mushy","Not at all fatty","Not at all meaty","Moderately fibrous","Like","Like somewhat","Slightly fatty","Moderately meaty","Dislike very much","Weird aftertaste, Off-flavor, Smoky","Dislike","Brittle, Firm / Hard, Springy, Chewy","Slightly soft","Slightly hard","Not at all fatty","Not at all meaty","Slightly fibrous","Like very much","Savory, Good aftertaste, Meaty, Smoky","Like","Holds together, Crispy / Crunchy","Very meaty","Slightly fibrous","Like somewhat","I like the doublecpatty I also like it has some veggies. Patty was tender","Patty wasn’t anything special same with burger as a whole","Neither like nor dislike"
"14156101120","26-35","Flexitarian (i.e., eats meat occasionally)","Everyday","Bachelor's Degree","Convenience","*Conventional Grocers* (ex: Stop & Shop, Safeway), *Discount Grocers* (ex: Trader Joe's, Lidl, Aldi)","Female","Moderately soft","Moderately hard","Moderately soft","Moderately hard","Not at all fatty","Moderately soft","Like very much","Like very much","Different and delicious!","Nothing","Like very much","Moderately meaty","Not at all hard","It’s different","Meaty","Nothing","Slightly fatty","Very soft","Savory","Very soft","Moderately hard","Moderately fibrous","Moderately fatty","Moist","Is this a Big Mac ? lol it’s good","Like","Nothing","Not at all hard","Like very much","So delicious!","Delicious","Nothing","Holds together","Moderately fibrous","Like very much","Nothin","Like very much","Strong","Holds together","Slightly meaty","Slightly fibrous","Like very much","Like very much","Earthy / Soil, Strong","Like very much","Crumbly / Grainy","Not at all fatty","Not at all meaty","Moderately fibrous","Like very much","Like very much","Slightly fatty","Not at all meaty","Like very much","Earthy / Soil, Savory","Like very much","Fibrous / Stringy","Very soft","Not at all hard","Not at all fatty","Not at all meaty","Extremely fibrous","Like very much","Strong","Like very much","Soft / Mushy","Not at all meaty","Moderately fibrous","Like very much","Delicious","Nothing","Like very much"
"16465350417","36-45","Flexitarian (i.e., eats meat occasionally)","2-3 times a week","Ph.D. or higher","Taste","*Conventional Grocers* (ex: Stop & Shop, Safeway), *Natural Grocers* (ex: Whole Foods)","Female","Slightly soft","Slightly hard","Moderately soft","Slightly hard","Moderately fatty","Slightly soft","Like","Like somewhat","Seemed low fat","Hard","Like very much","Very meaty","Slightly hard","Healthy","Meaty","Messy","Moderately fatty","Moderately soft","Meaty","Moderately soft","Not at all hard","Not at all fibrous","Slightly fatty","Fatty","Traditional","Like somewhat","Dry","Moderately hard","Dislike somewhat","Flavor","Meaty","Raw pink","Soft / Mushy","Slightly fibrous","Like somewhat","Thin","Like somewhat","Smoky","Tough","Slightly meaty","Not at all fibrous","Like","Like","Bland","Like somewhat","Dry","Slightly fatty","Not at all meaty","Not at all fibrous","Dislike somewhat","Like somewhat","Slightly fatty","Slightly meaty","Like very much","Savory","Like","Fibrous / Stringy","Moderately soft","Slightly hard","Slightly fatty","Moderately meaty","Not at all fibrous","Like somewhat","Smoky","Like somewhat","Firm / Hard","Slightly meaty","Not at all fibrous","Like very much","Smoke","Nothing","Like very much"
"14152132855","46-55","Flexitarian (i.e., eats meat occasionally)","2-3 times a month","Master's Degree","Taste","*Discount Grocers* (ex: Trader Joe's, Lidl, Aldi)","Female","Slightly soft","Slightly hard","Moderately soft","Moderately hard","Slightly fatty","Moderately soft","Like somewhat","Like somewhat","looks like a reasonable patty, interesting cheese but it’s not melted, tomato","burned on one side, cheap bread","Like somewhat","Moderately meaty","Moderately hard","spiced flavor, meat alternative","Meaty, Salty","too much rosemary or dill, cannot eat without utensil its fallen apart immediately","Extremely fatty","Extremely soft","Smoky, Meaty, Salty","Slightly soft","Moderately hard","Slightly fibrous","Moderately fatty","Crispy / Crunchy, Moist","dill flavor, lettuce altho barely any","Dislike very much","dry, not enough veggie, bun mushy","Not at all hard","Like","mushrooms saucy veggies","no fat in the bacon, peppery taste","if i have to complain then a little to charred, and a tiny chewy bit in the patty (piece of tendon?)","Crispy / Crunchy, Holds together, Moist","Slightly fibrous","Dislike","too much mayo, fast food quality, center bread,","Dislike somewhat","Bland","Fatty, Gummy","Slightly meaty","Moderately fibrous","Like","Like","Bland","Like somewhat","Dry, Brittle, Crumbly / Grainy","Not at all fatty","Not at all meaty","Not at all fibrous","Like somewhat","Like","Not at all fatty","Very meaty","Dislike somewhat","Strong, Meaty","Like","Soft / Mushy, Moist","Very soft","Not at all hard","Slightly fatty","Moderately meaty","Not at all fibrous","Neither like nor dislike","Bland, Smoky, Earthy / Soil","Like somewhat","Soft / Mushy","Moderately meaty","Not at all fibrous","Like somewhat","lots of veggies , reasonable patty","raw onion chunk, not homemade pickles, no sauce","Neither like nor dislike"
"15103288704","36-45","Omnivore (i.e., eats meat regularly)","Once a week","Some College","Price, Environment, Animal Welfare, Health","*Small neighborhood Grocers*, *Bulk Grocers* (ex: Costco, Sam's Club), *Conventional Grocers* (ex: Stop & Shop, Safeway)","Male","Extremely soft","Not at all hard","Moderately soft","Slightly hard","Slightly fatty","Very soft","Like","Neither like nor dislike","Thick Smoky Outdoor BBQ Taste\nNot chunky chewy but soft.","A Bit spongey \nNo Pickles","Like very much","Moderately meaty","Not at all hard","Good texture/not overly seasoned to change taste profile \nGood Alternative to traditional Meatless bean burger","Meaty, Good aftertaste, Salty, Savory","Very messy Falls apart\n not enough bun ratio","Not at all fatty","Moderately soft","Smoky, Earthy / Soil, Sweet, Weird aftertaste","Very soft","Not at all hard","Slightly fibrous","Moderately fatty","Soft / Mushy, Chewy, Crumbly / Grainy, Holds together, Moist","FakeMac\nGreat Sauce Ratio","Like somewhat","Pintos Over Black beans \nNot enough toppings","Not at all hard","Like","Well seasoned, not over the top \nGood texture","Great overall texture/flavor balance \nIf Meatless is very similar to Regular.\nBacon is a +++ to me.","Greasy Cheese aftertaste \nMcDonald's ketchup texture","Holds together, Moist, Chewy","Moderately fibrous","Like","Not enough Pickles or lettuce\n super Thin Patties","Like","Earthy / Soil, Sweet, Savory, Good aftertaste","Holds together, Crumbly / Grainy, Sticky, Moist, Soft / Mushy","Slightly meaty","Slightly fibrous","Neither like nor dislike","Like somewhat","Earthy / Soil, Good aftertaste, Savory","Like somewhat","Dry, Holds together, Soft / Mushy, Chewy","Not at all fatty","Not at all meaty","Slightly fibrous","Like","Like somewhat","Slightly fatty","Slightly meaty","Like","Earthy / Soil, Good aftertaste, Savory, Smoky, Salty","Dislike somewhat","Soft / Mushy, Springy, Holds together, Firm / Hard, Fibrous / Stringy","Very soft","Not at all hard","Not at all fatty","Slightly meaty","Slightly fibrous","Like somewhat","Sweet, Earthy / Soil, Smoky, Meaty, Savory","Dislike somewhat","Soft / Mushy, Sticky, Gummy","Moderately meaty","Moderately fibrous","Like very much","The Whole Thing, I want Ten!\nThick portion with toppings falling out","I can't complain about this one\nToo much like what I would do to my own burger creation","Like"
"15623052258","Greater than 55","Flexitarian (i.e., eats meat occasionally)","Once a week","Some College","Taste, Environment","*Conventional Grocers* (ex: Stop & Shop, Safeway), *Discount Grocers* (ex: Trader Joe's, Lidl, Aldi)","Male","Very soft","Not at all hard","Very soft","Not at all hard","Moderately fatty","Moderately soft","Like very much","Like very much","Smokey taste,  juicy. Salt, but not overly salty.","Nothing","Like very much","Very meaty","Not at all hard","Nothing","Sweet, Savory, Smoky, Meaty, Good aftertaste","Nothing","Slightly fatty","Extremely soft","Good aftertaste, Savory, Salty, Meaty, Smoky","Moderately soft","Not at all hard","Not at all fibrous","Moderately fatty","Holds together, Moist","2 all beef paties, special sauce, pickles on a sesame bun.","Like very much","Too soft, mushy bland taste","Not at all hard","Like very much","Soft bun, mushroomy, moist and tasty.","Bacon, salty savory","Nothing","Holds together, Moist, Crispy / Crunchy","Moderately fibrous","Like very much","Nothing,  who doesn't love a bigmac?","Like very much","Meaty, Sweet, Savory, Good aftertaste","Holds together","Moderately meaty","Not at all fibrous","Neither like nor dislike","Neither like nor dislike","Smoky, Salty, Earthy / Soil, Bland","Neither like nor dislike","Chewy, Soft / Mushy","Not at all fatty","Slightly meaty","Slightly fibrous","Like very much","Like","Moderately fatty","Very meaty","Like very much","Savory, Salty, Good aftertaste, Earthy / Soil, Smoky","Like","Springy, Holds together, Moist","Very soft","Not at all hard","Moderately fatty","Not at all meaty","Not at all fibrous","Like very much","Meaty, Fatty, Smoky, Salty, Savory, Good aftertaste","Like","Fatty, Holds together, Moist","Very meaty","Not at all fibrous","Like very much","Juicy,  taste all the ingredients. Good ratio of burger to bun.","Nothing","Like very much"
"19254879398","36-45","Flexitarian (i.e., eats meat occasionally)","Once every 1-2 months","Bachelor's Degree","Taste, Health, Price, Animal Welfare, Convenience, Familiarity (what I'm used to), Environment","*Conventional Grocers* (ex: Stop & Shop, Safeway), *Bulk Grocers* (ex: Costco, Sam's Club)","Female","Slightly soft","Moderately hard","Moderately soft","Slightly hard","Not at all fatty","Slightly soft","Like very much","Like","It tastes very much like meat , texture and flavor","It’s not quite Meat (but it’s ok)","No response","Extremely meaty","Moderately hard","Tastes healthy, and I like beans","No response","Nope","Not at all fatty","Very soft","Meaty, Smoky, Salty, Strong, Savory","Slightly soft","Slightly hard","Moderately fibrous","Not at all fatty","No response","It tastes like a Big Mac!!! And I’ve been boycotting McDonald’s so if this is the alternative, I’d for sure buy this!","Like very much","That the texture is a little soft , and it’s not as flavorful","Not at all hard","Like very much","It’s a portabello mushroom, which is what I love. Both The texture, and flavor","Tastes like meat, and firm","It’s very salty, and a little bouncy","Tough, Moist, Fatty, Gummy, Chewy","Not at all fibrous","Like very much","None","Like very much","Savory, Strong, Good aftertaste, Meaty","Holds together, Firm / Hard","Extremely meaty","Not at all fibrous","Like","Like somewhat","Earthy / Soil, Savory","Like somewhat","Dry, Soft / Mushy","Not at all fatty","Not at all meaty","Not at all fibrous","Like","Like somewhat","Moderately fatty","Very meaty","Like very much","Good aftertaste, Earthy / Soil, Savory","Like very much","Gummy, Firm / Hard, Springy","Moderately soft","Moderately hard","Not at all fatty","Very meaty","Not at all fibrous","Like","Meaty, Savory, Smoky","Like","Firm / Hard, Holds together","Very meaty","Not at all fibrous","No response","No response","No response","No response"
"14157060699","46-55","Flexitarian (i.e., eats meat occasionally)","2-3 times a month","Bachelor's Degree","Taste, Price, Health","*Conventional Grocers* (ex: Stop & Shop, Safeway), *Natural Grocers* (ex: Whole Foods)","Male","Moderately soft","Moderately hard","Slightly soft","Slightly hard","Slightly fatty","Slightly soft","Like","Like very much","Freshly grilled onions. Thick burger patty.","Odd aftertaste in patty.  More fibrous than I would normally enjoy.","Like very much","Extremely meaty","Slightly hard","It’s healthy.  Minimally processed.","Savory, Strong, Smoky, Good aftertaste, Meaty","Missing top bun?  Very messy.  Used a toothpick to eat.  Maybe a bit overseasoned.","Not at all fatty","Moderately soft","Meaty","Extremely soft","Not at all hard","Moderately fibrous","Slightly fatty","Fibrous / Stringy, Holds together, Tough","Very familiar taste.  Very familiar look.","Neither like nor dislike","Dry (for a burger).  Completely devoid of any effort to make it taste meaty.","Moderately hard","Like","Love mushroom texture and flavor.  Greens accompanied “burger” very well.","Not dry.  Good flavor.","Color appeared less than natural. Not any crisp carmelization on crust.","Soft / Mushy, Chewy","Moderately fibrous","Like somewhat","Too much sauce.  Tries to compensate for lack of actual meat flavor.","Like somewhat","Strong, Sweet, Good aftertaste","Springy","Moderately meaty","Very fibrous","Neither like nor dislike","Neither like nor dislike","Bland","Dislike somewhat","Soft / Mushy, Holds together, Firm / Hard","Not at all fatty","Not at all meaty","Not at all fibrous","Like","Like somewhat","Slightly fatty","Moderately meaty","Like","Good aftertaste, Strong, Earthy / Soil","Like","Springy, Firm / Hard","Moderately soft","Moderately hard","Not at all fatty","Not at all meaty","Not at all fibrous","Like somewhat","Savory, Meaty, Weird aftertaste","Like somewhat","Holds together, Fibrous / Stringy","Very meaty","Very fibrous","Like very much","Thick patty. Nice crust.  Good, balanced flavor profile","Messy.  Falls apart easily in the understandable 1/4 cut portion size.","Like very much"
"16283182001","26-35","Flexitarian (i.e., eats meat occasionally)","2-3 times a month","High School","Taste, Familiarity (what I'm used to), Price, Health","*Conventional Grocers* (ex: Stop & Shop, Safeway), *Small neighborhood Grocers*","Prefer not to say","Slightly soft","Slightly hard","Slightly soft","Not at all hard","Slightly fatty","Moderately soft","Like","Like","The smokey flavor with the almost grainy meaty texture","It's size","No response","Moderately meaty","Not at all hard","It's creative nature and fun use of jalapenos","No response","N/A","Slightly fatty","Very soft","Fatty, Strong, Good aftertaste, Salty, Savory, Smoky, Meaty","Very soft","Not at all hard","Not at all fibrous","Slightly fatty","No response","The flavor and the idea","Like somewhat","It's muted flavor","Not at all hard","Like very much","Everything the texture the flavor the consistency","It reminds me of corned beef hash it's soft texture and nice meaty flavor","N/a","Fatty, Crispy / Crunchy, Moist, Brittle, Sticky, Soft / Mushy","Very fibrous","Like","The size of the portion and thickness of the patty","Like somewhat","Salty, Good aftertaste, Fatty, Savory, Meaty","Fatty, Springy, Chewy","Very meaty","Not at all fibrous","Like somewhat","Neither like nor dislike","Bland, Earthy / Soil, Off-flavor","Like very much","Crumbly / Grainy, Dry, Soft / Mushy, Sticky, Holds together","Slightly fatty","Not at all meaty","Not at all fibrous","Like very much","Like very much","Very fatty","Very meaty","Like very much","Savory, Sweet, Good aftertaste, Meaty, Earthy / Soil, Smoky, Strong","Like very much","Fibrous / Stringy, Springy, Moist, Chewy, Fatty, Holds together","Very soft","Not at all hard","Moderately fatty","Very meaty","Very fibrous","Like very much","Strong, Savory, Smoky, Salty, Meaty, Fatty, Good aftertaste","Like very much","Fibrous / Stringy, Crumbly / Grainy, Chewy, Dry, Fatty","Moderately meaty","Very fibrous","No response","No response","No response","No response"
"14152500360","46-55","Flexitarian (i.e., eats meat occasionally)","2-3 times a month","Ph.D. or higher","Taste","*Bulk Grocers* (ex: Costco, Sam's Club), *Discount Grocers* (ex: Trader Joe's, Lidl, Aldi), *Conventional Grocers* (ex: Stop & Shop, Safeway)","Female","Slightly soft","Moderately hard","Moderately soft","Slightly hard","Very fatty","Moderately soft","Dislike somewhat","Like","It was cooked well with some crunchy bits on the meat. It had good flavor.","It had a slight beamy offtaste","Like very much","Extremely meaty","Not at all hard","Not much","Good aftertaste, Meaty, Savory","There was no burger and I didn’t like the arugula","Not at all fatty","Moderately soft","Off-flavor, Strong","Slightly soft","Moderately hard","Slightly fibrous","Slightly fatty","Fatty, Holds together, Chewy","The taste was good and had good color","Like somewhat","It was dry and very beany tasting. There was also no sauce or fixings","Not at all hard","Neither like nor dislike","It’s healthy because it was all vegetables","It stayed together well and looked ok","It had a strange taste and texture. It was also slightly spicey","Firm / Hard, Holds together","Slightly fibrous","Like somewhat","It had too much sauce and the burger slipped out of the bun because of it","Like","Bland","Dry","Slightly meaty","Not at all fibrous","Dislike","Dislike","Earthy / Soil, Off-flavor","Dislike","Soft / Mushy","Not at all fatty","Not at all meaty","Not at all fibrous","Dislike somewhat","Like somewhat","Slightly fatty","Slightly meaty","Dislike somewhat","Earthy / Soil","Dislike somewhat","Chewy, Soft / Mushy, Springy","Very soft","Not at all hard","Slightly fatty","Not at all meaty","Not at all fibrous","Like","Savory, Off-flavor, Meaty","Like","Holds together, Firm / Hard","Very meaty","Slightly fibrous","Like","Tastes like a beef burger and had more fixings on it","The bun was too moist and fell apart","Like very much"
"14156787845","26-35","Flexitarian (i.e., eats meat occasionally)","2-3 times a week","Some College","Health, Animal Welfare, Taste","*Small neighborhood Grocers*, *Discount Grocers* (ex: Trader Joe's, Lidl, Aldi), *Conventional Grocers* (ex: Stop & Shop, Safeway)","Male","Moderately soft","Moderately hard","Moderately soft","Moderately hard","Moderately fatty","Slightly soft","Like very much","Like very much","Appearance.Texture. Size. Flavor.","Nothing really. Maybe wish it was warmer.","Like very much","Extremely meaty","Slightly hard","It was  crispy and flavourful","Good aftertaste, Savory, Smoky, Fatty, Salty, Meaty","At first it looked appalling like a bowel movement but the taste overcame that","Slightly fatty","Moderately soft","Savory, Fatty, Salty, Good aftertaste","Moderately soft","Slightly hard","Slightly fibrous","Very fatty","Moist, Firm / Hard, Crumbly / Grainy, Fatty, Holds together","Looked like a bigMac. Color was correct . Texture was the same as McDonald's.","Like","It tasted like a bean burrito","Moderately hard","Like somewhat","The flavor. Taste. Seasoning. Texture.","Tasted like a beef burger. The color looked right. Rare like a burger. The texture had bite like beef.","Nothing really.","Fatty, Crumbly / Grainy, Holds together","Not at all fibrous","Like","It was decent. I liked it. Perhaps a touch chewy/rubbery.","Like","Good aftertaste, Savory","Holds together, Chewy","Slightly meaty","Moderately fibrous","Neither like nor dislike","Neither like nor dislike","Savory, Salty, Good aftertaste","Neither like nor dislike","Crispy / Crunchy, Crumbly / Grainy","Not at all fatty","Very meaty","Very fibrous","Like somewhat","Like somewhat","Moderately fatty","Slightly meaty","Like very much","Strong, Smoky, Savory, Good aftertaste","Like very much","Firm / Hard, Moist","Moderately soft","Not at all hard","Not at all fatty","Extremely meaty","Very fibrous","Like very much","Savory, Good aftertaste, Smoky, Fatty, Meaty, Salty","Like very much","Crumbly / Grainy, Moist, Firm / Hard, Fatty, Gummy","Extremely meaty","Not at all fibrous","Like very much","Appearance taste texture","Nothing","Like"
"19252977013","46-55","Omnivore (i.e., eats meat regularly)","Once a week","Bachelor's Degree","Familiarity (what I'm used to), Convenience, Taste, Environment, Price, Health, Animal Welfare","*Discount Grocers* (ex: Trader Joe's, Lidl, Aldi), *Grocery Delivery Services* (ex: Instacart, Amazon Fresh), *Natural Grocers* (ex: Whole Foods)","Female","Very soft","Not at all hard","Not at all soft","Moderately hard","Moderately fatty","Moderately soft","Neither like nor dislike","Like somewhat","Juice and flavoring","Too sloppy and too messy","Neither like nor dislike","Slightly meaty","Slightly hard","Too beansee, no meat","Good aftertaste","Herbs are too strong. No meat.","Moderately fatty","Moderately soft","Bland, Weird aftertaste, Sweet, Meaty","Extremely soft","Not at all hard","Moderately fibrous","Extremely fatty","Dry, Firm / Hard","Avocado and 2 patties","Neither like nor dislike","Too dry around and inside is too soft. No meat","Very hard","Neither like nor dislike","Vegetable and colors","Soft buns soft putty","Too sweet and I don't need bacon","Gummy, Soft / Mushy, Chewy, Fatty, Moist","Not at all fibrous","Like somewhat","Too sloppy and coleslaw","Like somewhat","Meaty, Sweet, Bland, Fatty","Moist, Fatty, Soft / Mushy, Gummy","Very meaty","Moderately fibrous","Dislike somewhat","Dislike somewhat","Earthy / Soil, Weird aftertaste","Dislike somewhat","Dry, Crispy / Crunchy, Soft / Mushy, Firm / Hard","Slightly fatty","Not at all meaty","Slightly fibrous","Dislike somewhat","Like somewhat","Extremely fatty","Extremely meaty","Neither like nor dislike","Strong, Weird aftertaste, Earthy / Soil","Neither like nor dislike","Moist, Soft / Mushy, Fibrous / Stringy","Extremely soft","Not at all hard","Moderately fatty","Not at all meaty","Very fibrous","Like somewhat","Strong, Fatty, Sweet, Salty, Savory","Like somewhat","Moist, Fatty, Chewy","Very meaty","Moderately fibrous","Neither like nor dislike","Too cold. Too cheap flavor.","Too cold and too cheap flavor. Like MacDonald.","Neither like nor dislike"
"14153703013","Greater than 55","Flexitarian (i.e., eats meat occasionally)","Once a week","Ph.D. or higher","Taste, Health, Animal Welfare, Environment","*Natural Grocers* (ex: Whole Foods), *Conventional Grocers* (ex: Stop & Shop, Safeway), *Discount Grocers* (ex: Trader Joe's, Lidl, Aldi)","Female","Moderately soft","Not at all hard","Moderately soft","Slightly hard","Very fatty","Moderately soft","Like somewhat","Like","Good flavor and texture","Distinctly salty","Like somewhat","Very meaty","Slightly hard","Interesting flavor, green pepper","Fatty, Meaty, Savory, Smoky","Too messy to eat, to salty","Slightly fatty","Moderately soft","Smoky, Salty, Savory, Good aftertaste, Meaty","Moderately soft","Not at all hard","Not at all fibrous","Very fatty","Moist, Fatty, Holds together, Chewy","Good flavor, the sauce is good","Like somewhat","Pretty dry, too starchy","Slightly hard","Like","Vegetables, new flavor","Good flavor, familiar texture","Nothing","Moist, Chewy, Crispy / Crunchy, Holds together","Slightly fibrous","Like somewhat","Feel apart when I took a bite, lettuce wilted","Like somewhat","Savory, Salty, Meaty","Moist, Chewy, Crumbly / Grainy","Slightly meaty","Slightly fibrous","Like somewhat","Like somewhat","Savory, Smoky","Dislike somewhat","Dry, Crumbly / Grainy, Holds together","Not at all fatty","Not at all meaty","Slightly fibrous","Like","Like","Moderately fatty","Very meaty","Like somewhat","Savory, Salty, Weird aftertaste, Sweet","Neither like nor dislike","Chewy, Springy, Fibrous / Stringy","Moderately soft","Not at all hard","Not at all fatty","Not at all meaty","Slightly fibrous","Like somewhat","Meaty, Salty","Neither like nor dislike","Soft / Mushy, Holds together, Fatty, Moist","Very meaty","Not at all fibrous","Neither like nor dislike","Good flavor very meaty","Too many pickles and too difficult to eat","Like somewhat"
"14154257570","36-45","Omnivore (i.e., eats meat regularly)","Once every 1-2 months","Trade School","Animal Welfare, Health, Price, Taste, Environment","*Natural Grocers* (ex: Whole Foods), *Small neighborhood Grocers*, *Discount Grocers* (ex: Trader Joe's, Lidl, Aldi)","Female","Slightly soft","Moderately hard","Moderately soft","Not at all hard","Slightly fatty","Slightly soft","Neither like nor dislike","Dislike somewhat","Nothing I liked about it","Patty was dry and tough. A bit overcooked. Not much flavor or ingredients","Like somewhat","Very meaty","Slightly hard","Absolutely nothing and I do normally like veggie pattys!","Meaty, Good aftertaste, Bland","The mushrooms were mushy and the burger overall is very mushy. The seasoning is too hard to chew. After I swallowed the ingredients I was still chewing on bits if herbs, trying to get them down. Needed salt","Not at all fatty","Moderately soft","Strong, Savory","Very soft","Not at all hard","Not at all fibrous","Slightly fatty","Moist, Brittle","Tastes like a knockoff whopper. Which is good. It bites well.","Like somewhat","It’s very dry, very bland, no flavor, crumbly, gets really pasty as your chewing","Not at all hard","Like","I like the fresh greens in it. And the idea of ingredients it has","I like the peppery seasoning, the moistness of the meat","It was too mushy. The burger to cheese ratio was off where the cheese took over. I’m mostly tasting sharp cheddar and peppercorn grains.","Moist, Soft / Mushy, Holds together","Slightly fibrous","Like","It’s dry","Like","Good aftertaste, Savory","Dry, Tough, Holds together","Moderately meaty","Slightly fibrous","Dislike very much","Dislike very much","Bland","Dislike very much","Crumbly / Grainy, Soft / Mushy, Dry, Holds together","Not at all fatty","Slightly meaty","Not at all fibrous","Like somewhat","Like somewhat","Slightly fatty","Slightly meaty","Neither like nor dislike","Savory, Off-flavor, Weird aftertaste, Fatty","Dislike somewhat","Brittle, Soft / Mushy, Moist","Extremely soft","Not at all hard","Not at all fatty","Moderately meaty","Not at all fibrous","Dislike somewhat","Bland","Dislike somewhat","Firm / Hard, Dry, Brittle, Tough, Soft / Mushy","Not at all meaty","Slightly fibrous","Like","I like the way the meat is good to medium. It tastes like what you’d get at a family bbq. Simple but good","It’s a little plain. If I bought a burger something I wouldn’t make at home would be better. Maybe the sauce or seasoned meat","Like somewhat"
"19496003941","18-25","Omnivore (i.e., eats meat regularly)","2-3 times a month","Bachelor's Degree","Health, Price","*Discount Grocers* (ex: Trader Joe's, Lidl, Aldi), *Conventional Grocers* (ex: Stop & Shop, Safeway), *Natural Grocers* (ex: Whole Foods)","Male","Moderately soft","Slightly hard","Moderately soft","Moderately hard","Very fatty","Slightly soft","Dislike very much","Dislike","the patty? i can’t really tell","there’s something included that has almost a sour taste","Like somewhat","Very meaty","Moderately hard","the taste and simplicity","Meaty, Savory, Fatty","mushrooms are not burgers","Very fatty","Extremely soft","Smoky, Good aftertaste, Savory","Moderately soft","Slightly hard","Moderately fibrous","Slightly fatty","Firm / Hard, Fatty, Fibrous / Stringy","could’ve swore this was a big mac, the sauce was good","Like","weird patty to put in a burger","Not at all hard","Like","nothing","onions and cheese","a little undercooked","Crispy / Crunchy, Holds together","Extremely fibrous","Like","nothing","Like","Salty, Sweet, Good aftertaste, Savory","Gummy, Fatty, Soft / Mushy, Chewy","Moderately meaty","Moderately fibrous","Like somewhat","Like somewhat","Savory, Earthy / Soil","Dislike somewhat","Dry, Soft / Mushy","Not at all fatty","Not at all meaty","Extremely fibrous","Like","Like","Slightly fatty","Very meaty","Dislike very much","Earthy / Soil, Off-flavor","Dislike very much","Fibrous / Stringy, Dry, Soft / Mushy","Extremely soft","Not at all hard","Not at all fatty","Not at all meaty","Extremely fibrous","Dislike","Strong, Weird aftertaste, Off-flavor","Neither like nor dislike","Crispy / Crunchy, Chewy","Moderately meaty","Slightly fibrous","Like somewhat","the most true to form burger so far","there was way too much onion","Like somewhat"
"14155332236","46-55","Flexitarian (i.e., eats meat occasionally)","Once every 1-2 months","Master's Degree","Taste, Price","*Small neighborhood Grocers*, *Discount Grocers* (ex: Trader Joe's, Lidl, Aldi), *Natural Grocers* (ex: Whole Foods)","Female","Moderately soft","Not at all hard","Moderately soft","Moderately hard","Moderately fatty","Moderately soft","Like very much","Like","Meaty and beefy tasting. Tasted like a burger. Presentation held together.","Too small! Slightly rawish.","Like very much","Very meaty","Slightly hard","Nothing! Jalapeños were too hot and raw! Burger patty dry and fell apart!","Meaty","Rosemary! I ate a whole branch! I wish the whole burger stayed together. I don’t like arugula. I had branches of rosemary in my burger!","Very fatty","Moderately soft","Off-flavor","Slightly soft","Not at all hard","Slightly fibrous","Moderately fatty","Holds together","Taste like a Big Mac! Juicy and warm!","Like very much","Jalapeños were raw and hot! Crumbly and too-healthy tasting! Dry!","Very hard","Like somewhat","Thick an juicy. Mushroomy","Off tasting and too cold","Too much onion, it masked the off flavor lol","Moist, Firm / Hard","Not at all fibrous","Like very much","It fell apart, want more meat","Like very much","Strong, Meaty, Good aftertaste","Firm / Hard, Moist, Springy","Very meaty","Slightly fibrous","Dislike somewhat","Dislike","Earthy / Soil","Dislike very much","Crumbly / Grainy, Dry, Crispy / Crunchy","Not at all fatty","Not at all meaty","Extremely fibrous","Like somewhat","Like somewhat","Very fatty","Moderately meaty","Like very much","Earthy / Soil, Strong","Like","Springy","Moderately soft","Slightly hard","Not at all fatty","Very meaty","Very fibrous","Like very much","Fatty","Like somewhat","Chewy","Very meaty","Not at all fibrous","Like somewhat","Beefy and meaty tasting. Love the pickles","Cold and the presentation sucked. Even the toothpick was broken. Burger was all over the place","Like somewhat"
"14156098926","46-55","Omnivore (i.e., eats meat regularly)","Once a week","Bachelor's Degree","Price, Taste, Familiarity (what I'm used to)","*Natural Grocers* (ex: Whole Foods), *Small neighborhood Grocers*, *Conventional Grocers* (ex: Stop & Shop, Safeway)","Male","Extremely soft","Not at all hard","Moderately soft","Not at all hard","Not at all fatty","Slightly soft","Dislike somewhat","Like very much","Texture and taste","Nothing","Like","Slightly meaty","Slightly hard","Nothing","Meaty, Good aftertaste, Savory","Earthy soil like taste","Not at all fatty","Not at all soft","Weird aftertaste, Smoky, Strong","Very soft","Slightly hard","Slightly fibrous","Not at all fatty","Crumbly / Grainy, Crispy / Crunchy","Meaty taste and firmness","Neither like nor dislike","Dryness after taste","Slightly hard","Like somewhat","Nothing","Smokey flavor","After taste","Crispy / Crunchy, Moist, Springy","Not at all fibrous","Like very much","Hard bun bottom","Like very much","Meaty, Good aftertaste, Salty","Holds together, Crumbly / Grainy, Crispy / Crunchy","Extremely meaty","Slightly fibrous","Dislike somewhat","Dislike","Weird aftertaste, Bland","Dislike","Dry, Tough","Not at all fatty","Moderately meaty","Moderately fibrous","Like somewhat","Neither like nor dislike","Slightly fatty","Moderately meaty","Dislike very much","Earthy / Soil, Off-flavor, Weird aftertaste","Dislike","Gummy","Very soft","Not at all hard","Not at all fatty","Not at all meaty","Slightly fibrous","Like very much","Savory, Salty, Good aftertaste, Meaty","Like","Chewy, Holds together","Moderately meaty","Moderately fibrous","Like","Crispy and after taste","Mushy bun","Dislike somewhat"
"14159979576","26-35","Flexitarian (i.e., eats meat occasionally)","Once a week","Bachelor's Degree","Taste, Price, Environment, Animal Welfare, Health, Convenience","*Bulk Grocers* (ex: Costco, Sam's Club), *Discount Grocers* (ex: Trader Joe's, Lidl, Aldi), *Natural Grocers* (ex: Whole Foods)","Male","Moderately soft","Moderately hard","Slightly soft","Very hard","Moderately fatty","Moderately soft","Like very much","Like very much","Juicy, meaty, tomato, saucy, sweet, onion","Not really. Well rounded. Maybe greens of some kind would have been nice? This and the mushroom one are tied for my favorite","Like","Moderately meaty","Slightly hard","Vegetabley, liked the jalapeño, moist","Salty, Strong, Meaty, Savory","A little messy","Moderately fatty","Very soft","Fatty, Savory, Meaty, Salty, Weird aftertaste","Very soft","Slightly hard","Slightly fibrous","Very fatty","Soft / Mushy, Crispy / Crunchy, Fibrous / Stringy, Moist","Meaty chew, salty flavor","Like","A bit soy strong in flavor, not very rich in flavor","Slightly hard","Like very much","Mushroom\nS, arugula, sauce, moist, flavorful","Very rich, flavorful,","A little mushy in the middle, a bit of ham flavor which is unexpected but not bad","Soft / Mushy, Chewy, Fatty","Very fibrous","Like","Weird papery feel to edge","Like","Meaty, Salty","Chewy, Crumbly / Grainy, Fibrous / Stringy, Moist","Very meaty","Slightly fibrous","Like","Like somewhat","Earthy / Soil, Bland, Weird aftertaste, Salty","Like somewhat","Moist, Crumbly / Grainy, Soft / Mushy","Not at all fatty","Not at all meaty","Moderately fibrous","Like","Like","Very fatty","Very meaty","Like very much","Earthy / Soil, Salty, Good aftertaste, Fatty, Savory, Meaty","Like very much","Fibrous / Stringy, Moist, Firm / Hard, Springy, Fatty, Chewy","Moderately soft","Moderately hard","Very fatty","Very meaty","Slightly fibrous","Like very much","Fatty, Meaty, Smoky, Sweet, Savory, Good aftertaste, Salty, Strong","Like very much","Moist, Chewy, Holds together, Springy, Fatty","Very meaty","Moderately fibrous","Like","Meat y, liked the sauce, tomato, lots of veggies","A little pickle heavy, could have used cheese or more sauce or creamy ness to offset salty pickle","Neither like nor dislike"
"14155334096","46-55","Omnivore (i.e., eats meat regularly)","2-3 times a month","Bachelor's Degree","Taste, Price, Health","*Small neighborhood Grocers*, *Bulk Grocers* (ex: Costco, Sam's Club), *Discount Grocers* (ex: Trader Joe's, Lidl, Aldi)","Male","Not at all soft","Very hard","Slightly soft","Very hard","Slightly fatty","Moderately soft","Like","Like somewhat","Had a decent burger taste","Slightly too much char. Not enough accompanying things like lettuce. Seems dry.","Like","Very meaty","Slightly hard","I like the taste though not burger like. It tasted more like beans/pizza.","Savory, Meaty, Good aftertaste, Salty","Falls apart and obviously it is mushroom","Slightly fatty","Very soft","Salty, Meaty, Smoky, Savory, Fatty, Good aftertaste, Strong","Slightly soft","Moderately hard","Moderately fibrous","Not at all fatty","Firm / Hard, Springy","Good flavor from sauce, reminded me of a Big Mac which I haven’t had in a long while. Patty reminds of of a McDonalds burger.","Like","Doesn’t taste like a burger, which I would have expected.","Not at all hard","Like very much","Good combo of flavors and seasoning","Good flavor and texture. Elements work well together.","Slightly burned","Springy, Holds together","Moderately fibrous","Like","Maybe a bit too much sauce to detect patty flavor.","Like","Salty, Good aftertaste, Savory","Chewy, Dry, Crumbly / Grainy","Moderately meaty","Moderately fibrous","Dislike somewhat","Like somewhat","Savory, Earthy / Soil","Dislike","Soft / Mushy, Crumbly / Grainy","Not at all fatty","Not at all meaty","Slightly fibrous","Like very much","Like very much","Moderately fatty","Very meaty","Like","Savory, Salty, Good aftertaste","Like somewhat","Springy, Firm / Hard, Tough","Not at all soft","Extremely hard","Slightly fatty","Moderately meaty","Not at all fibrous","Like somewhat","Bland, Good aftertaste, Savory","Like somewhat","Crumbly / Grainy, Dry, Firm / Hard","Very meaty","Moderately fibrous","Like somewhat","Flavor good","Too many roping and fell apart. Patty seems big/dense but hard to get a read as I was distracted trying to keep it in my hand.","Dislike somewhat"
"14156014154","46-55","Flexitarian (i.e., eats meat occasionally)","2-3 times a month","Bachelor's Degree","Taste","*Bulk Grocers* (ex: Costco, Sam's Club), *Conventional Grocers* (ex: Stop & Shop, Safeway), *Discount Grocers* (ex: Trader Joe's, Lidl, Aldi)","Female","Moderately soft","Slightly hard","Moderately soft","Moderately hard","Moderately fatty","Very soft","Dislike","Like","Good flavor, I think all the ingredients go well together like a normal slider","A little too much char on the patty, not enough patty to the rest of the sample","Dislike","Very meaty","Not at all hard","I like the taste and it’s not overwhelming simple and straightforward flavors","Strong, Salty, Smoky, Savory, Weird aftertaste","Too many herbs, falls apart, patty too tough","Moderately fatty","Very soft","Off-flavor, Meaty, Savory, Smoky, Weird aftertaste","Moderately soft","Not at all hard","Slightly fibrous","Moderately fatty","Moist, Sticky, Holds together, Springy","I like the lettuce in small pieces and the bus","Dislike","Crumbly and dry","Slightly hard","Dislike somewhat","Hearty mushroom patty and good bun","Lots of patty and good cheese","Tastes like a sausage not a burger, too much char, strange texture","Crumbly / Grainy, Springy","Slightly fibrous","Dislike somewhat","Mushy patty and dislike pickles","Dislike somewhat","Strong, Weird aftertaste, Sweet, Fatty","Springy, Soft / Mushy, Moist, Fatty, Fibrous / Stringy","Moderately meaty","Moderately fibrous","Like somewhat","Like","Earthy / Soil, Savory, Salty","Dislike somewhat","Crumbly / Grainy, Brittle, Dry, Fibrous / Stringy","Slightly fatty","Moderately meaty","Moderately fibrous","Like somewhat","Dislike somewhat","Slightly fatty","Very meaty","Like somewhat","Earthy / Soil, Savory","Dislike somewhat","Firm / Hard, Gummy, Fibrous / Stringy, Chewy","Slightly soft","Moderately hard","Slightly fatty","Moderately meaty","Very fibrous","Like","Smoky, Good aftertaste, Savory, Meaty, Salty, Fatty","Like","Firm / Hard, Springy, Holds together","Very meaty","Slightly fibrous","Dislike somewhat","Good taste in the patty and good bun and tomato","It’s deconstructed it’s not easy to eat, I dislike pickles and there is a strong pickle flavor","Dislike somewhat"