"Respondent","Randomizer","[RELATED_PRODUCT: Mushroom]
[QUESTION_TYPE: Intensity]
[MODALITY: Moistness]
How moist is the patty in burger 206?","[RELATED_PRODUCT: Chickpea]
[QUESTION_TYPE: Intensity]
[MODALITY: Moistness]
How moist is the patty in burger 426?","[RELATED_PRODUCT: Lentil]
[QUESTION_TYPE: Intensity]
[MODALITY: Moistness]
How moist is the patty in burger 798?","[RELATED_PRODUCT: Sweet Oat]
[QUESTION_TYPE: Intensity]
[MODALITY: Moistness]
How moist is the patty in burger 922?","[RELATED_PRODUCT: Bean]
[QUESTION_TYPE: Intensity]
[MODALITY: Softness]
How soft is the patty in burger 164?","[RELATED_PRODUCT: Savory Oat]
[QUESTION_TYPE: Intensity]
[MODALITY: Softness]
How soft is the patty in burger 192?","[RELATED_PRODUCT: Mushroom]
[QUESTION_TYPE: Intensity]
[MODALITY: Softness]
How soft is the patty in burger 206?","[RELATED_PRODUCT: Chickpea]
[QUESTION_TYPE: Intensity]
[MODALITY: Softness]
How soft is the patty in burger 426?","[RELATED_PRODUCT: Lentil]
[QUESTION_TYPE: Intensity]
[MODALITY: Softness]
How soft is the patty in burger 798?","[RELATED_PRODUCT: Sweet Oat]
[QUESTION_TYPE: Intensity]
[MODALITY: Softness]
How soft is the patty in burger 922?","[RELATED_PRODUCT: Bean]
[QUESTION_TYPE: Likert]
[MODALITY: Flavor]
How would you rate the flavor of burger 164?","[RELATED_PRODUCT: Savory Oat]
[QUESTION_TYPE: Likert]
[MODALITY: Flavor]
How would you rate the flavor of burger 192?","[RELATED_PRODUCT: Mushroom]
[QUESTION_TYPE: Likert]
[MODALITY: Flavor]
How would you rate the flavor of burger 206?","[RELATED_PRODUCT: Chickpea]
[QUESTION_TYPE: Likert]
[MODALITY: Flavor]
How would you rate the flavor of burger 426?","[RELATED_PRODUCT: Savory Oat]
[QUESTION_TYPE: Likert]
[MODALITY: Texture]
How would you rate the texture of burger 192?","[RELATED_PRODUCT: Mushroom]
[QUESTION_TYPE: Likert]
[MODALITY: Texture]
How would you rate the texture of burger 206?","[RELATED_PRODUCT: Lentil]
[QUESTION_TYPE: Likert]
[MODALITY: Texture]
How would you rate the texture of burger 798?","[RELATED_PRODUCT: Sweet Oat]
[QUESTION_TYPE: Likert]
[MODALITY: Texture]
How would you rate the texture of burger 922?","[RELATED_PRODUCT: Bean]
[QUESTION_TYPE: Likert]
[MODALITY: Overall Liking]
How would you rate your overall liking of burger 164?","[RELATED_PRODUCT: Savory Oat]
[QUESTION_TYPE: Likert]
[MODALITY: Overall Liking]
How would you rate your overall liking of burger 192?","[RELATED_PRODUCT: Mushroom]
[QUESTION_TYPE: Likert]
[MODALITY: Overall Liking]
How would you rate your overall liking of burger 206?","[RELATED_PRODUCT: Lentil]
[QUESTION_TYPE: Likert]
[MODALITY: Overall Liking]
How would you rate your overall liking of burger 798?","[RELATED_PRODUCT: Sweet Oat]
[QUESTION_TYPE: Likert]
[MODALITY: Overall Liking]
How would you rate your overall liking of burger 922?","[RELATED_PRODUCT: Bean]
[QUESTION_TYPE: CATA]
[MODALITY: Flavor]
Please check all the words or phrases that describe the flavor of burger 164?","[RELATED_PRODUCT: Savory Oat]
[QUESTION_TYPE: CATA]
[MODALITY: Flavor]
Please check all the words or phrases that describe the flavor of burger 192?","[RELATED_PRODUCT: Mushroom]
[QUESTION_TYPE: CATA]
[MODALITY: Flavor]
Please check all the words or phrases that describe the flavor of burger 206?","[RELATED_PRODUCT: Chickpea]
[QUESTION_TYPE: CATA]
[MODALITY: Flavor]
Please check all the words or phrases that describe the flavor of burger 426?","[RELATED_PRODUCT: Sweet Oat]
[QUESTION_TYPE: CATA]
[MODALITY: Flavor]
Please check all the words or phrases that describe the flavor of burger 922?","[RELATED_PRODUCT: Bean]
[QUESTION_TYPE: CATA]
[MODALITY: Texture]
Please check all the words or phrases that describe the texture of burger 164?","[RELATED_PRODUCT: Savory Oat]
[QUESTION_TYPE: CATA]
[MODALITY: Texture]
Please check all the words or phrases that describe the texture of burger 192?","[RELATED_PRODUCT: Mushroom]
[QUESTION_TYPE: CATA]
[MODALITY: Texture]
Please check all the words or phrases that describe the texture of burger 206?","[RELATED_PRODUCT: Chickpea]
[QUESTION_TYPE: CATA]
[MODALITY: Texture]
Please check all the words or phrases that describe the texture of burger 426?","[RELATED_PRODUCT: Lentil]
[QUESTION_TYPE: CATA]
[MODALITY: Texture]
Please check all the words or phrases that describe the texture of burger 798?","[RELATED_PRODUCT: Sweet Oat]
[QUESTION_TYPE: CATA]
[MODALITY: Texture]
Please check all the words or phrases that describe the texture of burger 922?","[RELATED_PRODUCT: Chickpea]
[QUESTION_TYPE: Qualitative]
[MODALITY: Dislikes]
What did you dislike if anything about burger 426?","[RELATED_PRODUCT: Sweet Oat]
[QUESTION_TYPE: Qualitative]
[MODALITY: Dislikes]
What did you dislike if anything about burger 922?","[RELATED_PRODUCT: Bean]
[QUESTION_TYPE: Qualitative]
[MODALITY: Likes]
What did you like if anything about burger 164?","[RELATED_PRODUCT: Sweet Oat]
[QUESTION_TYPE: Qualitative]
[MODALITY: Likes]
What did you like if anything about burger 922?","[RELATED_PRODUCT: Bean]
[QUESTION_TYPE: Multiple Choice]
[MODALITY: Condiments]
Which of the following condiments or seasonings did you add to burger 164?","[RELATED_PRODUCT: Savory Oat]
[QUESTION_TYPE: Multiple Choice]
[MODALITY: Condiments]
Which of the following condiments or seasonings did you add to burger 192?","[RELATED_PRODUCT: Mushroom]
[QUESTION_TYPE: Multiple Choice]
[MODALITY: Condiments]
Which of the following condiments or seasonings did you add to burger 206?","[RELATED_PRODUCT: Lentil]
[QUESTION_TYPE: Multiple Choice]
[MODALITY: Condiments]
Which of the following condiments or seasonings did you add to burger 798?","[RELATED_PRODUCT: Sweet Oat]
[QUESTION_TYPE: Multiple Choice]
[MODALITY: Condiments]
Which of the following condiments or seasonings did you add to burger 922?","[RELATED_PRODUCT: Chickpea]
[QUESTION_TYPE: Qualitative]
[MODALITY: Likes]
What did you like if anything about burger 426?","[RELATED_PRODUCT: Bean]
[QUESTION_TYPE: Qualitative]
[MODALITY: Dislikes]
What did you dislike if anything about burger 164?","[RELATED_PRODUCT: Bean]
[QUESTION_TYPE: Likert]
[MODALITY: Texture]
How would you rate the texture of burger 164?","[RELATED_PRODUCT: Chickpea]
[QUESTION_TYPE: Likert]
[MODALITY: Texture]
How would you rate the texture of burger 426?","[RELATED_PRODUCT: Lentil]
[QUESTION_TYPE: Likert]
[MODALITY: Flavor]
How would you rate the flavor of burger 798?","[RELATED_PRODUCT: Lentil]
[QUESTION_TYPE: Qualitative]
[MODALITY: Dislikes]
What did you dislike if anything about burger 798?","[RELATED_PRODUCT: Sweet Oat]
[QUESTION_TYPE: Likert]
[MODALITY: Flavor]
How would you rate the flavor of burger 922?","[RELATED_PRODUCT: Chickpea]
[QUESTION_TYPE: Multiple Choice]
[MODALITY: Condiments]
Which of the following condiments or seasonings did you add to burger 426?","[RELATED_PRODUCT: Chickpea]
[QUESTION_TYPE: Likert]
[MODALITY: Overall Liking]
How would you rate your overall liking of burger 426?","[RELATED_PRODUCT: Bean]
[QUESTION_TYPE: Intensity]
[MODALITY: Fattiness]
How fatty is the patty in burger 164?","[RELATED_PRODUCT: Lentil]
[QUESTION_TYPE: CATA]
[MODALITY: Flavor]
Please check all the words or phrases that describe the flavor of burger 798?","[RELATED_PRODUCT: Mushroom]
[QUESTION_TYPE: Qualitative]
[MODALITY: Dislikes]
What did you dislike if anything about burger 206?","[RELATED_PRODUCT: Mushroom]
[QUESTION_TYPE: Qualitative]
[MODALITY: Likes]
What did you like if anything about burger 206?","[RELATED_PRODUCT: Lentil]
[QUESTION_TYPE: Qualitative]
[MODALITY: Likes]
What did you like if anything about burger 798?","[RELATED_PRODUCT: Savory Oat]
[QUESTION_TYPE: Intensity]
[MODALITY: Fattiness]
How fatty is the patty in burger 192?","[RELATED_PRODUCT: Mushroom]
[QUESTION_TYPE: Intensity]
[MODALITY: Fattiness]
How fatty is the patty in burger 206?","[RELATED_PRODUCT: Chickpea]
[QUESTION_TYPE: Intensity]
[MODALITY: Fattiness]
How fatty is the patty in burger 426?","[RELATED_PRODUCT: Lentil]
[QUESTION_TYPE: Intensity]
[MODALITY: Fattiness]
How fatty is the patty in burger 798?","[RELATED_PRODUCT: Sweet Oat]
[QUESTION_TYPE: Intensity]
[MODALITY: Fattiness]
How fatty is the patty in burger 922?","[RELATED_PRODUCT: Bean]
[QUESTION_TYPE: Intensity]
[MODALITY: Fibrousness]
How fibrous is the patty in burger 164?","[RELATED_PRODUCT: Savory Oat]
[QUESTION_TYPE: Intensity]
[MODALITY: Fibrousness]
How fibrous is the patty in burger 192?","[RELATED_PRODUCT: Mushroom]
[QUESTION_TYPE: Intensity]
[MODALITY: Fibrousness]
How fibrous is the patty in burger 206?","[RELATED_PRODUCT: Savory Oat]
[QUESTION_TYPE: Qualitative]
[MODALITY: Dislikes]
What did you dislike if anything about burger 192?","[RELATED_PRODUCT: Savory Oat]
[QUESTION_TYPE: Qualitative]
[MODALITY: Likes]
What did you like if anything about burger 192?","[RELATED_PRODUCT: Chickpea]
[QUESTION_TYPE: Intensity]
[MODALITY: Fibrousness]
How fibrous is the patty in burger 426?","[RELATED_PRODUCT: Lentil]
[QUESTION_TYPE: Intensity]
[MODALITY: Fibrousness]
How fibrous is the patty in burger 798?","[RELATED_PRODUCT: Sweet Oat]
[QUESTION_TYPE: Intensity]
[MODALITY: Fibrousness]
How fibrous is the patty in burger 922?","[RELATED_PRODUCT: Bean]
[QUESTION_TYPE: Intensity]
[MODALITY: Hardness]
How hard is the patty in burger 164?","[RELATED_PRODUCT: Savory Oat]
[QUESTION_TYPE: Intensity]
[MODALITY: Hardness]
How hard is the patty in burger 192?","[RELATED_PRODUCT: Mushroom]
[QUESTION_TYPE: Intensity]
[MODALITY: Hardness]
How hard is the patty in burger 206?","[RELATED_PRODUCT: Chickpea]
[QUESTION_TYPE: Intensity]
[MODALITY: Hardness]
How hard is the patty in burger 426?","[RELATED_PRODUCT: Lentil]
[QUESTION_TYPE: Intensity]
[MODALITY: Hardness]
How hard is the patty in burger 798?","[RELATED_PRODUCT: Sweet Oat]
[QUESTION_TYPE: Intensity]
[MODALITY: Hardness]
How hard is the patty in burger 922?","[RELATED_PRODUCT: Bean]
[QUESTION_TYPE: Intensity]
[MODALITY: Meatiness]
How meaty is the patty in burger 164?","[RELATED_PRODUCT: Savory Oat]
[QUESTION_TYPE: Intensity]
[MODALITY: Meatiness]
How meaty is the patty in burger 192?","[RELATED_PRODUCT: Mushroom]
[QUESTION_TYPE: Intensity]
[MODALITY: Meatiness]
How meaty is the patty in burger 206?","[RELATED_PRODUCT: Chickpea]
[QUESTION_TYPE: Intensity]
[MODALITY: Meatiness]
How meaty is the patty in burger 426?","[RELATED_PRODUCT: Lentil]
[QUESTION_TYPE: Intensity]
[MODALITY: Meatiness]
How meaty is the patty in burger 798?","[RELATED_PRODUCT: Sweet Oat]
[QUESTION_TYPE: Intensity]
[MODALITY: Meatiness]
How meaty is the patty in burger 922?","[RELATED_PRODUCT: Bean]
[QUESTION_TYPE: Intensity]
[MODALITY: Moistness]
How moist is the patty in burger 164?","[RELATED_PRODUCT: Savory Oat]
[QUESTION_TYPE: Intensity]
[MODALITY: Moistness]
How moist is the patty in burger 192?","[QUESTION_TYPE: Demographic]
[MODALITY: Age]
What is your age?","[QUESTION_TYPE: Demographic]
[MODALITY: Gender]
Which gender do you identify as?","[QUESTION_TYPE: Demographic]
[MODALITY: Diet]
What is your dietary preference?","[QUESTION_TYPE: Demographic]
[MODALITY: Burger Consumption Frequency]
How often do you eat burgers of any kind?","[QUESTION_TYPE: Demographic]
[MODALITY: Education]
What is the highest degree or level of education you have completed?","[QUESTION_TYPE: Demographic]
[MODALITY: Priorities]
What matters most to you when deciding what to eat?","[QUESTION_TYPE: Demographic]
[MODALITY: Grocer Choice]
Where do you shop regularly for groceries?"
"14159994028","3","Very moist","Moderately moist","Slightly moist","Not at all moist","Slightly soft","Slightly soft","Very soft","Very soft","Moderately soft","Moderately soft","Like","Like very much","Like","Like","Like very much","Dislike somewhat","Dislike somewhat","Dislike somewhat","Like somewhat","Like","Like somewhat","Dislike somewhat","Dislike somewhat","Meaty, Savory, Earthy / Soil, Good aftertaste","Earthy / Soil, Good aftertaste, Salty, Meaty, Savory","Smoky, Good aftertaste, Salty, Savory, Earthy / Soil","Savory, Meaty, Fatty, Smoky, Earthy / Soil","Strong, Weird Aftertaste, Off-flavor","Crumbly / Grainy, Chewy","Chewy, Dry, Crumbly / Grainy","Gummy, Moist, Springy, Soft / Mushy","Chewy, Holds together, Fibrous / Stringy, Crumbly / Grainy, Dry","Gummy, Dry, Crumbly / Grainy","Crumbly / Grainy, Holds together, Chewy, Dry, Fibrous / Stringy","A little chalky","The spicy aftertaste got to be a bit much.  Also it was dry. Reminded me of tuna - I can’t tell if it is or not, but I’m not a fan.","I like beans and this is not pretending to be anything but.","Spicy, chewy","Ketchup","Ketchup, Mustard","None of these","Ketchup","Ketchup","I love cheese.  Interesting chewiness. Smoky  flavor","It falls apart easily. Not a really burger experience. (But tastes good)","Like","Like somewhat","Like","Dry mouth feel","Dislike somewhat","Ketchup","Like","Not at all fatty","Savory, Smoky, Meaty, Earthy / Soil","Mushroom mouth feel is a little watery/mushy","Tangy sauce. Soft bun. Nicely salted.","Spicy","Slightly fatty","Not at all fatty","Very fatty","Slightly fatty","Not at all fatty","Very fibrous","Very fibrous","Moderately fibrous","Fell apart a bit","Flavor, texture","Very fibrous","Slightly fibrous","Very fibrous","Moderately hard","Slightly hard","Slightly hard","Not at all hard","Not at all hard","Not at all hard","Very meaty","Moderately meaty","Moderately meaty","Very meaty","Very meaty","Very meaty","Not at all moist","Not at all moist","Greater than 55","Male","Omnivore (i.e., eats meat regularly)","2-3 times a month","Bachelor's Degree","Taste","_Conventional Grocers_ (ex: Stop & Shop, Safeway)"
"19252977013","3","Moderately moist","Very moist","Very moist","Moderately moist","Moderately soft","Not at all soft","Moderately soft","Very soft","Very soft","Slightly soft","Dislike very much","Dislike very much","Neither like nor dislike","Like somewhat","Dislike very much","Like somewhat","Like somewhat","Dislike very much","Dislike very much","Dislike very much","Neither like nor dislike","Neither like nor dislike","Dislike","Weird Aftertaste","Sweet, Weird Aftertaste, Strong","Bland, Savory","Strong, Weird Aftertaste, Earthy / Soil","Weird Aftertaste, Off-flavor, Bland","Fibrous / Stringy, Dry, Crumbly / Grainy","Dry, Tough, Sticky, Gummy","Moist, Soft / Mushy, Sticky","Soft / Mushy, Chewy, Moist, Fibrous / Stringy","Moist, Soft / Mushy","Crumbly / Grainy, Fibrous / Stringy, Gummy, Chewy","Texture","Texture, flavor, sloppy","I cannot think of anything.","Buns","None of these","None of these","None of these","None of these","None of these","Flavor","Too spicy and sloppy.","Dislike very much","Dislike","Neither like nor dislike","Come with onions","Dislike very much","None of these","Neither like nor dislike","Not at all fatty","Savory, Bland","Too sloppy","Flavor","Patty","Slightly fatty","Slightly fatty","Moderately fatty","Very fatty","Very fatty","Very fibrous","Very fibrous","Slightly fibrous","Texture, flavor","Buns","Very fibrous","Moderately fibrous","Very fibrous","Slightly hard","Very hard","Moderately hard","Not at all hard","Not at all hard","Slightly hard","Not at all meaty","Not at all meaty","Not at all meaty","Not at all meaty","Not at all meaty","Not at all meaty","Not at all moist","Moderately moist","46-55","Female","Omnivore (i.e., eats meat regularly)","2-3 times a week","Bachelor's Degree","Convenience, Taste, Familiarity (what I'm used to), Health, Environment","_Discount Grocers_ (ex: Trader Joe's, Lidl, Aldi)"
"16177331255","3","Extremely moist","Not at all moist","Very moist","Not at all moist","Not at all soft","Slightly soft","Extremely soft","Very soft","Very soft","Slightly soft","Dislike somewhat","Like somewhat","Like very much","Like somewhat","Like","Like somewhat","Neither like nor dislike","Like somewhat","Dislike very much","Neither like nor dislike","Like","Dislike very much","Dislike somewhat","Earthy / Soil","Savory","Salty","Sweet","Weird Aftertaste","Dry","Crumbly / Grainy","Soft / Mushy","Holds together","Crumbly / Grainy","Soft / Mushy, Fibrous / Stringy","Not sure if that was meat or not","Sweet","Nothing","Interesting taste but not meat","None of these","None of these","None of these","None of these","None of these","Interesting. I have no clue what I just ate but I liked the sauce on it","Crumbly. Not meat","Dislike","Like","Dislike somewhat","Not real meat","Dislike somewhat","None of these","Like somewhat","Not at all fatty","Sweet","Not really a burger","Onion was amazing","Nothing. Prefer meat","Slightly fatty","Not at all fatty","Moderately fatty","Not at all fatty","Slightly fatty","Extremely fibrous","Slightly fibrous","Slightly fibrous","Not that flavorful","Very healthy and grainy","Slightly fibrous","Not at all fibrous","Moderately fibrous","Very hard","Slightly hard","Slightly hard","Not at all hard","Slightly hard","Moderately hard","Not at all meaty","Moderately meaty","Moderately meaty","Moderately meaty","Not at all meaty","Extremely meaty","Slightly moist","Moderately moist","26-35","Male","Omnivore (i.e., eats meat regularly)","Once a week","Bachelor's Degree","Health","_Natural Grocers_ (ex: Whole Foods)"
"19496143338","3","Moderately moist","Extremely moist","Very moist","Very moist","Moderately soft","Very soft","Moderately soft","Extremely soft","Extremely soft","Very soft","Like somewhat","Dislike very much","Dislike somewhat","Like very much","Dislike very much","Dislike somewhat","Like somewhat","Dislike somewhat","Like","Dislike","Dislike somewhat","Neither like nor dislike","Like somewhat","Earthy / Soil, Salty","Bland","Weird Aftertaste","Good aftertaste, Sweet","Savory, Smoky","Crumbly / Grainy","Crumbly / Grainy, Chewy","Chewy, Springy","Soft / Mushy, Moist","Soft / Mushy, Moist","Crumbly / Grainy, Soft / Mushy","Nothing really maybe could use a green","I dislike the oatmeal like grain","I like the onion taste","I like the flavor","None of these","None of these","None of these","Mustard","Mustard","I like the sauce and the cheese","I dislike how I bite into a whole bean","Dislike","Like very much","Like somewhat","The burger didn’t really hold up","Like very much","None of these","Like very much","Not at all fatty","Salty","I disliked how chewy the mushroom","I enjoyed the onions","I enjoy the veggies in the burger","Not at all fatty","Not at all fatty","Not at all fatty","Not at all fatty","Not at all fatty","Not at all fibrous","Very fibrous","Extremely fibrous","I dislike the way it tastes and the carrot chunks","I like that I know I’m getting my veggies in","Moderately fibrous","Moderately fibrous","Very fibrous","Moderately hard","Not at all hard","Not at all hard","Not at all hard","Not at all hard","Not at all hard","Not at all meaty","Not at all meaty","Not at all meaty","Not at all meaty","Not at all meaty","Not at all meaty","Slightly moist","Slightly moist","18-25","Female","Omnivore (i.e., eats meat regularly)","Once every 1-2 months","Some College","Health, Convenience, Price, Taste","_Conventional Grocers_ (ex: Stop & Shop, Safeway)"
"19736701862","3","Extremely moist","Very moist","Slightly moist","Moderately moist","Extremely soft","Moderately soft","Extremely soft","Moderately soft","Extremely soft","Very soft","Like somewhat","Dislike","Like very much","Like very much","Dislike","Dislike somewhat","Like","Dislike somewhat","Like somewhat","Dislike","Like somewhat","Like","Like","Salty, Savory, Strong","Bland","Good aftertaste, Savory, Earthy / Soil","Sweet, Good aftertaste, Savory","Smoky, Good aftertaste, Strong, Savory","Dry, Crumbly / Grainy","Fibrous / Stringy, Crumbly / Grainy","Soft / Mushy, Moist","Holds together, Moist","Holds together","Fibrous / Stringy, Crumbly / Grainy","Nothing","Texture isn’t spectacular","Good flavor and spice","Really nice flavor, some smoke and spice","None of these","None of these","None of these","None of these","None of these","Good flavor, held together great, fan of the sauce","Fell apart very easily, a little too salty","Dislike somewhat","Like","Like somewhat","Taste isn’t very strong, wish it had more flavors","Like very much","None of these","Like very much","Not at all fatty","Bland, Good aftertaste","Unwieldy, fell apart right when I picked it up","Good combination of flavors","Nice taste, easy to hold, not messy","Not at all fatty","Not at all fatty","Not at all fatty","Not at all fatty","Not at all fatty","Slightly fibrous","Very fibrous","Not at all fibrous","Didn’t really taste like anything, patty fell apart","Nothing in particular","Not at all fibrous","Not at all fibrous","Moderately fibrous","Not at all hard","Moderately hard","Not at all hard","Slightly hard","Not at all hard","Not at all hard","Not at all meaty","Not at all meaty","Not at all meaty","Slightly meaty","Not at all meaty","Not at all meaty","Slightly moist","Slightly moist","26-35","Male","Omnivore (i.e., eats meat regularly)","Once a week","Master's Degree","Convenience, Price, Taste","_Conventional Grocers_ (ex: Stop & Shop, Safeway)"
"14152835940","2","Moderately moist","Slightly moist","Slightly moist","Slightly moist","Very soft","Moderately soft","Moderately soft","Moderately soft","Moderately soft","Slightly soft","Like","Like","Like very much","Like somewhat","Like somewhat","Like","Like somewhat","Like somewhat","Like","Like somewhat","Like very much","Like somewhat","Dislike somewhat","Savory, Earthy / Soil, Good aftertaste","Savory","Good aftertaste, Savory","Savory","Off-flavor","Chewy, Fibrous / Stringy","Soft / Mushy","Chewy","Firm / Hard, Tough","Crumbly / Grainy, Holds together","Crumbly / Grainy","Rough texture like made of potatoes and not beef","It is spicy","I like the black beans taste","It has sesame seeds in it","Ketchup","Ketchup","Ketchup","Ketchup","Ketchup","The taste was ok but kind of rough texture","None","Like","Dislike somewhat","Like somewhat","No meat","Dislike","Ketchup","Like somewhat","Not at all fatty","Earthy / Soil","The cheese sticking to the plate","I really liked the mushroom, cheese tomato and lettuce combined","It has carrots in it","Not at all fatty","Slightly fatty","Moderately fatty","Slightly fatty","Not at all fatty","Moderately fibrous","Moderately fibrous","Moderately fibrous","No meat","It has carrots and nuts","Slightly fibrous","Slightly fibrous","Slightly fibrous","Not at all hard","Not at all hard","Not at all hard","Not at all hard","Slightly hard","Not at all hard","Not at all meaty","Not at all meaty","Not at all meaty","Not at all meaty","Not at all meaty","Not at all meaty","Slightly moist","Slightly moist","36-45","Female","Omnivore (i.e., eats meat regularly)","Once every 1-2 months","Bachelor's Degree","Price, Taste, Health","_Small Neighborhood Grocers _"
"14152611235","3","Moderately moist","Not at all moist","Slightly moist","Slightly moist","Slightly soft","Slightly soft","Very soft","Moderately soft","Slightly soft","Moderately soft","Neither like nor dislike","Dislike","Like","Dislike somewhat","Dislike","Like","Like somewhat","Dislike somewhat","Neither like nor dislike","Dislike somewhat","Like","Like somewhat","Dislike somewhat","Earthy / Soil","Earthy / Soil, Salty, Savory","Good aftertaste, Savory","Good aftertaste, Earthy / Soil, Savory","Savory, Earthy / Soil, Weird Aftertaste","Dry, Crumbly / Grainy","Dry, Crumbly / Grainy","Gummy, Moist, Soft / Mushy","Dry, Crumbly / Grainy, Fibrous / Stringy","Holds together, Dry","Dry, Crumbly / Grainy","falling apart patty","texture","the condiments","nothing","None of these","None of these","None of these","None of these","None of these","nothing","too dry","Dislike somewhat","Dislike","Like somewhat","too dry","Dislike somewhat","None of these","Dislike somewhat","Not at all fatty","Savory, Earthy / Soil","texture","texture","texture","Not at all fatty","Not at all fatty","Not at all fatty","Not at all fatty","Not at all fatty","Very fibrous","Very fibrous","Slightly fibrous","too spicy","too spicy","Very fibrous","Slightly fibrous","Moderately fibrous","Not at all hard","Not at all hard","Not at all hard","Not at all hard","Not at all hard","Not at all hard","Not at all meaty","Not at all meaty","Not at all meaty","Not at all meaty","Not at all meaty","Not at all meaty","Slightly moist","Slightly moist","36-45","Female","Omnivore (i.e., eats meat regularly)","2-3 times a month","Master's Degree","Price, Environment, Health, Taste, Familiarity (what I'm used to), Animal Welfare, Convenience","_Natural Grocers_ (ex: Whole Foods)"
"13152739257","4","Slightly moist","Moderately moist","Slightly moist","Not at all moist","Not at all soft","Moderately soft","Moderately soft","Moderately soft","Slightly soft","Moderately soft","Neither like nor dislike","Dislike somewhat","Like","Dislike","Like","Dislike somewhat","Like somewhat","Dislike somewhat","Dislike somewhat","Dislike somewhat","Like","Dislike somewhat","Like somewhat","Off-flavor","Off-flavor","Meaty, Good aftertaste","Bland","Smoky, Salty","Crumbly / Grainy","Brittle","Moist, Fatty","Soft / Mushy","Firm / Hard, Crispy / Crunchy","Crumbly / Grainy","Don’t like the flavor","Flavor still not good enough neither is texture","Nothing really","Smells good and has flavor","None of these","Ketchup","None of these","None of these","None of these","A bit juicy","Tastes like meatless burrito","Dislike somewhat","Dislike somewhat","Like somewhat","It tastes off still","Like somewhat","None of these","Dislike somewhat","Not at all fatty","Smoky","Texture of mushroom is a bit off","Mushroom flavor is good and it has layers","Has a bit of flavor","Not at all fatty","Slightly fatty","Not at all fatty","Not at all fatty","Not at all fatty","Slightly fibrous","Moderately fibrous","Slightly fibrous","Flavor is very weak","Nothing really i guess i like sesames but not for a burger","Slightly fibrous","Moderately fibrous","Moderately fibrous","Moderately hard","Slightly hard","Moderately hard","Not at all hard","Slightly hard","Not at all hard","Not at all meaty","Not at all meaty","Slightly meaty","Not at all meaty","Not at all meaty","Slightly meaty","Not at all moist","Slightly moist","18-25","Male","Omnivore (i.e., eats meat regularly)","2-3 times a month","Bachelor's Degree","Taste, Price","_Discount Grocers_ (ex: Trader Joe's, Lidl, Aldi)"
"16283339006","4","Extremely moist","Extremely moist","Very moist","Not at all moist","Slightly soft","Very soft","Moderately soft","Extremely soft","Slightly soft","Slightly soft","Like somewhat","Like somewhat","Like very much","Like very much","Dislike somewhat","Like very much","Like very much","Dislike very much","Neither like nor dislike","Like somewhat","Like very much","Like","Neither like nor dislike","Bland","Salty, Off-flavor","Strong, Savory, Smoky, Salty, Good aftertaste","Savory, Sweet, Good aftertaste","Weird Aftertaste, Off-flavor","Crumbly / Grainy, Fibrous / Stringy, Brittle","Crumbly / Grainy, Brittle, Chewy","Soft / Mushy, Moist","Fibrous / Stringy, Moist, Sticky, Soft / Mushy","Soft / Mushy, Moist, Sticky","Crumbly / Grainy, Chewy","Not like meat","It is grainy, bland, tastes off and just like eating wheat.","It is full of beans and very difficult from normal plant Bae burgers.  Tastes okay","It has a slight second of meat flavor but then it's gone","Mustard, Ketchup","None of these","None of these","Ketchup, Mustard","Mustard, Ketchup","Its cheesy, tasty, soft and mushy, looks appealing","Not like meat, not sure if I would order it","Neither like nor dislike","Like very much","Like very much","Not like meat but acceptable","Dislike very much","Ketchup","Like very much","Not at all fatty","Good aftertaste, Sweet","None","It is not trying to imitate, it is purely a veggie burger,  very juicy and fulfilling and alot of veggies, feels healthy","It is very much like the plant base burger in the market, it is nice and mushy","Not at all fatty","Slightly fatty","Not at all fatty","Not at all fatty","Not at all fatty","Moderately fibrous","Moderately fibrous","Extremely fibrous","Its too salty and not like meat at all","Is chewy, grainy, flavorful","Very fibrous","Moderately fibrous","Very fibrous","Slightly hard","Not at all hard","Not at all hard","Not at all hard","Not at all hard","Slightly hard","Not at all meaty","Not at all meaty","Not at all meaty","Not at all meaty","Not at all meaty","Not at all meaty","Not at all moist","Slightly moist","36-45","Female","Omnivore (i.e., eats meat regularly)","Everyday","Bachelor's Degree","Taste, Price, Health","_Natural Grocers_ (ex: Whole Foods)"
"19195793877","1","Very moist","Extremely moist","Moderately moist","Moderately moist","Moderately soft","Slightly soft","Very soft","Extremely soft","Moderately soft","Very soft","Dislike somewhat","Dislike very much","Like very much","Like very much","Dislike very much","Like very much","Like very much","Dislike very much","Dislike somewhat","Dislike very much","Like","Dislike somewhat","Dislike very much","Earthy / Soil, Bland","Earthy / Soil","Savory, Fatty, Good aftertaste","Good aftertaste, Fatty","Weird Aftertaste, Bland, Earthy / Soil","Brittle, Dry","Crumbly / Grainy, Brittle","Moist, Holds together","Soft / Mushy, Holds together","Holds together, Springy","Moist, Crumbly / Grainy, Fibrous / Stringy","Lack of depth, needed other things like lettuce tomato","Too seedy, too fibrous, bland - genuinely left the burger after 1 bite","I enjoyed the cilantro","Nothing","Mustard","Mustard","None of these","Salt","None of these","The patty was well flavored!","The patty was too crumbly, and broke apart too easily","Dislike somewhat","Like","Dislike somewhat","The patty definitely needed more salt/flavoring in the patty mix itself - it was quite bland","Dislike very much","None of these","Like somewhat","Not at all fatty","Bland, Earthy / Soil","Not much","Juiciness, including all the veggies + cheese","Love the ingredients in the patty, I appreciate the vision","Not at all fatty","Moderately fatty","Moderately fatty","Not at all fatty","Not at all fatty","Moderately fibrous","Slightly fibrous","Not at all fibrous","Way too seedy, I felt like a bird, istg","Good bun?","Not at all fibrous","Slightly fibrous","Very fibrous","Slightly hard","Slightly hard","Not at all hard","Not at all hard","Slightly hard","Slightly hard","Not at all meaty","Not at all meaty","Moderately meaty","Not at all meaty","Not at all meaty","Not at all meaty","Slightly moist","Slightly moist","26-35","Male","Omnivore (i.e., eats meat regularly)","2-3 times a month","Master's Degree","Taste, Price, Health","_Conventional Grocers_ (ex: Stop & Shop, Safeway)"
"14084294211","3","Very moist","Very moist","Extremely moist","Moderately moist","Extremely soft","Very soft","Moderately soft","Extremely soft","Extremely soft","Extremely soft","Dislike somewhat","Dislike","Neither like nor dislike","Like","Dislike somewhat","Like somewhat","Neither like nor dislike","Dislike somewhat","Dislike","Dislike somewhat","Neither like nor dislike","Like somewhat","Dislike somewhat","Smoky, Savory, Earthy / Soil","Bland","Bland","Sweet, Good aftertaste","Strong, Salty","Fibrous / Stringy, Crumbly / Grainy, Dry","Chewy, Crumbly / Grainy, Soft / Mushy, Fibrous / Stringy","Holds together, Moist","Fibrous / Stringy, Soft / Mushy, Holds together, Moist","Fibrous / Stringy, Soft / Mushy, Crumbly / Grainy","Fibrous / Stringy, Springy, Crumbly / Grainy","Doesn’t feel meaty","Doesn’t hold well.","It looks healthy","It has a spice that gives it a kick","None of these","None of these","None of these","None of these","None of these","Nice taste. I think it’s potato","Too crumbly too beany","Dislike somewhat","Like somewhat","Like somewhat","Too mushy","Neither like nor dislike","None of these","Like somewhat","Not at all fatty","Salty, Earthy / Soil","The taste is bland","It has healthy ingredients","It has a good flavor","Slightly fatty","Not at all fatty","Moderately fatty","Slightly fatty","Moderately fatty","Very fibrous","Extremely fibrous","Moderately fibrous","Very bland taste","Looks healthy","Very fibrous","Extremely fibrous","Extremely fibrous","Not at all hard","Not at all hard","Not at all hard","Not at all hard","Not at all hard","Not at all hard","Slightly meaty","Slightly meaty","Moderately meaty","Slightly meaty","Slightly meaty","Moderately meaty","Not at all moist","Moderately moist","46-55","Male","Omnivore (i.e., eats meat regularly)","Once a week","Bachelor's Degree","Health","_Natural Grocers_ (ex: Whole Foods)"
"14159874500","3","Moderately moist","Not at all moist","Moderately moist","Moderately moist","Extremely soft","Extremely soft","Moderately soft","Extremely soft","Moderately soft","Moderately soft","Dislike somewhat","Dislike","Like somewhat","Like somewhat","Dislike","Like somewhat","Neither like nor dislike","Dislike somewhat","Dislike somewhat","Dislike somewhat","Like somewhat","Neither like nor dislike","Dislike","Bland","Off-flavor","Savory","Bland","Off-flavor","Soft / Mushy","Tough, Soft / Mushy","Moist","Soft / Mushy","Moist","Moist","Could not figure out what it was","No flavor","Nothing","None","None of these","None of these","None of these","None of these","None of these","Nothing","Nothing much flavor","Dislike","Dislike","Neither like nor dislike","Nothing","Dislike","None of these","Dislike somewhat","Slightly fatty","Bland","Lack of main ingredient","Flavor","Meat free","Not at all fatty","Not at all fatty","Not at all fatty","Not at all fatty","Not at all fatty","Not at all fibrous","Moderately fibrous","Very fibrous","Not good flavor","None","Not at all fibrous","Very fibrous","Very fibrous","Not at all hard","Not at all hard","Not at all hard","Not at all hard","Not at all hard","Not at all hard","Not at all meaty","Not at all meaty","Slightly meaty","Not at all meaty","Not at all meaty","Not at all meaty","Extremely moist","Very moist","36-45","Female","Omnivore (i.e., eats meat regularly)","Once a week","Some College","Health, Price, Taste, Convenience, Environment","_Discount Grocers_ (ex: Trader Joe's, Lidl, Aldi)"
"14154202156","3","Slightly moist","Very moist","Moderately moist","Very moist","Moderately soft","Moderately soft","Moderately soft","Very soft","Moderately soft","Very soft","Like very much","Like somewhat","Like very much","Like","Like somewhat","Like very much","Like","Like","Like","Like somewhat","Like very much","Like","Like","Earthy / Soil, Good aftertaste, Strong","Bland, Smoky, Earthy / Soil","Earthy / Soil, Smoky, Meaty","Good aftertaste, Sweet, Savory, Earthy / Soil","Good aftertaste, Savory, Smoky","Moist, Fibrous / Stringy, Brittle, Crumbly / Grainy","Holds together, Fibrous / Stringy","Moist, Firm / Hard, Holds together","Crumbly / Grainy, Moist, Fatty, Soft / Mushy","Gummy, Fibrous / Stringy, Dry, Holds together","Sticky, Moist, Crumbly / Grainy","Chunks","Falling apart","Bean flavor","Flavor, look","None of these","None of these","None of these","None of these","None of these","Flavor, spice","Falling apart","Like","Like somewhat","Like","Kind mushy, still like it","Like very much","None of these","Like","Moderately fatty","Sweet, Good aftertaste","I like the mushroom flavor","Flavor,texture","Flavor, texture","Moderately fatty","Moderately fatty","Slightly fatty","Moderately fatty","Moderately fatty","Very fibrous","Very fibrous","Very fibrous","Dry","Carrots, soy flavor","Very fibrous","Very fibrous","Very fibrous","Moderately hard","Moderately hard","Moderately hard","Not at all hard","Slightly hard","Not at all hard","Very meaty","Moderately meaty","Slightly meaty","Moderately meaty","Very meaty","Moderately meaty","Moderately moist","Moderately moist","46-55","Male","Flexitarian (i.e., eats meat occasionally)","2-3 times a week","Some College","Price, Taste, Health","_Discount Grocers_ (ex: Trader Joe's, Lidl, Aldi)"
"15178964209","4","Extremely moist","Slightly moist","Slightly moist","Moderately moist","Moderately soft","Very soft","Moderately soft","Moderately soft","Very soft","Slightly soft","Like","Like","Like very much","Like","Like very much","Like very much","Like very much","Like very much","Like somewhat","Like","Like very much","Like somewhat","Like very much","Salty, Savory, Smoky, Good aftertaste","Earthy / Soil, Savory, Salty","Savory, Smoky, Meaty, Earthy / Soil, Sweet, Salty","Smoky, Savory, Salty","Savory, Meaty, Good aftertaste, Strong","Fibrous / Stringy, Springy, Crumbly / Grainy, Brittle, Chewy","Crumbly / Grainy, Springy, Soft / Mushy, Moist","Springy, Moist, Fibrous / Stringy, Holds together, Chewy","Soft / Mushy, Chewy, Gummy, Holds together, Dry","Gummy, Fibrous / Stringy, Chewy, Dry, Holds together","Crumbly / Grainy, Chewy, Crispy / Crunchy","Inconsistent texture","A little crumbling","The fresh veggies went really well with the black beans","Crispy outside, strong black pepper flavor","None of these","None of these","None of these","None of these","None of these","Fun color for a “burger”","Too dry, I would use mayonnaise if it was available","Like very much","Neither like nor dislike","Like somewhat","Too dry","Like very much","None of these","Like somewhat","Not at all fatty","Earthy / Soil, Savory, Good aftertaste, Strong","Just a little messy","I like that I can clearly identify all the ingredients, it looks healthy","Vibrant color","Slightly fatty","Slightly fatty","Moderately fatty","Not at all fatty","Slightly fatty","Moderately fibrous","Slightly fibrous","Very fibrous","It fell apart easily","Visually appealing, looks like it had whole grains and the texture was good","Moderately fibrous","Very fibrous","Moderately fibrous","Slightly hard","Not at all hard","Not at all hard","Slightly hard","Slightly hard","Slightly hard","Not at all meaty","Not at all meaty","Very meaty","Slightly meaty","Slightly meaty","Moderately meaty","Not at all moist","Very moist","36-45","Female","Flexitarian (i.e., eats meat occasionally)","2-3 times a month","Bachelor's Degree","Taste, Price, Health, Environment","_Small Neighborhood Grocers _"
"14154076326","6","Very moist","Extremely moist","Very moist","Slightly moist","Extremely soft","Moderately soft","Very soft","Extremely soft","Very soft","Slightly soft","Like","Neither like nor dislike","Like","Like","Like somewhat","Like","Like","Neither like nor dislike","Like somewhat","Neither like nor dislike","Like","Like","Like somewhat","Earthy / Soil, Savory, Smoky","Salty","Smoky, Earthy / Soil","Strong","Savory","Crumbly / Grainy, Soft / Mushy","Gummy","Moist","Holds together, Moist","Soft / Mushy","Crumbly / Grainy","The nutty texture","Fell apart","Taste","Liked the kick spice","None of these","None of these","None of these","None of these","None of these","Easy to eat everything stuck together","Really fell apart","Like somewhat","Like","Like","Bun was dry","Like","None of these","Like","Not at all fatty","Strong","Fell apart","A good blend of tastes","Held together to enjoy as a whole","Not at all fatty","Not at all fatty","Moderately fatty","Not at all fatty","Not at all fatty","Moderately fibrous","Very fibrous","Slightly fibrous","Fell apart","Easy to chew","Moderately fibrous","Moderately fibrous","Very fibrous","Not at all hard","Slightly hard","Not at all hard","Not at all hard","Not at all hard","Not at all hard","Slightly meaty","Not at all meaty","Not at all meaty","Not at all meaty","Not at all meaty","Not at all meaty","Very moist","Moderately moist","Greater than 55","Male","Omnivore (i.e., eats meat regularly)","Once a week","Some College","Taste","_Natural Grocers_ (ex: Whole Foods)"
"14157487944","1","Extremely moist","Very moist","Moderately moist","Very moist","Slightly soft","Slightly soft","Very soft","Extremely soft","Moderately soft","Moderately soft","Like","Dislike","Like","Neither like nor dislike","Like somewhat","Like very much","Dislike","Dislike","Like somewhat","Dislike somewhat","Like somewhat","Dislike","Dislike","Savory","Off-flavor, Fatty, Savory, Salty, Strong","Salty, Savory, Strong, Good aftertaste","Strong, Salty","Off-flavor, Salty, Savory, Strong","Dry, Crumbly / Grainy","Holds together, Moist, Chewy, Crispy / Crunchy","Moist, Springy, Holds together","Soft / Mushy, Moist","Soft / Mushy, Moist, Crispy / Crunchy, Holds together","Sticky, Chewy, Moist","The initial flavor of the patty, the texture of the patty, the visual appearance of the burger","The look of the patty and it's texture and the flavor a little","The appearance, the flavor is okay, and I like how the party, bun, and oniot blended.","The bun","None of these","None of these","None of these","None of these","None of these","The bun flavor, and after of the patty","The party was dry, and I anticipated for some sort of lubricating, moist, aspect, and it was dry overall","Dislike somewhat","Dislike","Dislike somewhat","The initial flavor and texture","Dislike","None of these","Dislike somewhat","Slightly fatty","Off-flavor, Savory, Salty","The vinegar flavor was a bit too much.","The presentation, the ingredients, and the veggie cheese combo.","The after taste","Slightly fatty","Slightly fatty","Slightly fatty","Slightly fatty","Slightly fatty","Not at all fibrous","Slightly fibrous","Not at all fibrous","The overall flavor, with the exception","The bun and patty texture","Not at all fibrous","Not at all fibrous","Moderately fibrous","Not at all hard","Slightly hard","Not at all hard","Not at all hard","Slightly hard","Not at all hard","Not at all meaty","Slightly meaty","Slightly meaty","Not at all meaty","Not at all meaty","Slightly meaty","Not at all moist","Slightly moist","46-55","Female","Flexitarian (i.e., eats meat occasionally)","2-3 times a month","Some College","Health","_Natural Grocers_ (ex: Whole Foods)"
"14153703013","5","Moderately moist","Moderately moist","Moderately moist","Slightly moist","Moderately soft","Slightly soft","Slightly soft","Moderately soft","Very soft","Slightly soft","Like","Dislike","Like very much","Like somewhat","Dislike","Like somewhat","Like","Like somewhat","Like somewhat","Dislike","Like very much","Like","Dislike somewhat","Salty, Smoky, Savory","Weird Aftertaste, Savory, Smoky, Off-flavor, Salty, Earthy / Soil, Sweet, Strong","Savory, Meaty, Smoky, Fatty, Salty, Strong","Fatty, Savory, Smoky, Salty","Strong, Smoky, Off-flavor, Weird Aftertaste, Sweet","Crumbly / Grainy, Dry, Crispy / Crunchy, Chewy","Chewy, Firm / Hard, Crumbly / Grainy","Moist, Springy, Chewy","Moist, Soft / Mushy, Sticky, Chewy, Holds together, Fatty, Gummy","Holds together, Moist, Chewy","Holds together, Dry, Chewy, Crumbly / Grainy","A little too salty.  Unfamiliar taste, texture","Sweet tastes like among extract and burned bread","Good flavor, cilantro and spice are nice","Decent texture","None of these","None of these","None of these","None of these","None of these","Tasty, holds together, cheesy","Fell apart completely.  A little dry","Like somewhat","Like somewhat","Like","Did not dislike","Dislike somewhat","None of these","Like somewhat","Not at all fatty","Smoky, Savory, Salty","Falls apart","Tastes fresh, good flavor, garnish!","Tasty bun is pretty good","Not at all fatty","Not at all fatty","Moderately fatty","Not at all fatty","Not at all fatty","Very fibrous","Very fibrous","Moderately fibrous","Not a good flavor or texture.  Patty so overpowered bun","Didn't like","Moderately fibrous","Slightly fibrous","Very fibrous","Moderately hard","Slightly hard","Slightly hard","Not at all hard","Not at all hard","Slightly hard","Not at all meaty","Not at all meaty","Moderately meaty","Not at all meaty","Not at all meaty","Not at all meaty","Slightly moist","Slightly moist","Greater than 55","Female","Flexitarian (i.e., eats meat occasionally)","Once a week","Ph.D. or higher","Health, Taste, Animal Welfare","_Natural Grocers_ (ex: Whole Foods)"
"14158718441","6","Very moist","Extremely moist","Slightly moist","Slightly moist","Slightly soft","Moderately soft","Extremely soft","Very soft","Moderately soft","Moderately soft","Dislike somewhat","Dislike somewhat","Like very much","Like very much","Dislike somewhat","Like very much","Dislike somewhat","Like somewhat","Dislike","Dislike somewhat","Like very much","Dislike","Dislike somewhat","Weird Aftertaste, Salty, Off-flavor, Smoky","Off-flavor, Weird Aftertaste, Salty, Strong","Smoky, Earthy / Soil, Savory, Meaty, Sweet, Good aftertaste","Smoky, Sweet, Savory, Good aftertaste, Fatty, Meaty","Salty, Strong","Crumbly / Grainy","Chewy, Crumbly / Grainy, Moist, Springy","Chewy, Firm / Hard, Springy, Holds together","Springy, Fatty, Moist, Holds together","Soft / Mushy, Gummy, Fibrous / Stringy, Crumbly / Grainy","Crumbly / Grainy, Firm / Hard, Holds together","Appearance was different than the other samples.  Shocked me at first but after one bite I was in heaven!","Too peppery.  I needed to drink water immediately.","Appearance.  Color.","Appearance is good.  Looks like a grainy surprise.","None of these","None of these","None of these","None of these","None of these","Great taste.  First time I ate the entire sample!  Tasted like something I would return to!","Fell apart when I held it.  It was a mess","Dislike very much","Like very much","Dislike","Cold.  Gummy.  Over seasoned","Neither like nor dislike","None of these","Like very much","Slightly fatty","Earthy / Soil, Off-flavor, Weird Aftertaste, Strong","Nothing!","Clear presentation of what I am about to eat.  I never realized what a portabella could do as a meat substitute","Colors like a tumeric  seasoning in was tasty","Moderately fatty","Slightly fatty","Very fatty","Slightly fatty","Slightly fatty","Moderately fibrous","Moderately fibrous","Very fibrous","Carrots didn’t help the taste.  Appearance is grainy","Too grainy.  Carrots not blending with grains.  Looks like granola that got mixed with salt and seasonings","Very fibrous","Very fibrous","Moderately fibrous","Not at all hard","Slightly hard","Moderately hard","Slightly hard","Slightly hard","Slightly hard","Slightly meaty","Slightly meaty","Very meaty","Extremely meaty","Not at all meaty","Very meaty","Slightly moist","Moderately moist","Greater than 55","Male","Omnivore (i.e., eats meat regularly)","Once a week","Bachelor's Degree","Animal Welfare, Price, Taste, Health","_Conventional Grocers_ (ex: Stop & Shop, Safeway)"
"17652366356","3","Very moist","Extremely moist","Moderately moist","Not at all moist","Moderately soft","Extremely soft","Extremely soft","Extremely soft","Extremely soft","Moderately soft","Like","Dislike very much","Dislike somewhat","Like","Dislike very much","Like somewhat","Dislike very much","Dislike very much","Like somewhat","Dislike very much","Neither like nor dislike","Dislike","Dislike very much","Strong, Good aftertaste, Savory","Savory","Bland, Earthy / Soil","Fatty, Smoky","Weird Aftertaste, Off-flavor","Crumbly / Grainy, Soft / Mushy","Brittle, Crumbly / Grainy","Soft / Mushy, Gummy","Soft / Mushy, Moist","Crumbly / Grainy","Crumbly / Grainy, Chewy","Needs more meat and maybe some green veggies","It’s like I’m eating a soggy granola bar that someone added a kick to","It’s slightly spicy! And has flavor","I guess this is also a little spicy which is nice but…","None of these","None of these","Pepper, Ketchup","None of these","None of these","Cheesy!  But there’s more texture than just cheese.  Some sort of bean?","I lost half the patty.  It falls apart way too easily","Dislike somewhat","Like somewhat","Dislike","Oh gawds it’s like biting into sad sad mush","Dislike very much","None of these","Like","Not at all fatty","Savory","I want a bit more flavor.  I tried a second bite with a bit of black pepper and ketchup but that just overwhelmed the flavor of the portobello","The portobello mushroom was nice","I guess it’s healthy?  Maybe?","Not at all fatty","Not at all fatty","Moderately fatty","Not at all fatty","Not at all fatty","Very fibrous","Very fibrous","Very fibrous","I think this might be even more crumbly than the other granola burger and that’s bad. Also, no longer spicy","Nope, it’s just another granola bar turned into a sad burger","Not at all fibrous","Extremely fibrous","Extremely fibrous","Not at all hard","Not at all hard","Not at all hard","Not at all hard","Not at all hard","Not at all hard","Not at all meaty","Not at all meaty","Not at all meaty","Not at all meaty","Not at all meaty","Not at all meaty","Not at all moist","Not at all moist","36-45","Male","Omnivore (i.e., eats meat regularly)","Once a week","Bachelor's Degree","Taste","_Bulk Grocers_ (ex: Costco, Sam's Club)"
"19367184259","1","Very moist","Not at all moist","Slightly moist","Moderately moist","Moderately soft","Slightly soft","Very soft","Not at all soft","Moderately soft","Very soft","Like","Dislike somewhat","Like very much","Dislike very much","Dislike","Like","Neither like nor dislike","Like","Like somewhat","Dislike somewhat","Like very much","Neither like nor dislike","Like somewhat","Earthy / Soil, Meaty, Savory","Earthy / Soil, Off-flavor","Earthy / Soil, Savory, Meaty","Off-flavor, Bland, Weird Aftertaste","Weird Aftertaste, Meaty, Strong","Dry, Brittle, Crumbly / Grainy","Fibrous / Stringy, Brittle, Crumbly / Grainy, Dry","Soft / Mushy, Springy, Moist","Dry, Crumbly / Grainy","Crispy / Crunchy, Holds together, Chewy","Sticky, Moist, Holds together, Chewy, Springy, Gummy","Partty is very dry and flavorless","Strong peppery flavor","Flavorful","Moisty patty","Ketchup","Ketchup","None of these","Ketchup","None of these","Sauce is ok","A bit dry, not juicy like a real burger","Neither like nor dislike","Dislike very much","Neither like nor dislike","A bit dry","Like somewhat","None of these","Dislike very much","Not at all fatty","Savory, Good aftertaste, Strong, Earthy / Soil","Falls apart easily","Like portabello burgers in general, fresh tomatoes are great","Curry- like flavor. Well balanced spices","Not at all fatty","Slightly fatty","Not at all fatty","Slightly fatty","Not at all fatty","Very fibrous","Extremely fibrous","Slightly fibrous","Dry, tastes too much like underlying grain","None","Very fibrous","Moderately fibrous","Very fibrous","Slightly hard","Very hard","Moderately hard","Moderately hard","Moderately hard","Slightly hard","Moderately meaty","Not at all meaty","Very meaty","Not at all meaty","Slightly meaty","Moderately meaty","Not at all moist","Not at all moist","36-45","Male","Flexitarian (i.e., eats meat occasionally)","Once a week","Bachelor's Degree","Animal Welfare, Health, Taste","_Natural Grocers_ (ex: Whole Foods)"
"19253232578","1","Moderately moist","Not at all moist","Very moist","Slightly moist","Moderately soft","Very soft","Moderately soft","Not at all soft","Extremely soft","Moderately soft","Like very much","Dislike","Dislike","Neither like nor dislike","Neither like nor dislike","Dislike","Dislike somewhat","Dislike","Like very much","Dislike somewhat","Dislike","Like somewhat","Dislike","Good aftertaste, Savory, Salty","Salty, Savory","Earthy / Soil, Salty","Savory, Salty, Fatty","Strong, Salty, Weird Aftertaste","Crumbly / Grainy, Soft / Mushy","Holds together, Crumbly / Grainy, Moist","Moist, Firm / Hard, Tough","Firm / Hard, Dry, Soft / Mushy","Soft / Mushy, Moist","Crumbly / Grainy, Fibrous / Stringy","The beans or corn or whatever was in the patty was dry/hard. Fell apart very easily. Almost soggy too, I think too much cheese, oil, or condiments","Very peppery. Too much and overpowering flavor. Weird grainy/stringy texture. Very crumbly","The beans were very savory and the cilantro and onion were great additions","Nothing","None of these","None of these","None of these","None of these","None of these","Flavors were pretty okay","Fell apart very easily. I wished I had a fork","Like","Dislike","Like somewhat","No strong dislike, just not amazed. Maybe a little too mushy","Dislike very much","None of these","Neither like nor dislike","Not at all fatty","Bland, Savory, Sweet","I don’t like the flavor or the proportions of “meat” (mushroom) to toppings","It was moist","Flavor was decent and it was moist","Not at all fatty","Not at all fatty","Moderately fatty","Not at all fatty","Not at all fatty","Very fibrous","Very fibrous","Not at all fibrous","Soy sauce flavor is very strong. All I can taste","Texture was not bad","Not at all fibrous","Very fibrous","Moderately fibrous","Slightly hard","Not at all hard","Moderately hard","Very hard","Not at all hard","Slightly hard","Not at all meaty","Not at all meaty","Not at all meaty","Not at all meaty","Not at all meaty","Not at all meaty","Not at all moist","Very moist","26-35","Female","Flexitarian (i.e., eats meat occasionally)","Once a week","Bachelor's Degree","Taste, Health, Environment, Animal Welfare, Price, Convenience","_Small Neighborhood Grocers _"
"17083057931","1","Extremely moist","Extremely moist","Extremely moist","Moderately moist","Moderately soft","Moderately soft","Slightly soft","Very soft","Very soft","Very soft","Like","Dislike","Like","Like very much","Dislike very much","Neither like nor dislike","Dislike somewhat","Like","Like","Dislike","Like somewhat","Neither like nor dislike","Dislike","Smoky, Savory, Salty","Off-flavor, Sweet, Strong, Earthy / Soil","Sweet, Salty, Smoky, Strong","Strong, Sweet, Savory, Salty","Meaty, Strong, Savory","Brittle, Crispy / Crunchy, Crumbly / Grainy","Brittle, Crumbly / Grainy, Soft / Mushy, Springy","Springy, Firm / Hard, Moist","Holds together, Crumbly / Grainy, Crispy / Crunchy, Soft / Mushy, Moist","Soft / Mushy, Holds together, Fibrous / Stringy, Moist","Fibrous / Stringy, Chewy, Moist, Crumbly / Grainy, Gummy","Because of how cheesy it is mixed with the denseness of chickpeas, it feels difficult and heavy to have an entire burger of this, and it also makes the bun a little soggier and less crisp.","The flavor is too peppery and could use a little more crunch given its grilled look/color.","The crunch of the patty, and the onion/cilantro/bean flavor is nice with whatever seasonings and not too dry.","The texture of the patty almost feels like a chicken patty, and there is a nice grilled, smoky flavor.","None of these","None of these","None of these","None of these","None of these","The flavor was very nice -- cheesy, a little spice, some acidic flavor to balance, and the burger overall is moist.","The beans give it a kinda gritty texture, which made it difficult to eat fully without some water.","Like very much","Like","Neither like nor dislike","The feel of the patty had me expect a crunch, but it wasn't crunchy, and the flavor overall didn't seem as grilled/charred as others.","Dislike","None of these","Like","Not at all fatty","Strong","It was difficult to bite off the mushroom patty without the burger falling apart a bit, and the overall taste is slightly too acidic.","The patty is juicy and has a nice flavor, and the cheese complements it.","The burger has an interesting flavor that also feels somewhat fresh and varied because of the mix of veggies.","Slightly fatty","Not at all fatty","Very fatty","Slightly fatty","Not at all fatty","Slightly fibrous","Slightly fibrous","Slightly fibrous","The patty falls apart easily, and there is too strong of an oaty flavor that almost feels like a granola bar.","The flavor is interesting and not bland, and the patty is decently moist.","Not at all fibrous","Slightly fibrous","Very fibrous","Slightly hard","Slightly hard","Moderately hard","Slightly hard","Slightly hard","Slightly hard","Not at all meaty","Moderately meaty","Slightly meaty","Not at all meaty","Not at all meaty","Very meaty","Moderately moist","Moderately moist","26-35","Male","Omnivore (i.e., eats meat regularly)","Once every 1-2 months","Ph.D. or higher","Taste, Price","_Conventional Grocers_ (ex: Stop & Shop, Safeway)"
"19254480349","1","Extremely moist","Slightly moist","Slightly moist","Not at all moist","Very soft","Moderately soft","Extremely soft","Very soft","Extremely soft","Very soft","Like","Dislike somewhat","Like very much","Like","Dislike","Like somewhat","Dislike","Like somewhat","Like somewhat","Dislike very much","Like","Dislike very much","Dislike","Earthy / Soil","Earthy / Soil, Bland, Off-flavor","Fatty, Salty, Meaty, Savory","Sweet, Off-flavor","Off-flavor, Earthy / Soil, Weird Aftertaste, Smoky","Soft / Mushy, Gummy","Crumbly / Grainy, Fibrous / Stringy, Chewy","Chewy, Fatty, Moist","Soft / Mushy, Crumbly / Grainy, Fibrous / Stringy, Gummy","Fibrous / Stringy, Crumbly / Grainy","Chewy, Fibrous / Stringy, Gummy","Strange texture, did not taste like a burger","flavor of patty was too spiced and overall dry","I like the flavor of black bean in the patty.","texture of patty","None of these","None of these","None of these","None of these","None of these","Sauce or dressing on the patty tasted good","It was overall a bit dry. I think some lettuce & tomato would help.","Dislike","Dislike","Dislike very much","Flavor, texture, too dry","Dislike very much","None of these","Neither like nor dislike","Slightly fatty","Earthy / Soil, Weird Aftertaste, Off-flavor","Patty was somewhat difficult to bite through. I kept pulling out the patty by accident when trying to bite through","Juicy, great patty flavor, savory","Did not like at all","Not at all fatty","Moderately fatty","Not at all fatty","Slightly fatty","Slightly fatty","Very fibrous","Very fibrous","Slightly fibrous","Flavor, texture, dry, tiring to chew","Did not like at all","Very fibrous","Very fibrous","Very fibrous","Not at all hard","Not at all hard","Not at all hard","Not at all hard","Not at all hard","Not at all hard","Slightly meaty","Not at all meaty","Very meaty","Not at all meaty","Not at all meaty","Not at all meaty","Not at all moist","Not at all moist","26-35","Male","Omnivore (i.e., eats meat regularly)","Once a week","Master's Degree","Price, Taste","_Discount Grocers_ (ex: Trader Joe's, Lidl, Aldi)"
"14157131644","2","Very moist","Very moist","Slightly moist","Moderately moist","Very soft","Moderately soft","Moderately soft","Very soft","Very soft","Very soft","Like somewhat","Neither like nor dislike","Like very much","Like","Neither like nor dislike","Like","Like","Dislike somewhat","Like somewhat","Dislike somewhat","Like","Like","Dislike somewhat","Savory, Salty, Good aftertaste","Savory, Salty, Earthy / Soil","Savory","Good aftertaste","Bland, Earthy / Soil","Crumbly / Grainy, Sticky","Brittle, Crumbly / Grainy, Crispy / Crunchy","Springy","Moist, Gummy, Soft / Mushy","Soft / Mushy, Holds together, Moist","Crispy / Crunchy, Crumbly / Grainy","Too mushy","Not much flavor","Good taste","Decent texture","None of these","None of these","None of these","None of these","None of these","The taste of sauce","Needs more on it","Like","Dislike","Like very much","Nothing","Dislike somewhat","None of these","Neither like nor dislike","Slightly fatty","Good aftertaste","Raw onions","Taste and cheese flavor","Taste and texture , good flavors","Slightly fatty","Slightly fatty","Not at all fatty","Slightly fatty","Slightly fatty","Slightly fibrous","Slightly fibrous","Moderately fibrous","Texture , grains","Decent taste","Not at all fibrous","Moderately fibrous","Moderately fibrous","Not at all hard","Slightly hard","Not at all hard","Not at all hard","Not at all hard","Not at all hard","Not at all meaty","Not at all meaty","Slightly meaty","Not at all meaty","Moderately meaty","Slightly meaty","Slightly moist","Slightly moist","26-35","Female","Omnivore (i.e., eats meat regularly)","Once every 1-2 months","Ph.D. or higher","Convenience, Taste, Price","_Bulk Grocers_ (ex: Costco, Sam's Club)"
"13608786392","5","Very moist","Slightly moist","Moderately moist","Slightly moist","Slightly soft","Extremely soft","Very soft","Very soft","Very soft","Extremely soft","Like very much","Dislike somewhat","Like very much","Like","Dislike somewhat","Like","Neither like nor dislike","Dislike very much","Like very much","Dislike somewhat","Like very much","Like","Dislike somewhat","Salty, Savory, Earthy / Soil, Strong","Earthy / Soil, Savory, Bland","Meaty, Earthy / Soil, Smoky, Savory","Fatty, Sweet, Savory, Smoky","Strong, Savory, Earthy / Soil","Crumbly / Grainy, Dry","Crumbly / Grainy","Chewy, Gummy, Soft / Mushy, Holds together","Moist, Chewy, Holds together, Soft / Mushy","Soft / Mushy, Moist","Crumbly / Grainy, Soft / Mushy","Big chunks of beans not blended","Texture is strange, falls apart easily","Flavor is strong and salty","Strong pepper taste stands out","None of these","Ketchup","None of these","None of these","Ketchup","Bean and cheese combo","Cilantro, falls apart easily","Neither like nor dislike","Like somewhat","Like very much","Texture too soft. Could use some crisp","Dislike somewhat","None of these","Like","Slightly fatty","Good aftertaste, Savory, Sweet, Earthy / Soil","Tomato.","Smoky, good cheese. Light. Doesn't fill me up and make me feel bloated","Pickled onions are great. Not too salty","Slightly fatty","Moderately fatty","Moderately fatty","Not at all fatty","Not at all fatty","Extremely fibrous","Extremely fibrous","Slightly fibrous","Bun is soft. Seasoning is good","Too nutty or oaty","Moderately fibrous","Moderately fibrous","Very fibrous","Moderately hard","Not at all hard","Not at all hard","Slightly hard","Not at all hard","Not at all hard","Moderately meaty","Not at all meaty","Very meaty","Slightly meaty","Not at all meaty","Not at all meaty","Not at all moist","Very moist","26-35","Male","Omnivore (i.e., eats meat regularly)","Once a week","Master's Degree","Health, Price, Taste","_Natural Grocers_ (ex: Whole Foods)"
"17472838475","1","Extremely moist","Slightly moist","Very moist","Moderately moist","Slightly soft","Slightly soft","Very soft","Slightly soft","Extremely soft","Moderately soft","Dislike","Dislike","Like very much","Like","Like somewhat","Like very much","Like","Like very much","Like somewhat","Dislike","Like very much","Like very much","Like very much","Bland","Weird Aftertaste, Earthy / Soil","Savory","Good aftertaste, Savory","Good aftertaste, Strong, Savory, Smoky, Sweet, Salty","Crumbly / Grainy","Crispy / Crunchy, Crumbly / Grainy","Moist","Crispy / Crunchy","Soft / Mushy, Holds together","Holds together, Moist, Springy","Patty tasted like stale french fries\nNot a big fan of the crunch of the beans","Visually not that appealing\nLooked dense","Very black bean forward. I like black beans so i didn’t mind but may not be for everyone\n\nSesame on buns was good","Tasted really good, flavor was unexpected!!\nReminded me of italian sausage in a cream sauce for some reason\n\nTexture worked really well together. Perfect in between of soft and crunchy","Ketchup","None of these","None of these","None of these","None of these","Sauce was really good\nVisually very appealing\nWas not as heavy as initial first impression","Don’t think cilantro added much\n\nWouldve liked more onions\n\nLacked in flavor so i added ketchup","Like","Dislike","Like very much","No chew on patty","Like very much","None of these","Like","Not at all fatty","Good aftertaste, Strong, Savory","It’s a bit wet","Really good flavor\nTasted very fresh and healthy","Smells really good\nI like the spice, tumeric? Galangal?\nVisually appealing\nGood onion amount","Moderately fatty","Not at all fatty","Moderately fatty","Moderately fatty","Slightly fatty","Very fibrous","Extremely fibrous","Moderately fibrous","Not sure if the ingredient goes well with a burger\nWas not visually appetizing","Texture of patty was good\nGood level of crunch","Very fibrous","Not at all fibrous","Extremely fibrous","Not at all hard","Very hard","Slightly hard","Very hard","Not at all hard","Moderately hard","Not at all meaty","Moderately meaty","Very meaty","Not at all meaty","Not at all meaty","Moderately meaty","Very moist","Moderately moist","18-25","Female","Omnivore (i.e., eats meat regularly)","Once every 1-2 months","Bachelor's Degree","Taste","_Discount Grocers_ (ex: Trader Joe's, Lidl, Aldi)"
"16036600392","2","Very moist","Very moist","Slightly moist","Slightly moist","Slightly soft","Very soft","Moderately soft","Extremely soft","Very soft","Moderately soft","Dislike","Neither like nor dislike","Like","Like","Dislike","Like","Like","Dislike somewhat","Dislike","Dislike somewhat","Like","Dislike very much","Like somewhat","Earthy / Soil, Bland","Bland, Savory, Earthy / Soil, Weird Aftertaste","Savory, Salty, Meaty, Earthy / Soil","Savory, Good aftertaste","Earthy / Soil, Bland","Crumbly / Grainy, Dry","Dry, Crumbly / Grainy","Moist, Holds together, Springy, Firm / Hard","Soft / Mushy","Holds together, Moist, Fibrous / Stringy","Brittle, Holds together, Fibrous / Stringy, Crumbly / Grainy, Dry","hard chunks","bland, too grainy","black beans","holds together, seems healthy","Ketchup","Ketchup","None of these","None of these","Ketchup","flavor","cilantro taste, fell apart","Dislike very much","Dislike","Dislike very much","way too herby","Neither like nor dislike","Ketchup","Neither like nor dislike","Not at all fatty","Earthy / Soil, Strong, Smoky","messy","fresh, tangy","texture","Not at all fatty","Slightly fatty","Moderately fatty","Slightly fatty","Not at all fatty","Very fibrous","Very fibrous","Slightly fibrous","dry, crumbly","seems healthy","Moderately fibrous","Moderately fibrous","Very fibrous","Slightly hard","Moderately hard","Moderately hard","Not at all hard","Moderately hard","Moderately hard","Not at all meaty","Not at all meaty","Moderately meaty","Not at all meaty","Not at all meaty","Slightly meaty","Not at all moist","Not at all moist","36-45","Female","Omnivore (i.e., eats meat regularly)","2-3 times a month","Bachelor's Degree","Convenience, Taste","_Discount Grocers_ (ex: Trader Joe's, Lidl, Aldi)"
"14087864143","4","Moderately moist","Moderately moist","Slightly moist","Slightly moist","Moderately soft","Not at all soft","Moderately soft","Very soft","Very soft","Moderately soft","Dislike","Dislike somewhat","Like somewhat","Like","Dislike somewhat","Like somewhat","Like somewhat","Dislike somewhat","Dislike somewhat","Dislike somewhat","Like somewhat","Neither like nor dislike","Like somewhat","Bland, Earthy / Soil","Bland, Earthy / Soil","Salty, Good aftertaste, Savory, Sweet","Fatty, Savory, Smoky, Sweet, Meaty, Good aftertaste, Salty","Savory, Strong","Crumbly / Grainy, Soft / Mushy, Gummy","Crispy / Crunchy, Dry, Brittle, Crumbly / Grainy, Soft / Mushy","Crispy / Crunchy, Chewy, Holds together","Fatty, Chewy, Crumbly / Grainy, Moist","Holds together, Soft / Mushy, Moist, Crispy / Crunchy","Crumbly / Grainy, Moist, Fibrous / Stringy","The party texture has some bits (feels like a chunk of beans) in it and it’s a little soft like mush","The patty falls apart like it’s not one cohesive patty. The burger is too peppery and onion ey","Soft bun and lettuce adds taste and texture","Soft bun and more flavorful than bland but I don’t love the flavor","None of these","None of these","None of these","None of these","None of these","The taste is like cheesy and meaty and the bun is soft","The taste  is bland and beany. Mushy and green from the veggies but there’s nothing to balance out the flavors of lettuce or spice","Dislike","Dislike somewhat","Like somewhat","I don’t think the flavors are very balanced. It’s a little sweet but also onion ey. I wouldn’t think of it as a burger but if it was like a green onion pancake or shown to me as something else, I wouldn’t think the flavors are an issue","Like somewhat","None of these","Like","Not at all fatty","Salty, Sweet, Savory, Off-flavor","The mushroom patty wouldn’t rip apart with a bite so I ate it all in one bite by accident and was left with the bun and veggies. I also feel like each bite of the burger tasted different depending on what I got. The flavors weren’t very balanced depending on the bite","I like the variety going on with tomatoes and lettuce and cheese and a mushroom patty.","Soft bun and there’s softness but also crunchy texture. I also like the hint of \n onions or something citrus","Not at all fatty","Slightly fatty","Moderately fatty","Not at all fatty","Slightly fatty","Extremely fibrous","Moderately fibrous","Not at all fibrous","The party fell apart upon picking up and doesn’t really taste like anything. It just tastes like the buns","The bread is very soft and fluffy","Moderately fibrous","Moderately fibrous","Moderately fibrous","Slightly hard","Moderately hard","Moderately hard","Slightly hard","Slightly hard","Slightly hard","Not at all meaty","Not at all meaty","Not at all meaty","Moderately meaty","Slightly meaty","Slightly meaty","Not at all moist","Slightly moist","26-35","Female","Omnivore (i.e., eats meat regularly)","Once a week","Bachelor's Degree","Price, Taste, Familiarity (what I'm used to)","_Bulk Grocers_ (ex: Costco, Sam's Club)"
"16265395763","3","Slightly moist","Slightly moist","Moderately moist","Moderately moist","Slightly soft","Not at all soft","Slightly soft","Extremely soft","Extremely soft","Moderately soft","Neither like nor dislike","Dislike","Dislike somewhat","Like somewhat","Dislike somewhat","Neither like nor dislike","Dislike somewhat","Like somewhat","Neither like nor dislike","Dislike","Dislike somewhat","Like somewhat","Like somewhat","Savory, Earthy / Soil, Smoky, Strong","Savory, Bland","Savory, Off-flavor, Meaty, Weird Aftertaste","Smoky, Earthy / Soil, Salty, Savory","Smoky, Salty, Savory, Weird Aftertaste","Crumbly / Grainy, Brittle, Holds together, Tough, Chewy","Crumbly / Grainy, Firm / Hard, Tough, Holds together","Firm / Hard, Moist, Fibrous / Stringy, Springy, Chewy, Gummy","Gummy, Chewy, Holds together, Sticky, Soft / Mushy, Moist","Crumbly / Grainy, Moist, Holds together, Soft / Mushy","Springy, Chewy, Holds together, Crumbly / Grainy, Moist","Cheese makes this a weird combo, the beans aren't fully integrated","Bit spicy","Beans are hearty","Smells aromatic, chewy","None of these","None of these","None of these","None of these","None of these","The sauce is nice","Spicy, includes whole cilantro","Neither like nor dislike","Dislike somewhat","Like","Texture is a bit soft","Dislike somewhat","None of these","Neither like nor dislike","Not at all fatty","Earthy / Soil, Savory","Seemed a bit sour and chewy (cheese and patty)","Lots of veggies","Flavorful patty","Not at all fatty","Slightly fatty","Moderately fatty","Not at all fatty","Not at all fatty","Moderately fibrous","Very fibrous","Very fibrous","Too many chewy bits, no flavor","Can see the veggies, seems healthy","Slightly fibrous","Moderately fibrous","Moderately fibrous","Moderately hard","Very hard","Moderately hard","Not at all hard","Not at all hard","Not at all hard","Moderately meaty","Slightly meaty","Very meaty","Moderately meaty","Slightly meaty","Very meaty","Slightly moist","Not at all moist","36-45","Female","Omnivore (i.e., eats meat regularly)","Once a week","Master's Degree","Price, Taste, Convenience","_Conventional Grocers_ (ex: Stop & Shop, Safeway)"
"14153705918","1","Very moist","Slightly moist","Not at all moist","Slightly moist","Not at all soft","Slightly soft","Slightly soft","Moderately soft","Not at all soft","Moderately soft","Like","Neither like nor dislike","Like somewhat","Like","Dislike somewhat","Like","Like somewhat","Like somewhat","Like somewhat","Dislike somewhat","Neither like nor dislike","Neither like nor dislike","Dislike somewhat","Savory","Weird Aftertaste, Earthy / Soil","Meaty","Savory, Good aftertaste, Bland","Savory, Smoky, Strong","Crumbly / Grainy","Dry, Firm / Hard","Moist","Holds together, Sticky","Holds together, Firm / Hard","Soft / Mushy, Crumbly / Grainy, Sticky","Nothing offensive","Just meh","The patty has a nice mix of spice from the veg in it.","It was warm","None of these","None of these","None of these","None of these","None of these","The cheese and the presentation hiding the beans inside and holding the sandwich together","It literally disintegrated when I tried to pick it up. Burger shouldn’t wind up in your lap when you try to eat it.","Dislike somewhat","Like somewhat","Neither like nor dislike","It reminded me of a generic veg burger with some Indian spices to hide its origin","Like somewhat","None of these","Like","Not at all fatty","Savory, Meaty, Salty, Sweet","It was initially stuck to the tray and was a bit messy. That’s a subjective view on my part","It was a substantial bite with the mushrooms and the tomato/veg","It held together","Not at all fatty","Not at all fatty","Slightly fatty","Not at all fatty","Not at all fatty","Not at all fibrous","Not at all fibrous","Not at all fibrous","This is the generic veggie burger","It was warm","Not at all fibrous","Not at all fibrous","Not at all fibrous","Moderately hard","Slightly hard","Moderately hard","Slightly hard","Very hard","Moderately hard","Not at all meaty","Moderately meaty","Very meaty","Slightly meaty","Very meaty","Slightly meaty","Not at all moist","Not at all moist","46-55","Male","Omnivore (i.e., eats meat regularly)","Once a week","Master's Degree","Taste, Price, Convenience","_Conventional Grocers_ (ex: Stop & Shop, Safeway)"
"16502962383","5","Very moist","Slightly moist","Moderately moist","Slightly moist","Moderately soft","Slightly soft","Slightly soft","Very soft","Moderately soft","Moderately soft","Dislike somewhat","Dislike","Like","Like","Dislike","Like","Dislike somewhat","Neither like nor dislike","Dislike somewhat","Dislike","Like","Neither like nor dislike","Dislike somewhat","Savory, Smoky","Earthy / Soil, Bland","Strong, Savory, Meaty","Salty, Savory, Fatty","Salty, Strong","Soft / Mushy, Holds together, Moist","Dry, Crumbly / Grainy, Springy","Holds together, Soft / Mushy, Moist","Soft / Mushy, Chewy, Fatty","Soft / Mushy, Holds together, Crispy / Crunchy","Springy, Chewy, Sticky","Too mushy","Too much black pepper","Smoky","Slightly meaty texture","None of these","None of these","None of these","None of these","None of these","Nice sauce","Bland","Like somewhat","Neither like nor dislike","Neither like nor dislike","No meat texture","Dislike somewhat","None of these","Like somewhat","Slightly fatty","Savory, Salty, Off-flavor","No bottom bun","Meaty texture, nice combination of toppings","Curry like taste","Not at all fatty","Slightly fatty","Slightly fatty","Not at all fatty","Not at all fatty","Slightly fibrous","Moderately fibrous","Not at all fibrous","Dry, off color, no flavor","Nothing","Not at all fibrous","Not at all fibrous","Slightly fibrous","Moderately hard","Slightly hard","Not at all hard","Not at all hard","Not at all hard","Not at all hard","Slightly meaty","Slightly meaty","Moderately meaty","Slightly meaty","Not at all meaty","Slightly meaty","Slightly moist","Slightly moist","26-35","Male","Omnivore (i.e., eats meat regularly)","Once a week","Bachelor's Degree","Taste","_Big Box Retailers_ (ex: Target, Walmart)"
"12405349507","6","Very moist","Moderately moist","Slightly moist","Slightly moist","Moderately soft","Moderately soft","Moderately soft","Extremely soft","Moderately soft","Moderately soft","Dislike","Dislike","Neither like nor dislike","Dislike very much","Dislike very much","Like somewhat","Dislike","Dislike very much","Dislike very much","Dislike","Neither like nor dislike","Dislike","Dislike","Off-flavor, Savory","Bland, Earthy / Soil","Fatty, Savory, Off-flavor","Weird Aftertaste, Strong, Off-flavor","Savory, Good aftertaste","Moist, Soft / Mushy, Sticky, Gummy","Crumbly / Grainy, Soft / Mushy","Springy, Moist","Chewy, Soft / Mushy","Holds together, Soft / Mushy, Crumbly / Grainy","Crumbly / Grainy, Crispy / Crunchy, Brittle","flavor, texture, mouthfeel. cheese tastes off and it falls apart too quickly in mouth","the texture, too many seeds","beans taste good","spice level and flavor","Ketchup, Mustard","Ketchup, Mustard","Ketchup, Mustard","Ketchup, Mustard","Ketchup, Mustard","nothing","just tastes like kinda mushy beans w seeds","Dislike very much","Dislike very much","Dislike","flavor, texture,","Like","Ketchup, Mustard","Dislike very much","Not at all fatty","Off-flavor, Savory, Weird Aftertaste","mushroom flavor is a bit off, doesn’t feel like a burger. also fell apart easily i think too much stuffed in","veggies on it were good compliment, mushroom didn’t taste bad","i think it held together better than 192 and 922","Not at all fatty","Moderately fatty","Slightly fatty","Slightly fatty","Slightly fatty","Moderately fibrous","Very fibrous","Slightly fibrous","texture, flavor","not an offensive taste","Moderately fibrous","Moderately fibrous","Very fibrous","Not at all hard","Not at all hard","Moderately hard","Not at all hard","Not at all hard","Slightly hard","Not at all meaty","Not at all meaty","Moderately meaty","Not at all meaty","Slightly meaty","Slightly meaty","Slightly moist","Moderately moist","18-25","Male","Omnivore (i.e., eats meat regularly)","2-3 times a month","Bachelor's Degree","Price, Taste, Convenience, Health, Familiarity (what I'm used to), Animal Welfare, Environment","_Small Neighborhood Grocers _"
"18189298915","3","Moderately moist","Moderately moist","Slightly moist","Slightly moist","Very soft","Slightly soft","Slightly soft","Very soft","Very soft","Very soft","Dislike","Dislike","Like very much","Like somewhat","Dislike very much","Like somewhat","Dislike","Dislike very much","Dislike","Dislike","Dislike somewhat","Dislike","Dislike very much","Earthy / Soil, Bland","Bland, Sweet","Good aftertaste, Savory, Salty, Earthy / Soil","Savory, Salty, Fatty","Bland, Off-flavor, Weird Aftertaste, Smoky","Brittle, Crumbly / Grainy","Fibrous / Stringy, Crumbly / Grainy, Soft / Mushy, Firm / Hard","Springy, Moist, Soft / Mushy","Chewy, Soft / Mushy","Sticky, Gummy, Soft / Mushy, Dry","Chewy, Soft / Mushy, Gummy, Sticky, Crumbly / Grainy, Dry","Sloppy, cheap cheese taste. Cheap bun. No fresh vegetables like lettuce and tomato. Texture is strange.","Bun is mediocre, patty is bland and crumbly. I would normally put a lot of condiments on this to make it palatable. The bun and patty just dissolve into this weird taste","There's a little bit of kick to it.","Nothinf","None of these","None of these","None of these","None of these","None of these","It tastes like a starch and cheese... I like bean and cheese and potato and cheese.","The patty isn't great. Bun is boring. Kinda bland overall.","Dislike","Dislike","Like","The patty is gummy, squishy, kinda dry. It's like mush. I feel like the patty is undercooked. They're is no crispiness to the exterior of the patty. The bun is okay, nothing special.","Dislike","None of these","Dislike somewhat","Not at all fatty","Sweet","The mushroom was like wet and slippery. Mushroom was kinda floppy. The whole sandwich fell apart very easily.","Vinegary, I like that vinegary taste. I would have added some mustard if it wasn't there. I love mushrooms. Cheese is tasty. Lettuce and tomato tasted fresh.","Flavor isn't bad. I can't pinpoint what exactly I like about it but the favor is good. I like the onions","Slightly fatty","Not at all fatty","Moderately fatty","Not at all fatty","Slightly fatty","Slightly fibrous","Very fibrous","Not at all fibrous","Cheap bun, no lettuce, tomato. Patty just falls apart like it's undercooked/ nothing holding it together","I kinda like the chunks, visible carrot slices. Earthy grainy taste","Slightly fibrous","Not at all fibrous","Not at all fibrous","Moderately hard","Not at all hard","Slightly hard","Slightly hard","Not at all hard","Not at all hard","Slightly meaty","Not at all meaty","Moderately meaty","Slightly meaty","Not at all meaty","Not at all meaty","Not at all moist","Not at all moist","36-45","Male","Omnivore (i.e., eats meat regularly)","2-3 times a month","Some College","Taste","_Discount Grocers_ (ex: Trader Joe's, Lidl, Aldi)"
"14155088607","1","Very moist","Very moist","Very moist","Moderately moist","Very soft","Moderately soft","Very soft","Very soft","Very soft","Very soft","Like","Neither like nor dislike","Neither like nor dislike","Neither like nor dislike","Like somewhat","Like somewhat","Like somewhat","Neither like nor dislike","Like","Like somewhat","Neither like nor dislike","Dislike somewhat","Like somewhat","Earthy / Soil, Good aftertaste, Sweet","Bland, Earthy / Soil, Savory, Meaty, Salty, Smoky","Weird Aftertaste, Earthy / Soil, Meaty, Savory, Sweet","Weird Aftertaste, Savory, Salty","Weird Aftertaste, Meaty, Strong, Earthy / Soil, Sweet","Moist, Soft / Mushy, Holds together","Brittle, Fibrous / Stringy, Dry, Crumbly / Grainy","Springy, Soft / Mushy, Gummy, Moist, Fibrous / Stringy","Soft / Mushy, Chewy, Moist, Gummy, Holds together","Soft / Mushy, Fibrous / Stringy, Holds together, Moist","Brittle, Dry, Chewy, Crumbly / Grainy, Fibrous / Stringy","Starchy, lots potatoes, sourness","Sweetness, odd aftertaste","Taste and lightness","Peppery aroma and taste","None of these","Pepper","Pepper","None of these","None of these","Looks good, held together well","Beans could be marinated","Like","Like somewhat","Dislike somewhat","Taste and aroma","Neither like nor dislike","Pepper","Neither like nor dislike","Moderately fatty","Weird Aftertaste, Earthy / Soil, Savory, Sweet, Smoky, Off-flavor, Strong","Mushroom flavor was strong","Seems healthy, non meat option","Patty sticks","Moderately fatty","Slightly fatty","Not at all fatty","Slightly fatty","Very fatty","Very fibrous","Very fibrous","Very fibrous","Bland taste breaks apart easily","Unique, sesame seeds","Very fibrous","Very fibrous","Very fibrous","Not at all hard","Slightly hard","Not at all hard","Slightly hard","Not at all hard","Slightly hard","Moderately meaty","Moderately meaty","Moderately meaty","Slightly meaty","Moderately meaty","Very meaty","Moderately moist","Moderately moist","46-55","Male","Omnivore (i.e., eats meat regularly)","Once a week","Master's Degree","Familiarity (what I'm used to), Price, Convenience, Taste","_Natural Grocers_ (ex: Whole Foods)"
"14066968280","4","Very moist","Very moist","Slightly moist","Moderately moist","Very soft","Very soft","Moderately soft","Very soft","Moderately soft","Moderately soft","Like","Neither like nor dislike","Dislike somewhat","Like","Like somewhat","Dislike somewhat","Like somewhat","Dislike","Like somewhat","Neither like nor dislike","Dislike","Like","Neither like nor dislike","Smoky, Salty, Fatty, Savory, Good aftertaste, Strong, Earthy / Soil","Salty, Savory, Good aftertaste","Smoky, Earthy / Soil","Savory, Strong, Good aftertaste, Fatty, Salty","Smoky, Off-flavor, Earthy / Soil, Strong","Chewy","Crumbly / Grainy, Soft / Mushy","Soft / Mushy, Moist","Moist, Soft / Mushy, Gummy","Soft / Mushy, Holds together","Chewy, Crumbly / Grainy","Kinda mushy","Consistency was weird","It tastes good","Smoky","None of these","None of these","None of these","None of these","None of these","Good sauce + cheese","Too much bready feeling","Like somewhat","Neither like nor dislike","Like","Kinda mushy","Neither like nor dislike","None of these","Like","Moderately fatty","Salty, Strong, Savory, Good aftertaste, Smoky","No meat","Lots of flavors","Interesting taste","Moderately fatty","Not at all fatty","Very fatty","Moderately fatty","Moderately fatty","Not at all fibrous","Moderately fibrous","Moderately fibrous","Overall feels like im just eating bread","Good saltiness level, savoriness","Slightly fibrous","Slightly fibrous","Not at all fibrous","Not at all hard","Not at all hard","Moderately hard","Not at all hard","Slightly hard","Slightly hard","Not at all meaty","Slightly meaty","Not at all meaty","Slightly meaty","Not at all meaty","Not at all meaty","Slightly moist","Moderately moist","26-35","Male","Omnivore (i.e., eats meat regularly)","Once every 1-2 months","Master's Degree","Taste, Familiarity (what I'm used to), Health","_Natural Grocers_ (ex: Whole Foods)"
"19083775714","4","Very moist","Very moist","Very moist","Very moist","Moderately soft","Very soft","Moderately soft","Very soft","Very soft","Extremely soft","Like somewhat","Neither like nor dislike","Like very much","Like","Dislike somewhat","Like very much","Like","Neither like nor dislike","Neither like nor dislike","Dislike somewhat","Like","Like very much","Dislike somewhat","Savory","Salty","Strong, Meaty, Savory, Smoky","Savory, Salty, Fatty, Strong","Strong, Off-flavor","Crumbly / Grainy, Dry","Crumbly / Grainy, Soft / Mushy","Moist, Fatty","Sticky, Soft / Mushy, Crumbly / Grainy","Holds together, Moist","Soft / Mushy","Came apart too easily","Unexpectedly spicy, main flavor note is peppery - needs to be balanced with more salt","I liked the fresh accompaniments. Beans tasted good by themselves.. like chipotle","Looked and smelled like a burger","Ketchup","None of these","None of these","Ketchup","None of these","I liked the cheesy unctuous flavor","Very crumbly, came apart in bowl and I had to shovel it in my mouth. With the bread, beans were a bit dry and needed a bit more flavor to overcome the bread. I think the beans would be better by themselves.","Like somewhat","Like somewhat","Like very much","Wish it was slightly fattier, a bit dry with the bread","Dislike","None of these","Like somewhat","Not at all fatty","Strong, Sweet, Good aftertaste","Maybe a little bit sour","Had all the accompaniments of a real burger.. very flavorful and great texture","Blend of spices was very nice and fresh - lemony and almost floral","Not at all fatty","Moderately fatty","Very fatty","Slightly fatty","Slightly fatty","Very fibrous","Moderately fibrous","Not at all fibrous","Doesn't give burger, too salty, texture is like birdseed mush","Feels healthy","Moderately fibrous","Slightly fibrous","Slightly fibrous","Slightly hard","Not at all hard","Not at all hard","Not at all hard","Slightly hard","Slightly hard","Slightly meaty","Not at all meaty","Very meaty","Moderately meaty","Slightly meaty","Slightly meaty","Not at all moist","Moderately moist","26-35","Female","Omnivore (i.e., eats meat regularly)","2-3 times a month","Master's Degree","Taste, Health, Price, Convenience, Familiarity (what I'm used to)","_Discount Grocers_ (ex: Trader Joe's, Lidl, Aldi)"
"17323091910","3","Moderately moist","Moderately moist","Slightly moist","Not at all moist","Not at all soft","Not at all soft","Not at all soft","Moderately soft","Very soft","Moderately soft","Dislike","Neither like nor dislike","Like","Like","Dislike very much","Neither like nor dislike","Like somewhat","Neither like nor dislike","Dislike somewhat","Neither like nor dislike","Like somewhat","Like","Like very much","Earthy / Soil, Bland","Earthy / Soil, Weird Aftertaste","Strong, Savory, Good aftertaste","Strong, Good aftertaste, Sweet","Strong, Earthy / Soil, Good aftertaste, Sweet","Brittle, Crumbly / Grainy, Dry, Soft / Mushy","Brittle, Crumbly / Grainy, Chewy, Dry","Holds together, Springy, Moist, Soft / Mushy, Gummy","Holds together, Soft / Mushy, Chewy, Firm / Hard","Soft / Mushy, Holds together, Crumbly / Grainy","Soft / Mushy, Holds together, Dry","Too much cheese. It's covering up the rest of the burger.","Not necessarily a bad thing, but there is some more concentrated areas in terms of flavor. So it's not very homogeneous and each bite is a little different.","The sliced peppers add a nice touch to the overall taste.","Taste is very good and strong. Everything holds together well.","None of these","None of these","None of these","None of these","None of these","Taste is good. A little tangy and sweet.","It's pretty bland overall on its own. Might need a sauce.","Dislike","Neither like nor dislike","Like very much","There's not much bite to it. It just kind of disappears in your mouth.","Like very much","None of these","Like","Not at all fatty","Earthy / Soil, Good aftertaste, Sweet","The mushroom is a bit spongey.","Tastes good overall. The onions and tomatoes provide a good texture.","I like the overall taste. And it's not very messy to eat which is nice.","Not at all fatty","Slightly fatty","Slightly fatty","Not at all fatty","Not at all fatty","Not at all fibrous","Not at all fibrous","Not at all fibrous","The texture is way too crumbly. And it's not very visually pleasing.","The taste itself is not bad.","Slightly fibrous","Not at all fibrous","Slightly fibrous","Slightly hard","Slightly hard","Slightly hard","Slightly hard","Not at all hard","Not at all hard","Slightly meaty","Not at all meaty","Very meaty","Slightly meaty","Not at all meaty","Not at all meaty","Not at all moist","Slightly moist","18-25","Male","Omnivore (i.e., eats meat regularly)","Once a week","Bachelor's Degree","Taste, Price","_Big Box Retailers_ (ex: Target, Walmart)"
"14153858337","1","Moderately moist","Very moist","Very moist","Moderately moist","Not at all soft","Extremely soft","Slightly soft","Extremely soft","Extremely soft","Moderately soft","Like somewhat","Neither like nor dislike","Like very much","Like somewhat","Dislike somewhat","Like very much","Dislike somewhat","Dislike somewhat","Like somewhat","Dislike somewhat","Like very much","Dislike somewhat","Neither like nor dislike","Savory, Salty, Smoky","Salty, Savory","Good aftertaste, Savory, Smoky, Strong, Salty","Savory, Fatty, Salty","Bland, Savory","Dry, Crumbly / Grainy, Crispy / Crunchy","Soft / Mushy, Moist, Crumbly / Grainy, Chewy","Moist, Chewy, Gummy, Springy","Soft / Mushy, Moist, Fatty","Holds together, Crispy / Crunchy, Moist, Soft / Mushy","Soft / Mushy, Crumbly / Grainy","Both too mushy but also the beans are too dry. No body. Just feels like eating more bun texturally.","Pretty bland besides the pepper, crumbly","Some seasoning and healthy from black beans (fiber and general nutrients)","The pepperiness and slight texture, slightly maybe taste like meat","None of these","None of these","None of these","None of these","None of these","The flavor is tasty. Savory with a bit of tang","Crumbled so I couldn’t even eat the sample together and had to scoop. A bit dry because beans","Dislike somewhat","Dislike very much","Dislike very much","Whatever spice or herb like dill that’s too strong and I personally don’t like. It’s also a bit mushy","Neither like nor dislike","None of these","Dislike somewhat","Not at all fatty","Salty, Weird Aftertaste, Off-flavor, Savory","Very hefty so too large for my mouth, slippery so all the fillings slipped out","Very flavorful, moist, various textures, I love mushrooms","It’s got a crispiness to it","Not at all fatty","Not at all fatty","Moderately fatty","Not at all fatty","Not at all fatty","Not at all fibrous","Not at all fibrous","Not at all fibrous","Super mushy, fell apart, seeds not integrated well with the rest of the patty","It seems healthy and some texture","Not at all fibrous","Slightly fibrous","Not at all fibrous","Slightly hard","Not at all hard","Slightly hard","Not at all hard","Not at all hard","Not at all hard","Not at all meaty","Not at all meaty","Not at all meaty","Not at all meaty","Slightly meaty","Slightly meaty","Slightly moist","Slightly moist","26-35","Female","Omnivore (i.e., eats meat regularly)","4-5 times a year","Bachelor's Degree","Taste, Price, Convenience","_Bulk Grocers_ (ex: Costco, Sam's Club)"
"14152441533","5","Very moist","Slightly moist","Very moist","Moderately moist","Very soft","Very soft","Moderately soft","Moderately soft","Moderately soft","Slightly soft","Neither like nor dislike","Dislike somewhat","Like very much","Dislike somewhat","Dislike somewhat","Like","Like somewhat","Neither like nor dislike","Neither like nor dislike","Dislike","Like very much","Like","Like somewhat","Bland","Earthy / Soil","Smoky","Savory","Strong","Springy","Gummy","Moist","Firm / Hard","Fatty","Fibrous / Stringy","Everything everything everything","Just two grain ym","Gross","Once again very flavorful and packs of punch of playground","None of these","None of these","None of these","None of these","None of these","Nothing","Everything","Dislike","Dislike somewhat","Like","I could have used some vegan cheese","Like somewhat","None of these","Neither like nor dislike","Moderately fatty","Strong","It needs a special sauce","Portobello mushroom jack cheese can't lose","For a vegetarian burger very flavorful onions garlic butter very tasty","Not at all fatty","Slightly fatty","Moderately fatty","Very fatty","Slightly fatty","Moderately fibrous","Very fibrous","Extremely fibrous","Everything","Nothing","Moderately fibrous","Not at all fibrous","Very fibrous","Not at all hard","Not at all hard","Not at all hard","Slightly hard","Not at all hard","Moderately hard","Not at all meaty","Not at all meaty","Moderately meaty","Very meaty","Very meaty","Moderately meaty","Slightly moist","Not at all moist","46-55","Male","Flexitarian (i.e., eats meat occasionally)","Once a week","Trade School","Price","_Discount Grocers_ (ex: Trader Joe's, Lidl, Aldi)"
"14085149219","6","Very moist","Moderately moist","Very moist","Moderately moist","Moderately soft","Very soft","Moderately soft","Moderately soft","Very soft","Moderately soft","Like somewhat","Like somewhat","Like somewhat","Like somewhat","Like","Neither like nor dislike","Neither like nor dislike","Like","Like","Like somewhat","Neither like nor dislike","Dislike somewhat","Like somewhat","Earthy / Soil, Good aftertaste, Salty, Fatty","Earthy / Soil, Smoky, Savory, Off-flavor","Smoky, Strong, Salty","Fatty, Savory, Smoky, Weird Aftertaste, Salty","Savory, Salty, Good aftertaste","Holds together, Crumbly / Grainy, Brittle, Soft / Mushy","Crumbly / Grainy, Soft / Mushy","Moist, Crispy / Crunchy, Gummy","Soft / Mushy, Moist","Soft / Mushy, Moist, Holds together","Soft / Mushy, Crumbly / Grainy","texture","a bit salty for me","healthy ingredients, taste","The taste is okay, I can see the ingredient of the pastry (oat?), it's warm","None of these","None of these","None of these","None of these","Ketchup","cheese, chunks of the patty","color of the patty","Like somewhat","Dislike somewhat","Dislike somewhat","tastes like dish soap","Like somewhat","None of these","Like somewhat","Very fatty","Weird Aftertaste, Savory","the mushroom, veggies, tomato didn't holf together","appearance, easy-to-identify ingredients","it's warm, soft","Moderately fatty","Slightly fatty","Very fatty","Slightly fatty","Slightly fatty","Very fibrous","Very fibrous","Very fibrous","the patty is not firm enough","the taste, ingredients","Slightly fibrous","Slightly fibrous","Very fibrous","Moderately hard","Not at all hard","Moderately hard","Moderately hard","Not at all hard","Not at all hard","Not at all meaty","Not at all meaty","Not at all meaty","Not at all meaty","Not at all meaty","Not at all meaty","Moderately moist","Extremely moist","18-25","Female","Vegetarian","Once every 1-2 months","High School","Taste, Price, Familiarity (what I'm used to), Health","_Discount Grocers_ (ex: Trader Joe's, Lidl, Aldi)"
"19166904445","3","Moderately moist","Very moist","Moderately moist","Slightly moist","Moderately soft","Very soft","Slightly soft","Extremely soft","Moderately soft","Slightly soft","Neither like nor dislike","Dislike","Like very much","Like somewhat","Dislike","Like very much","Like very much","Like very much","Dislike","Dislike","Like very much","Like","Like","Bland, Earthy / Soil","Off-flavor, Bland","Savory, Good aftertaste","Savory","Savory, Good aftertaste, Meaty, Strong","Crumbly / Grainy","Crumbly / Grainy","Holds together, Moist","Soft / Mushy, Moist, Sticky","Holds together","Dry, Chewy","It was cheese with something else inside that I couldn’t pinpoint or taste, but gave a weird texture.","Too dry","It was good with hot sauce. It gave a Mexican flavor.","A nice balance of savory from whatever was in there and spicy/zestiness from I’m guessing onions.","Ketchup, Mustard","Ketchup","None of these","Ketchup, Mustard, None of these","Ketchup","I only enjoyed it when I added hot sauce","It was dry, bland, and it was tolerable until I bit into whatever herb that was in there. It was an unpleasant surprise. That’s when I added the hot sauce","Dislike somewhat","Dislike somewhat","Like very much","A little dry, as to be expected. A little sauce went a long way","Like very much","None of these","Neither like nor dislike","Not at all fatty","Bland, Good aftertaste, Sweet","Surprisingly, nothing as I am usually a meat guy","I was very surprised because that was my first time eating a mushroom burger despite being encouraged so many times. It was savory and the seasoning was right on point and the lettuce and tomato and onions balanced perfectly","It was flavorful for what I am assuming was a type of bean patty. It was accentuated perfectly with some hot sauce and the zest of the onions.","Not at all fatty","Not at all fatty","Not at all fatty","Not at all fatty","Slightly fatty","Not at all fibrous","Not at all fibrous","Not at all fibrous","It tasted like it should be a side dish next to another side dish with a sauce or gravy","The carrots maybe","Not at all fibrous","Not at all fibrous","Slightly fibrous","Slightly hard","Not at all hard","Not at all hard","Not at all hard","Not at all hard","Not at all hard","Not at all meaty","Not at all meaty","Moderately meaty","Not at all meaty","Not at all meaty","Moderately meaty","Not at all moist","Slightly moist","36-45","Male","Omnivore (i.e., eats meat regularly)","2-3 times a week","Trade School","Taste, Price, Convenience, Environment, Health","_Discount Grocers_ (ex: Trader Joe's, Lidl, Aldi)"
"19515147955","3","Very moist","Not at all moist","Not at all moist","Not at all moist","Slightly soft","Slightly soft","Very soft","Very soft","Very soft","Moderately soft","Like","Dislike somewhat","Like","Like","Dislike","Like somewhat","Dislike very much","Dislike somewhat","Like somewhat","Like somewhat","Like","Dislike","Dislike","Good aftertaste, Savory","Salty, Bland","Savory, Strong","Savory, Salty","Off-flavor","Brittle, Dry, Crumbly / Grainy","Crumbly / Grainy","Moist, Springy","Soft / Mushy, Holds together","Gummy, Soft / Mushy, Holds together","Fibrous / Stringy","Maybe the patty and how it wasn’t fully uniform","This is just not it. There’s some kinda flavor? But really the texture and flavor are off putting as a whole","I like beans and it was flavorful with an unexpected punch.","No","None of these","None of these","None of these","None of these","None of these","Cheese 👌","Unfortunately the patty really struggles to stay together. I don’t think a patty is a format for beans.","Like somewhat","Like","Dislike","I don’t like that all of the ingredients of the burger are in one patty. Not only does the burger look unappetizing, it also feels like it lacks a lot of substance. The patty itself looks like it could have potential bc it’s clear it has aromatics and seasoning, but it’s lacking a ton of the flavor that I would expect from the sole component of the burger. The texture is far too soft and off putting.","Dislike somewhat","None of these","Like very much","Not at all fatty","Bland","It was slightly more acidic than my preference, and the burger was a little difficult to handle bc all of the ingredients in between the buns were softer.","I liked the flavor, it was slightly more acidic than my preference but not bad. I could see myself getting full off of that.","It tried.","Not at all fatty","Not at all fatty","Slightly fatty","Not at all fatty","Not at all fatty","Not at all fibrous","Not at all fibrous","Not at all fibrous","The texture is so off, it feels grainy. How?","It’s okay not much to say","Not at all fibrous","Not at all fibrous","Moderately fibrous","Not at all hard","Not at all hard","Not at all hard","Not at all hard","Not at all hard","Not at all hard","Not at all meaty","Not at all meaty","Not at all meaty","Not at all meaty","Not at all meaty","Not at all meaty","Not at all moist","Slightly moist","18-25","Female","Omnivore (i.e., eats meat regularly)","Once a week","Bachelor's Degree","Taste, Price","_Discount Grocers_ (ex: Trader Joe's, Lidl, Aldi)"
"14152005916","3","Extremely moist","Not at all moist","Not at all moist","Moderately moist","Slightly soft","Moderately soft","Extremely soft","Moderately soft","Not at all soft","Moderately soft","Dislike very much","Dislike","Like","Dislike very much","Dislike very much","Like somewhat","Dislike somewhat","Dislike somewhat","Dislike very much","Dislike","Like somewhat","Dislike","Dislike","Bland, Earthy / Soil","Weird Aftertaste, Off-flavor, Earthy / Soil","Good aftertaste, Strong","Bland, Weird Aftertaste","Bland, Off-flavor, Weird Aftertaste","Crumbly / Grainy, Dry, Brittle","Firm / Hard, Brittle, Dry","Springy, Soft / Mushy, Moist","Crumbly / Grainy, Firm / Hard","Holds together, Dry","Dry, Crumbly / Grainy, Firm / Hard","Everrthing","Everything","Nothjng","Nothing","Mustard","Mustard","Mustard","Mustard","Mustard","Nothjng","Everything","Dislike very much","Dislike very much","Dislike very much","Didn't like the burger at all","Dislike very much","Mustard","Dislike very much","Not at all fatty","Off-flavor, Bland, Weird Aftertaste","Not a traditional patty","Was juicy","The bread was nice","Not at all fatty","Moderately fatty","Slightly fatty","Not at all fatty","Not at all fatty","Not at all fibrous","Not at all fibrous","Moderately fibrous","Every thing","Wasn't good","Not at all fibrous","Not at all fibrous","Not at all fibrous","Not at all hard","Moderately hard","Not at all hard","Moderately hard","Moderately hard","Moderately hard","Not at all meaty","Not at all meaty","Not at all meaty","Not at all meaty","Not at all meaty","Not at all meaty","Not at all moist","Not at all moist","36-45","Male","Omnivore (i.e., eats meat regularly)","2-3 times a week","High School","Familiarity (what I'm used to), Taste","_Natural Grocers_ (ex: Whole Foods)"
"19254368010","3","Very moist","Not at all moist","Moderately moist","Very moist","Very soft","Not at all soft","Extremely soft","Moderately soft","Extremely soft","Extremely soft","Like very much","Dislike very much","Like very much","Like very much","Dislike very much","Like","Like","Like very much","Like very much","Dislike very much","Like very much","Like","Like very much","Savory","Weird Aftertaste, Off-flavor","Good aftertaste, Savory","Good aftertaste, Savory","Strong, Meaty, Salty","Crumbly / Grainy, Firm / Hard","Firm / Hard, Fibrous / Stringy, Soft / Mushy, Crumbly / Grainy, Tough, Gummy, Chewy","Holds together, Moist","Soft / Mushy, Brittle, Chewy","Soft / Mushy","Soft / Mushy, Moist, Holds together","The chunks","The bun is a little dry","The flavor","The taste is Amazing","Ketchup","Pepper, Ketchup, Mustard, Salt","Ketchup","Ketchup","None of these","The cheese and sauce were good","The crumbliness","Neither like nor dislike","Like somewhat","Like very much","Nothing","Like very much","Ketchup, Pepper, Salt","Like","Not at all fatty","Strong, Savory, Salty, Weird Aftertaste","I wish there was more onion on the burger","I like the mushroom it was actually flavorful","I like the flavor","Not at all fatty","Not at all fatty","Not at all fatty","Not at all fatty","Not at all fatty","Extremely fibrous","Not at all fibrous","Very fibrous","Everything","Nothing","Not at all fibrous","Moderately fibrous","Very fibrous","Not at all hard","Not at all hard","Not at all hard","Not at all hard","Not at all hard","Not at all hard","Not at all meaty","Not at all meaty","Not at all meaty","Not at all meaty","Not at all meaty","Not at all meaty","Not at all moist","Not at all moist","18-25","Female","Omnivore (i.e., eats meat regularly)","Everyday","Some College","Taste","_Discount Grocers_ (ex: Trader Joe's, Lidl, Aldi)"
"14159968099","2","Very moist","Slightly moist","Not at all moist","Slightly moist","Moderately soft","Moderately soft","Very soft","Slightly soft","Moderately soft","Moderately soft","Dislike","Dislike","Like","Dislike very much","Dislike somewhat","Like","Dislike","Dislike","Dislike","Dislike somewhat","Like very much","Dislike","Like somewhat","Bland","Earthy / Soil","Savory, Earthy / Soil","Bland","Weird Aftertaste, Off-flavor","Crumbly / Grainy","Crumbly / Grainy, Brittle","Moist, Holds together","Crumbly / Grainy","Dry, Holds together, Fibrous / Stringy","Crumbly / Grainy, Holds together, Fibrous / Stringy","The texture,the flavor, the consistency,everything","Texture, way too peppery, weird after taste","I like black beans","It stays together","Salt, Ketchup","Ketchup, Salt","Salt","Ketchup","Ketchup","The cheese was ok","Crumbly, falls apart, something spicy inside, little to no flavor","Dislike very much","Dislike very much","Dislike","Flavor,dry","Dislike","Salt, Ketchup","Dislike very much","Not at all fatty","Earthy / Soil, Weird Aftertaste","Mushroom could be a little smoker tasting","Flavor,texture,balance between ingredients,looks","Stays together","Not at all fatty","Slightly fatty","Not at all fatty","Not at all fatty","Not at all fatty","Not at all fibrous","Slightly fibrous","Slightly fibrous","Texture,flavor,looks","Has a little flavor","Not at all fibrous","Very fibrous","Very fibrous","Slightly hard","Not at all hard","Not at all hard","Slightly hard","Not at all hard","Not at all hard","Not at all meaty","Not at all meaty","Moderately meaty","Not at all meaty","Not at all meaty","Slightly meaty","Not at all moist","Not at all moist","26-35","Female","Flexitarian (i.e., eats meat occasionally)","Once a week","Some College","Price, Taste, Convenience","_Discount Grocers_ (ex: Trader Joe's, Lidl, Aldi)"
"18586954222","1","Very moist","Very moist","Not at all moist","Slightly moist","Moderately soft","Very soft","Moderately soft","Very soft","Very soft","Moderately soft","Neither like nor dislike","Dislike very much","Like","Like","Dislike very much","Like very much","Dislike","Dislike","Dislike very much","Dislike very much","Like very much","Like somewhat","Like somewhat","Earthy / Soil","Salty","Fatty, Savory, Meaty","Savory, Fatty","Meaty, Savory","Crumbly / Grainy","Crumbly / Grainy","Firm / Hard","Soft / Mushy","Brittle, Crumbly / Grainy","Crumbly / Grainy, Fibrous / Stringy, Holds together","potato heavy","texture is grainy","the vegetable toppings","flavor tasted like chicken","Ketchup","Ketchup","None of these","Ketchup","Ketchup","sauce","it was very crumbly and fell apart","Dislike somewhat","Like somewhat","Dislike","taste is too earthy","Like","None of these","Like somewhat","Not at all fatty","Off-flavor, Earthy / Soil","too vinegary","love mushroom","crisp of the bun and onions","Not at all fatty","Moderately fatty","Very fatty","Not at all fatty","Not at all fatty","Not at all fibrous","Not at all fibrous","Slightly fibrous","texture and flavor","texture is like oatmeal, does not taste or feel like a burger","Not at all fibrous","Not at all fibrous","Very fibrous","Slightly hard","Not at all hard","Slightly hard","Slightly hard","Not at all hard","Not at all hard","Not at all meaty","Not at all meaty","Moderately meaty","Not at all meaty","Not at all meaty","Very meaty","Slightly moist","Not at all moist","26-35","Female","Omnivore (i.e., eats meat regularly)","2-3 times a month","Bachelor's Degree","Convenience, Taste, Price, Health, Familiarity (what I'm used to)","_Discount Grocers_ (ex: Trader Joe's, Lidl, Aldi)"
"14156019906","3","Very moist","Slightly moist","Slightly moist","Slightly moist","Slightly soft","Slightly soft","Slightly soft","Slightly soft","Moderately soft","Very soft","Like somewhat","Dislike somewhat","Like very much","Dislike","Like","Like","Like somewhat","Like somewhat","Like somewhat","Dislike somewhat","Like very much","Like somewhat","Like somewhat","Earthy / Soil, Bland","Bland","Meaty, Savory, Earthy / Soil, Good aftertaste","Weird Aftertaste, Strong","Earthy / Soil, Savory, Salty","Dry, Crumbly / Grainy","Firm / Hard, Soft / Mushy","Holds together, Firm / Hard, Moist","Soft / Mushy, Sticky","Holds together, Soft / Mushy","Crispy / Crunchy, Crumbly / Grainy, Holds together","The party was sliding off the bun and the sauce looks artifislu","The looks like it’s going to fall apart but it did not","Cilantro and onion","It’s pretty tasty","None of these","Mustard, Ketchup","None of these","None of these","None of these","The patty was sliding out of bun and the sauce looks artificial","No lettuce or tomato or anything sauce very plain","Dislike somewhat","Neither like nor dislike","Like somewhat","No tomatoes and lettuce","Like somewhat","None of these","Dislike somewhat","Not at all fatty","Good aftertaste, Bland, Earthy / Soil, Meaty","Not enough lettuce - has only one single leaf","Fresh ingredients - enough tomatoes","The flavor is different","Not at all fatty","Not at all fatty","Not at all fatty","Not at all fatty","Not at all fatty","Not at all fibrous","Not at all fibrous","Not at all fibrous","It’s. Doesnt even taste good ketc","The texture is pretty good","Not at all fibrous","Not at all fibrous","Slightly fibrous","Moderately hard","Very hard","Slightly hard","Slightly hard","Not at all hard","Slightly hard","Moderately meaty","Slightly meaty","Very meaty","Slightly meaty","Slightly meaty","Moderately meaty","Not at all moist","Slightly moist","46-55","Female","Omnivore (i.e., eats meat regularly)","2-3 times a month","Some College","Taste","_Conventional Grocers_ (ex: Stop & Shop, Safeway)"
"14155058421","3","Extremely moist","Moderately moist","Moderately moist","Slightly moist","Extremely soft","Very soft","Extremely soft","Very soft","Extremely soft","Moderately soft","Neither like nor dislike","Like","Like very much","Like somewhat","Like","Like","Like somewhat","Like","Dislike somewhat","Like","Like very much","Like somewhat","Dislike somewhat","Earthy / Soil, Savory, Salty, Smoky","Savory, Salty, Meaty, Strong, Fatty, Earthy / Soil","Salty, Savory, Strong","Strong, Savory, Salty, Fatty","Salty, Savory, Strong, Meaty","Crumbly / Grainy, Brittle, Dry, Soft / Mushy","Soft / Mushy, Chewy, Crumbly / Grainy, Holds together, Moist, Sticky","Soft / Mushy, Moist, Holds together, Springy, Chewy","Chewy, Moist, Fatty, Soft / Mushy, Gummy","Gummy, Soft / Mushy, Holds together, Moist, Chewy","Chewy, Crispy / Crunchy, Springy, Crumbly / Grainy, Dry","Cheddar cheese too melted","Too spicy flavor hot","Patty crumbled into pieces not a one piece patty","Crunchy texture, flavorful but too spicy! nice color patty","None of these","None of these","None of these","None of these","None of these","Soft texture, flavorful, thousand island dressing?","Patty crumbled into pieces could not eat bits of patty","Neither like nor dislike","Like somewhat","Like somewhat","Bit mushy, but bland, not enough spice or distinct herb flavor ?","Dislike somewhat","None of these","Like somewhat","Not at all fatty","Bland, Earthy / Soil, Off-flavor, Savory","Slight spicy sauce ?","Love Mushroom burgers, flavor, vegetarian","Soft mouthfeel, savory umami flavor, earthy taste","Not at all fatty","Not at all fatty","Slightly fatty","Not at all fatty","Not at all fatty","Not at all fibrous","Moderately fibrous","Not at all fibrous","Seeds are a bit grainy texture but I like healthy benefit of seeds","Nice color, see carrot veggie in patty, mild flavor not spicy","Not at all fibrous","Not at all fibrous","Slightly fibrous","Not at all hard","Not at all hard","Not at all hard","Not at all hard","Not at all hard","Slightly hard","Moderately meaty","Moderately meaty","Moderately meaty","Slightly meaty","Slightly meaty","Moderately meaty","Slightly moist","Moderately moist","46-55","Female","Pescatarian","2-3 times a week","Bachelor's Degree","Health, Taste, Convenience, Price, Animal Welfare","_Natural Grocers_ (ex: Whole Foods)"
"19083460313","3","Moderately moist","Slightly moist","Not at all moist","Slightly moist","Not at all soft","Moderately soft","Not at all soft","Moderately soft","Very soft","Very soft","Dislike somewhat","Dislike","Like","Like very much","Dislike","Dislike","Like somewhat","Neither like nor dislike","Dislike","Dislike very much","Like somewhat","Dislike somewhat","Dislike somewhat","Bland, Earthy / Soil","Earthy / Soil, Weird Aftertaste","Savory, Meaty, Strong","Strong, Savory, Good aftertaste, Meaty, Salty","Strong, Savory","Brittle, Crumbly / Grainy, Tough, Dry","Moist, Gummy, Sticky","Crispy / Crunchy, Chewy, Gummy, Firm / Hard","Moist, Soft / Mushy, Holds together","Holds together, Crispy / Crunchy, Soft / Mushy","Soft / Mushy, Holds together, Moist","its a bit mushy","i wasn’t too fond of the taste","it seems healthy","it holds together and has a strong flavor","None of these","None of these","None of these","None of these","None of these","the taste was good and there was lots of cheese","the burger is falling apart and it doesn’t have much taste to it","Dislike very much","Neither like nor dislike","Dislike","the taste is not great or very meaty","Dislike somewhat","None of these","Like","Not at all fatty","Salty, Off-flavor, Bland","the texture was a bit slimy","the taste was good and the char was nice","the patty is crispy and holds togethet","Slightly fatty","Slightly fatty","Slightly fatty","Not at all fatty","Not at all fatty","Slightly fibrous","Not at all fibrous","Not at all fibrous","i dont like carrots so visible and tasteable in my patties","it’s a bit sticky","Not at all fibrous","Not at all fibrous","Not at all fibrous","Moderately hard","Slightly hard","Slightly hard","Not at all hard","Not at all hard","Not at all hard","Not at all meaty","Moderately meaty","Moderately meaty","Slightly meaty","Not at all meaty","Not at all meaty","Not at all moist","Moderately moist","26-35","Female","Omnivore (i.e., eats meat regularly)","2-3 times a month","Bachelor's Degree","Taste, Price","_Discount Grocers_ (ex: Trader Joe's, Lidl, Aldi)"
"14158100412","3","Very moist","Slightly moist","Moderately moist","Not at all moist","Moderately soft","Moderately soft","Very soft","Moderately soft","Very soft","Moderately soft","Dislike very much","Dislike","Dislike somewhat","Dislike very much","Dislike very much","Dislike somewhat","Dislike","Dislike","Dislike very much","Dislike very much","Neither like nor dislike","Dislike very much","Dislike very much","Earthy / Soil, Bland","Sweet, Earthy / Soil, Smoky","Earthy / Soil","Earthy / Soil, Savory","Earthy / Soil, Strong","Crumbly / Grainy, Dry","Crumbly / Grainy","Chewy, Soft / Mushy","Crumbly / Grainy","Soft / Mushy","Crumbly / Grainy, Dry","Taste, components","Spicy, no typical components","Nothing","Nothing","None of these","None of these","None of these","None of these","None of these","Nothing","Veggie burger","Dislike very much","Dislike very much","Dislike","I didn't like the taste, set of ingredients","Dislike very much","None of these","Dislike very much","Slightly fatty","Weird Aftertaste, Earthy / Soil","Mushroom instead of meat","Average done","Nothing","Not at all fatty","Slightly fatty","Not at all fatty","Slightly fatty","Not at all fatty","Not at all fibrous","Slightly fibrous","Moderately fibrous","Dry, weird patty","Nothing","Slightly fibrous","Slightly fibrous","Moderately fibrous","Slightly hard","Slightly hard","Not at all hard","Slightly hard","Slightly hard","Not at all hard","Not at all meaty","Not at all meaty","Not at all meaty","Not at all meaty","Not at all meaty","Not at all meaty","Slightly moist","Slightly moist","Greater than 55","Male","Omnivore (i.e., eats meat regularly)","Once a week","Master's Degree","Taste","_Natural Grocers_ (ex: Whole Foods)"
"16503871547","3","Extremely moist","Very moist","Not at all moist","Very moist","Moderately soft","Very soft","Moderately soft","Very soft","Extremely soft","Very soft","Like somewhat","Dislike somewhat","Neither like nor dislike","Like","Like very much","Like somewhat","Like very much","Like very much","Like","Dislike somewhat","Like somewhat","Like somewhat","Like very much","Earthy / Soil, Good aftertaste","Salty, Weird Aftertaste","Bland, Earthy / Soil","Salty, Fatty","Earthy / Soil, Strong","Crumbly / Grainy, Dry","Holds together, Gummy","Fibrous / Stringy, Chewy","Moist, Soft / Mushy","Fibrous / Stringy, Holds together, Moist","Crispy / Crunchy, Moist, Chewy","Salty","Too spciy","The flacor","The texture","None of these","None of these","Ketchup","Ketchup, Mustard","None of these","The flavor","It fell apart","Dislike","Like","Dislike somewhat","A bit boring","Dislike somewhat","Mustard, Ketchup","Like very much","Not at all fatty","Savory, Bland","Messy","Very juicyn","I love the texture","Not at all fatty","Not at all fatty","Moderately fatty","Slightly fatty","Slightly fatty","Very fibrous","Moderately fibrous","Very fibrous","Too salty","The carrits","Not at all fibrous","Slightly fibrous","Not at all fibrous","Moderately hard","Moderately hard","Slightly hard","Not at all hard","Not at all hard","Moderately hard","Not at all meaty","Not at all meaty","Not at all meaty","Not at all meaty","Not at all meaty","Not at all meaty","Not at all moist","Moderately moist","26-35","Female","Omnivore (i.e., eats meat regularly)","Once every 1-2 months","Ph.D. or higher","Health, Familiarity (what I'm used to), Taste","_Natural Grocers_ (ex: Whole Foods)"
"14075120689","3","Very moist","Very moist","Not at all moist","Not at all moist","Moderately soft","Moderately soft","Very soft","Extremely soft","Very soft","Not at all soft","Neither like nor dislike","Dislike very much","Like somewhat","Like very much","Dislike very much","Dislike","Dislike","Neither like nor dislike","Dislike","Dislike very much","Neither like nor dislike","Dislike very much","Like somewhat","Strong, Good aftertaste","Earthy / Soil, Bland","Earthy / Soil, Strong","Salty, Strong, Good aftertaste","Salty, Savory","Dry, Brittle, Crumbly / Grainy","Crispy / Crunchy, Fibrous / Stringy, Crumbly / Grainy, Dry","Soft / Mushy, Moist","Gummy, Holds together, Moist","Crumbly / Grainy, Dry","Crumbly / Grainy, Fibrous / Stringy, Dry","Needs crunch","Texture still weird and dry","Tastes like a taco","Bit of spice seasoned","None of these","None of these","None of these","None of these","None of these","Lots going on, moistness.","Falling apart instantly, dry, under seasoned","Dislike very much","Like","Dislike","Dry, thin, tastes like old McDonald's","Like","None of these","Like very much","Slightly fatty","Weird Aftertaste, Bland","Texture is odd, falls apart messily","Balance of flavor","Nothing","Not at all fatty","Not at all fatty","Moderately fatty","Not at all fatty","Not at all fatty","Very fibrous","Extremely fibrous","Moderately fibrous","Tastes like I'm eating old rice","Nothing","Not at all fibrous","Very fibrous","Moderately fibrous","Not at all hard","Slightly hard","Not at all hard","Not at all hard","Not at all hard","Slightly hard","Moderately meaty","Not at all meaty","Slightly meaty","Slightly meaty","Not at all meaty","Moderately meaty","Slightly moist","Not at all moist","26-35","Male","Omnivore (i.e., eats meat regularly)","Once a week","Bachelor's Degree","Taste","_Conventional Grocers_ (ex: Stop & Shop, Safeway)"
"14152714825","3","Very moist","Moderately moist","Very moist","Very moist","Very soft","Very soft","Very soft","Very soft","Very soft","Very soft","Neither like nor dislike","Dislike","Like","Like somewhat","Dislike","Like","Like","Like somewhat","Neither like nor dislike","Dislike","Like","Like somewhat","Dislike somewhat","Good aftertaste, Earthy / Soil","Earthy / Soil, Off-flavor, Weird Aftertaste","Earthy / Soil, Good aftertaste","Fatty, Savory, Strong","Earthy / Soil, Off-flavor, Savory","Crumbly / Grainy","Soft / Mushy, Fibrous / Stringy, Moist, Crumbly / Grainy, Holds together","Moist","Crumbly / Grainy, Chewy, Moist, Holds together","Holds together","Springy, Holds together, Moist, Chewy","The texture","The flavor was strange","The cilantro and black beans were nice","The texture was ok","None of these","None of these","Mustard","None of these","Mustard","The cheese and jalapenos","Kind of crumbly","Dislike somewhat","Dislike","Like somewhat","I didn't dislike it","Dislike somewhat","None of these","Neither like nor dislike","Not at all fatty","Savory, Good aftertaste","Nothing","Everything was fresh, mushroom cooked well","It tasted like stove top stuffing","Not at all fatty","Not at all fatty","Moderately fatty","Not at all fatty","Not at all fatty","Very fibrous","Very fibrous","Very fibrous","The flavor and texture","No","Moderately fibrous","Not at all fibrous","Moderately fibrous","Not at all hard","Not at all hard","Not at all hard","Not at all hard","Not at all hard","Not at all hard","Not at all meaty","Not at all meaty","Slightly meaty","Not at all meaty","Not at all meaty","Not at all meaty","Very moist","Moderately moist","46-55","Male","Omnivore (i.e., eats meat regularly)","Once a week","Some College","Price, Taste, Environment","_Conventional Grocers_ (ex: Stop & Shop, Safeway)"
"16194528444","3","Very moist","Moderately moist","Slightly moist","Not at all moist","Extremely soft","Very soft","Moderately soft","Moderately soft","Extremely soft","Very soft","Like","Dislike","Like","Like very much","Dislike","Like","Neither like nor dislike","Like somewhat","Dislike somewhat","Dislike","Like somewhat","Like somewhat","Like somewhat","Savory","Weird Aftertaste","Earthy / Soil, Good aftertaste, Savory","Fatty","Meaty, Salty","Crumbly / Grainy, Dry","Soft / Mushy, Dry","Chewy, Moist","Holds together, Sticky, Fatty","Dry, Soft / Mushy","Crumbly / Grainy, Crispy / Crunchy","Nothing","Very very dry and no sauce","I like the kick from chilly","More meaty than others","None of these","Ketchup","None of these","Ketchup","Ketchup","Saucy and cheesy","Taste more like a burrito than a burger","Dislike","Like very much","Like somewhat","Dry","Like somewhat","None of these","Like","Not at all fatty","Savory","Not fatty enough","Taste and it was juicy","Taste","Slightly fatty","Slightly fatty","Very fatty","Slightly fatty","Moderately fatty","Very fibrous","Not at all fibrous","Moderately fibrous","Weird taste and mushy","Nothing","Moderately fibrous","Slightly fibrous","Moderately fibrous","Not at all hard","Slightly hard","Slightly hard","Moderately hard","Slightly hard","Not at all hard","Not at all meaty","Not at all meaty","Moderately meaty","Very meaty","Slightly meaty","Very meaty","Not at all moist","Not at all moist","26-35","Male","Omnivore (i.e., eats meat regularly)","2-3 times a week","Master's Degree","Convenience, Taste, Familiarity (what I'm used to), Price, Environment, Animal Welfare, Health","_Natural Grocers_ (ex: Whole Foods)"
"17182888368","3","Slightly moist","Not at all moist","Moderately moist","Not at all moist","Very soft","Extremely soft","Slightly soft","Moderately soft","Very soft","Moderately soft","Dislike somewhat","Dislike very much","Like somewhat","Like somewhat","Dislike very much","Neither like nor dislike","Dislike somewhat","Dislike very much","Dislike","Dislike very much","Like somewhat","Dislike very much","Dislike","Bland","Earthy / Soil, Off-flavor","Bland, Savory","Strong","Smoky","Soft / Mushy","Crumbly / Grainy, Brittle","Soft / Mushy","Brittle, Crumbly / Grainy","Soft / Mushy, Dry","Crumbly / Grainy","Dry","Dry, crumbly","Fiber","NA","None of these","None of these","None of these","None of these","None of these","Flavorful","Dry","Dislike very much","Dislike somewhat","Dislike","Dry, no toppings","Dislike very much","None of these","Like somewhat","Not at all fatty","Bland, Earthy / Soil","A bit bland, soggy bun","Felt healthy","NA","Not at all fatty","Not at all fatty","Not at all fatty","Not at all fatty","Not at all fatty","Extremely fibrous","Extremely fibrous","Slightly fibrous","Weird taste, not savory","NA","Not at all fibrous","Not at all fibrous","Extremely fibrous","Not at all hard","Not at all hard","Very hard","Not at all hard","Not at all hard","Not at all hard","Not at all meaty","Slightly meaty","Not at all meaty","Slightly meaty","Not at all meaty","Not at all meaty","Not at all moist","Not at all moist","18-25","Female","Omnivore (i.e., eats meat regularly)","2-3 times a month","Bachelor's Degree","Price, Convenience, Taste","_Natural Grocers_ (ex: Whole Foods)"
"14402070970","4","Slightly moist","Very moist","Extremely moist","Moderately moist","Extremely soft","Extremely soft","Not at all soft","Extremely soft","Extremely soft","Extremely soft","Like very much","Like somewhat","Dislike very much","Dislike somewhat","Dislike somewhat","Dislike very much","Like","Dislike somewhat","Like very much","Like somewhat","Dislike very much","Like very much","Like somewhat","Savory, Good aftertaste, Salty","Good aftertaste, Bland","Off-flavor, Earthy / Soil, Savory, Strong, Weird Aftertaste","Fatty, Savory, Salty","Strong, Savory, Good aftertaste, Salty, Meaty","Brittle, Crispy / Crunchy, Crumbly / Grainy, Moist","Crumbly / Grainy, Chewy, Moist","Chewy, Firm / Hard, Tough, Fatty, Gummy","Soft / Mushy, Fatty, Moist, Gummy","Chewy, Springy, Moist, Holds together","Crumbly / Grainy, Moist, Soft / Mushy","The sauce made it hard to hold and the burger was quite mushy. Felt less like a burger and more of a melt","Patty is a bit crumbly and lacks depth of flavor","The patty comboed very well with the cilantro and onion on the burger. Gave the burger a good crunch that was enjoyable to eat","Good front of mouth spice and has a vaguely meaty flavor","Pepper","Pepper","Pepper","Pepper","Pepper","The cheese was well melted and it has a bit of spice to it which was enjoyable","The patty crumbled when picking up the burger making it difficult to eat all the components together","Like","Dislike somewhat","Like very much","Some bits of the patty got stuck in my teeth","Like somewhat","Pepper","Dislike somewhat","Not at all fatty","Good aftertaste, Strong, Savory, Sweet","The flavor of everything did not go well together and the tomato added extra acidity that didnt mix great","The onions and lettuce provided a good crunch","Excellent crunch and flavor options from the toppings with a solid patty that kept together","Not at all fatty","Not at all fatty","Moderately fatty","Slightly fatty","Slightly fatty","Very fibrous","Extremely fibrous","Slightly fibrous","A bit crumbly and the patty kinda got pieces stuck in my teeth","Well spiced and good nonmeat flavor","Not at all fibrous","Not at all fibrous","Slightly fibrous","Not at all hard","Not at all hard","Very hard","Not at all hard","Not at all hard","Not at all hard","Not at all meaty","Not at all meaty","Not at all meaty","Not at all meaty","Not at all meaty","Slightly meaty","Very moist","Very moist","18-25","Male","Omnivore (i.e., eats meat regularly)","Once every 1-2 months","Bachelor's Degree","Taste, Price","_Bulk Grocers_ (ex: Costco, Sam's Club)"
"14152615165","1","Not at all moist","Slightly moist","Not at all moist","Very moist","Moderately soft","Very soft","Very soft","Very soft","Very soft","Very soft","Like","Dislike very much","Dislike somewhat","Dislike very much","Dislike very much","Dislike somewhat","Dislike very much","Dislike very much","Like","Dislike very much","Like somewhat","Dislike very much","Dislike very much","Strong, Earthy / Soil, Sweet","Weird Aftertaste, Earthy / Soil","Earthy / Soil, Sweet, Strong","Off-flavor, Earthy / Soil","Earthy / Soil, Bland, Sweet, Savory, Weird Aftertaste","Dry, Chewy, Moist, Crispy / Crunchy","Chewy, Crispy / Crunchy, Crumbly / Grainy","Springy, Soft / Mushy","Soft / Mushy, Moist, Holds together","Chewy","Crispy / Crunchy, Chewy, Crumbly / Grainy, Soft / Mushy","Taste","Taste","I love black beans","Disliked very much!","None of these","None of these","None of these","None of these","None of these","Taste","I loved it!","Like very much","Dislike","Dislike very much","Taste","Dislike very much","None of these","Dislike somewhat","Not at all fatty","Earthy / Soil, Bland","Onions","It was different","Taste","Not at all fatty","Not at all fatty","Not at all fatty","Not at all fatty","Not at all fatty","Extremely fibrous","Very fibrous","Very fibrous","Taste","Dislike very much","Slightly fibrous","Not at all fibrous","Very fibrous","Not at all hard","Not at all hard","Not at all hard","Not at all hard","Not at all hard","Not at all hard","Not at all meaty","Not at all meaty","Not at all meaty","Not at all meaty","Not at all meaty","Not at all meaty","Slightly moist","Very moist","46-55","Female","Flexitarian (i.e., eats meat occasionally)","Once a week","Trade School","Price, Health","_Discount Grocers_ (ex: Trader Joe's, Lidl, Aldi)"
"14152989806","1","Slightly moist","Extremely moist","Very moist","Very moist","Moderately soft","Slightly soft","Not at all soft","Extremely soft","Extremely soft","Moderately soft","Dislike somewhat","Dislike","Dislike very much","Like somewhat","Dislike","Dislike very much","Dislike","Neither like nor dislike","Dislike somewhat","Dislike somewhat","Dislike very much","Dislike somewhat","Dislike somewhat","Salty, Weird Aftertaste","Salty","Earthy / Soil, Bland","Weird Aftertaste, Salty","Strong, Weird Aftertaste, Off-flavor","Crumbly / Grainy, Dry","Crumbly / Grainy, Fibrous / Stringy, Gummy, Dry","Crumbly / Grainy, Fibrous / Stringy","Fatty, Soft / Mushy","Moist, Gummy","Fibrous / Stringy, Dry, Crumbly / Grainy","Texture","Flavor texture","N/A","The bread","None of these","None of these","None of these","None of these","None of these","Flavor","Too dry. Very spicy","Dislike","Dislike somewhat","Dislike somewhat","Flavor","Dislike somewhat","None of these","Like somewhat","Not at all fatty","Off-flavor","The whole burger itself","Nothing","Nothing","Not at all fatty","Not at all fatty","Very fatty","Not at all fatty","Not at all fatty","Moderately fibrous","Extremely fibrous","Not at all fibrous","Grainy, salty","Nothing","Slightly fibrous","Moderately fibrous","Very fibrous","Not at all hard","Not at all hard","Not at all hard","Not at all hard","Not at all hard","Not at all hard","Not at all meaty","Not at all meaty","Slightly meaty","Not at all meaty","Not at all meaty","Slightly meaty","Not at all moist","Slightly moist","Greater than 55","Female","Flexitarian (i.e., eats meat occasionally)","Once a week","Bachelor's Degree","Taste, Convenience, Price","_Natural Grocers_ (ex: Whole Foods)"
"16508808724","1","Extremely moist","Very moist","Extremely moist","Slightly moist","Not at all soft","Moderately soft","Very soft","Very soft","Extremely soft","Extremely soft","Like somewhat","Like very much","Like very much","Neither like nor dislike","Neither like nor dislike","Like very much","Dislike somewhat","Neither like nor dislike","Dislike somewhat","Like somewhat","Like","Like","Dislike","Salty","Savory, Salty","Salty, Fatty, Savory, Smoky, Sweet","Sweet, Bland, Salty","Strong, Weird Aftertaste","Brittle, Dry, Crumbly / Grainy","Crumbly / Grainy","Moist, Holds together","Sticky, Moist, Holds together, Chewy","Soft / Mushy, Chewy, Moist","Holds together, Sticky, Springy","Not flavorful enough","Weird flavor not blended","Taste light and healthy","Bun is soft and warm","None of these","None of these","None of these","None of these","None of these","texture is good","The patty is too brittle and fragile. It just fell apart when I pulled out the stick","Dislike somewhat","Like very much","Like very much","Not enough texture","Dislike","None of these","Like","Not at all fatty","Salty, Savory","All good","juicy, balanced taste, cheesy and refreshing","Flavorful and fragrant","Slightly fatty","Not at all fatty","Very fatty","Moderately fatty","Slightly fatty","Very fibrous","Extremely fibrous","Slightly fibrous","Too grainy","Flavor","Slightly fibrous","Not at all fibrous","Moderately fibrous","Moderately hard","Moderately hard","Not at all hard","Not at all hard","Not at all hard","Not at all hard","Not at all meaty","Not at all meaty","Very meaty","Very meaty","Slightly meaty","Very meaty","Slightly moist","Moderately moist","26-35","Female","Omnivore (i.e., eats meat regularly)","Once a week","Master's Degree","Health, Taste","_Natural Grocers_ (ex: Whole Foods)"
"14154179653","1","Very moist","Extremely moist","Not at all moist","Moderately moist","Moderately soft","Moderately soft","Moderately soft","Extremely soft","Moderately soft","Moderately soft","Like somewhat","Dislike very much","Neither like nor dislike","Dislike somewhat","Neither like nor dislike","Dislike somewhat","Dislike","Like somewhat","Like","Dislike","Like somewhat","Dislike somewhat","Dislike very much","Smoky, Earthy / Soil, Savory","Weird Aftertaste, Off-flavor, Earthy / Soil, Strong","Strong, Salty, Earthy / Soil","Smoky, Savory, Weird Aftertaste","Salty, Savory, Strong, Earthy / Soil","Crumbly / Grainy, Dry","Fibrous / Stringy, Crumbly / Grainy, Springy, Chewy","Moist, Springy, Chewy, Gummy","Soft / Mushy, Crispy / Crunchy","Dry, Crumbly / Grainy, Chewy, Springy","Firm / Hard, Holds together, Gummy, Chewy","Flavor and texture combo","The flavor profile: too much pepper","I thought the flavor profile was good. A good balance of savory and slight kick.","I think the texture is well\nBalanced","None of these","Ketchup","Ketchup","Ketchup, Mustard","None of these","The cheese","It did fall apart pretty quick.","Neither like nor dislike","Like somewhat","Dislike","The patty","Dislike somewhat","Ketchup","Dislike","Slightly fatty","Bland, Savory, Earthy / Soil","There could have been less balsamic vinegar used.","I liked the tangy flavor.","The bread","Not at all fatty","Slightly fatty","Very fatty","Slightly fatty","Moderately fatty","Moderately fibrous","Moderately fibrous","Moderately fibrous","The flavor","The grain- barley?","Not at all fibrous","Not at all fibrous","Moderately fibrous","Not at all hard","Not at all hard","Not at all hard","Not at all hard","Moderately hard","Slightly hard","Slightly meaty","Moderately meaty","Moderately meaty","Slightly meaty","Moderately meaty","Moderately meaty","Slightly moist","Not at all moist","26-35","Female","Omnivore (i.e., eats meat regularly)","2-3 times a month","Bachelor's Degree","Health, Price, Convenience, Taste","_Discount Grocers_ (ex: Trader Joe's, Lidl, Aldi)"
"14158156586","1","Very moist","Extremely moist","Not at all moist","Moderately moist","Moderately soft","Not at all soft","Extremely soft","Extremely soft","Not at all soft","Slightly soft","Dislike","Dislike very much","Like very much","Neither like nor dislike","Dislike very much","Like very much","Dislike","Dislike","Dislike","Dislike very much","Like very much","Dislike somewhat","Dislike somewhat","Salty, Off-flavor, Weird Aftertaste","Weird Aftertaste, Salty","Good aftertaste, Savory","Weird Aftertaste","Bland","Brittle, Fibrous / Stringy","Brittle, Crumbly / Grainy","Soft / Mushy, Moist","Chewy","Brittle, Dry","Dry, Tough","Didn’t taste like a burger","The taste","It’s warm","Nothing","None of these","None of these","None of these","None of these","None of these","Unique taste","Taste bland and grainy","Dislike","Neither like nor dislike","Dislike somewhat","The taste","Dislike","None of these","Like somewhat","Not at all fatty","Weird Aftertaste, Salty, Bland","Nothing","The juiciness, mushrooms, everything","It’s warm","Slightly fatty","Moderately fatty","Slightly fatty","Not at all fatty","Moderately fatty","Moderately fibrous","Not at all fibrous","Moderately fibrous","Everything","Nothing","Slightly fibrous","Not at all fibrous","Not at all fibrous","Very hard","Very hard","Not at all hard","Not at all hard","Moderately hard","Moderately hard","Not at all meaty","Not at all meaty","Moderately meaty","Not at all meaty","Not at all meaty","Not at all meaty","Not at all moist","Not at all moist","36-45","Male","Omnivore (i.e., eats meat regularly)","Once a week","Bachelor's Degree","Price","_Discount Grocers_ (ex: Trader Joe's, Lidl, Aldi)"
"14127082227","1","Very moist","Moderately moist","Moderately moist","Not at all moist","Very soft","Very soft","Moderately soft","Very soft","Very soft","Slightly soft","Dislike somewhat","Like somewhat","Neither like nor dislike","Neither like nor dislike","Dislike somewhat","Neither like nor dislike","Dislike somewhat","Dislike somewhat","Dislike somewhat","Like somewhat","Neither like nor dislike","Neither like nor dislike","Neither like nor dislike","Bland","Bland","Bland","Sweet","Smoky","Dry","Crumbly / Grainy","Moist","Holds together","Holds together","Crumbly / Grainy","The bread is soaked, same as the previous one with mushrooms","The texture is not that good","The patties are too crumbly and fall apart easily. Every time I pick one up, it makes a huge mess","It is spicy","None of these","None of these","None of these","None of these","None of these","It is the only burger in the first 3 that is warm","The patty","Dislike","Neither like nor dislike","Neither like nor dislike","The party lacks flavor and there is no sauce or cheese","Like somewhat","None of these","Like somewhat","Not at all fatty","Bland","The composition of the buger makes it hard to hold","It Is very hard to hold the burger","The patty is warm","Not at all fatty","Slightly fatty","Slightly fatty","Slightly fatty","Slightly fatty","Slightly fibrous","Not at all fibrous","Moderately fibrous","The patty is crumbly, adding a little bit cheese will be better","The patty contains oak, I like the taste","Not at all fibrous","Slightly fibrous","Moderately fibrous","Not at all hard","Not at all hard","Moderately hard","Not at all hard","Slightly hard","Slightly hard","Not at all meaty","Not at all meaty","Not at all meaty","Not at all meaty","Not at all meaty","Not at all meaty","Not at all moist","Not at all moist","26-35","Female","Flexitarian (i.e., eats meat occasionally)","2-3 times a week","Master's Degree","Taste, Health","_Natural Grocers_ (ex: Whole Foods)"
"15593135670","2","Extremely moist","Slightly moist","Moderately moist","Moderately moist","Very soft","Moderately soft","Extremely soft","Moderately soft","Extremely soft","Very soft","Dislike very much","Dislike very much","Dislike very much","Dislike very much","Dislike very much","Dislike very much","Dislike very much","Dislike very much","Dislike very much","Dislike very much","Dislike very much","Dislike very much","Dislike very much","Weird Aftertaste, Bland, Earthy / Soil","Salty, Weird Aftertaste, Earthy / Soil, Off-flavor","Earthy / Soil, Smoky, Savory, Meaty, Fatty, Weird Aftertaste","Bland, Weird Aftertaste, Earthy / Soil","Earthy / Soil, Off-flavor, Savory, Strong, Weird Aftertaste","Dry, Crispy / Crunchy, Crumbly / Grainy, Fibrous / Stringy, Brittle","Dry, Brittle, Crispy / Crunchy, Fibrous / Stringy, Soft / Mushy, Crumbly / Grainy, Chewy","Holds together","Dry","Moist, Sticky, Soft / Mushy, Fibrous / Stringy, Crumbly / Grainy, Chewy","Gummy, Fibrous / Stringy","Texture, taste, temperature, flavor","Awful burger. Terrible taste, bad texture","Nothing","Nothing.","None of these","None of these","None of these","None of these","None of these","Nothing","Texture, taste. I hate this burger","Dislike very much","Dislike very much","Dislike very much","Flavor, texture","Dislike very much","None of these","Dislike very much","Not at all fatty","Salty, Off-flavor, Earthy / Soil, Savory, Weird Aftertaste","Texture. Taste. Flavor","Temperqture","Nothing","Slightly fatty","Very fatty","Slightly fatty","Moderately fatty","Moderately fatty","Extremely fibrous","Extremely fibrous","Very fibrous","Everything. Texture and taste are awful","Nothing","Extremely fibrous","Very fibrous","Extremely fibrous","Slightly hard","Slightly hard","Not at all hard","Slightly hard","Not at all hard","Not at all hard","Not at all meaty","Not at all meaty","Very meaty","Not at all meaty","Slightly meaty","Slightly meaty","Not at all moist","Not at all moist","36-45","Male","Omnivore (i.e., eats meat regularly)","2-3 times a month","Ph.D. or higher","Convenience, Taste, Price","_Conventional Grocers_ (ex: Stop & Shop, Safeway)"
"12406714611","2","Extremely moist","Not at all moist","Very moist","Moderately moist","Extremely soft","Moderately soft","Moderately soft","Moderately soft","Moderately soft","Slightly soft","Like somewhat","Dislike somewhat","Like","Like","Dislike somewhat","Like","Like very much","Like very much","Like somewhat","Dislike somewhat","Like","Like very much","Like very much","Earthy / Soil, Weird Aftertaste","Bland, Off-flavor, Earthy / Soil, Weird Aftertaste","Strong, Good aftertaste, Savory","Good aftertaste, Earthy / Soil","Smoky, Savory, Strong, Good aftertaste","Dry, Crumbly / Grainy, Soft / Mushy","Dry, Crumbly / Grainy, Soft / Mushy","Moist, Fatty","Dry, Firm / Hard","Moist, Firm / Hard, Holds together","Firm / Hard, Moist, Holds together","Whole pieces of corn","Nothing honestly","I liked the arugula as the green","I liked the firmness of the patty, the thinnest of the bread, and the added spice","Mustard","Ketchup, Mustard","Ketchup","Ketchup","Ketchup","I really like the cheese and sauce","I’m not a fan of how the patty falls apart when you try to eat it","Neither like nor dislike","Like somewhat","Like very much","Nothing I loved it","Like very much","Ketchup","Like","Not at all fatty","Strong, Savory, Good aftertaste, Earthy / Soil","The bottom bun was soggy","I like the layers of veggies.","Overall taste was great and with the fresh topping was amazing","Not at all fatty","Moderately fatty","Not at all fatty","Very fatty","Moderately fatty","Moderately fibrous","Moderately fibrous","Very fibrous","The taste of the patty was strange and dry and completely crumbled when I picked it up","The bread was good","Moderately fibrous","Moderately fibrous","Moderately fibrous","Not at all hard","Moderately hard","Moderately hard","Not at all hard","Moderately hard","Moderately hard","Not at all meaty","Not at all meaty","Moderately meaty","Not at all meaty","Very meaty","Very meaty","Moderately moist","Not at all moist","18-25","Male","Flexitarian (i.e., eats meat occasionally)","2-3 times a month","Bachelor's Degree","Taste, Environment, Price, Health, Familiarity (what I'm used to)","_Discount Grocers_ (ex: Trader Joe's, Lidl, Aldi)"
"13107665724","2","Very moist","Slightly moist","Slightly moist","Moderately moist","Slightly soft","Very soft","Very soft","Slightly soft","Very soft","Very soft","Like somewhat","Neither like nor dislike","Dislike somewhat","Like somewhat","Dislike somewhat","Dislike somewhat","Like","Like somewhat","Like somewhat","Neither like nor dislike","Dislike somewhat","Like somewhat","Like very much","Savory, Good aftertaste","Earthy / Soil, Salty, Savory","Savory, Meaty, Fatty","Weird Aftertaste, Savory, Salty","Savory, Salty, Good aftertaste","Moist","Crispy / Crunchy, Fibrous / Stringy, Crumbly / Grainy","Soft / Mushy, Moist","Firm / Hard, Tough, Crumbly / Grainy, Brittle","Crispy / Crunchy, Holds together","Holds together, Moist","The patty is lumpy and not appealing.","A few too many grains in the patty","The patty has a pleasant taste and it feels not too heavy or greasy","The bread and patty go well together. It’s seasoned well and the patty has the right balance of moisture and holding together","Ketchup","None of these","None of these","None of these","None of these","The sauce and cheese blend together very well and the bun is soft and pleasant to eat.","It’s a bit dry and plain","Like somewhat","Dislike","Like very much","Too dry without sauces","Like very much","None of these","Dislike somewhat","Not at all fatty","Savory, Salty, Good aftertaste","Just a bit too moist with the tomatoes and mushrooms","The ingredients blend well together, cheese has a nice flavor, and bun is soft","Patty has a very good flavor and texture. Bun is nicely toasted","Not at all fatty","Slightly fatty","Not at all fatty","Slightly fatty","Slightly fatty","Very fibrous","Very fibrous","Slightly fibrous","It’s dry. No cheese or condiments","Patty is crispy and pairs well with the bun. It is seasoned well.","Very fibrous","Very fibrous","Very fibrous","Moderately hard","Not at all hard","Not at all hard","Slightly hard","Not at all hard","Slightly hard","Not at all meaty","Not at all meaty","Moderately meaty","Not at all meaty","Slightly meaty","Moderately meaty","Slightly moist","Not at all moist","26-35","Female","Omnivore (i.e., eats meat regularly)","Once a week","Bachelor's Degree","Taste, Price, Familiarity (what I'm used to)","_Discount Grocers_ (ex: Trader Joe's, Lidl, Aldi)"
"17328127346","2","Moderately moist","Not at all moist","Slightly moist","Slightly moist","Moderately soft","Slightly soft","Very soft","Slightly soft","Slightly soft","Not at all soft","Like somewhat","Neither like nor dislike","Like somewhat","Neither like nor dislike","Neither like nor dislike","Like somewhat","Neither like nor dislike","Dislike somewhat","Neither like nor dislike","Neither like nor dislike","Like somewhat","Like somewhat","Dislike somewhat","Earthy / Soil, Smoky, Savory","Savory, Earthy / Soil","Savory, Good aftertaste","Weird Aftertaste, Bland, Off-flavor","Bland, Salty, Earthy / Soil","Crumbly / Grainy, Brittle","Crumbly / Grainy, Firm / Hard, Soft / Mushy, Fibrous / Stringy, Holds together","Moist, Holds together, Fibrous / Stringy","Crumbly / Grainy, Dry","Firm / Hard, Crumbly / Grainy, Brittle, Holds together","Crumbly / Grainy, Fibrous / Stringy, Crispy / Crunchy","The patty texture was different and flavor was very subtle","not much flavor besides the spice/seasoning","bun was nicely toasted and flavor was alright.","warm and has a peppery taste","None of these","None of these","None of these","None of these","None of these","Really cheesey & light","The burger fell apart and was crumby","Neither like nor dislike","Dislike somewhat","Neither like nor dislike","flavor is there for a minute then gone","Dislike somewhat","None of these","Like somewhat","Not at all fatty","Savory, Earthy / Soil","mainly just tomato","flavorful, held together nice","flavorful and firm","Not at all fatty","Not at all fatty","Not at all fatty","Not at all fatty","Not at all fatty","Moderately fibrous","Very fibrous","Very fibrous","Not something I would go for.","Held together","Moderately fibrous","Very fibrous","Moderately fibrous","Not at all hard","Slightly hard","Not at all hard","Slightly hard","Not at all hard","Slightly hard","Not at all meaty","Not at all meaty","Not at all meaty","Not at all meaty","Not at all meaty","Not at all meaty","Not at all moist","Slightly moist","26-35","Male","Omnivore (i.e., eats meat regularly)","2-3 times a week","Some College","Price, Taste","_Discount Grocers_ (ex: Trader Joe's, Lidl, Aldi)"
"19173749565","2","Not at all moist","Very moist","Moderately moist","Moderately moist","Extremely soft","Extremely soft","Not at all soft","Extremely soft","Very soft","Moderately soft","Like somewhat","Dislike somewhat","Dislike very much","Neither like nor dislike","Like somewhat","Dislike very much","Neither like nor dislike","Dislike","Like somewhat","Dislike somewhat","Dislike very much","Neither like nor dislike","Dislike very much","Smoky, Good aftertaste","Bland, Earthy / Soil, Sweet","Smoky, Weird Aftertaste","Sweet","Bland, Weird Aftertaste","Soft / Mushy, Moist","Fibrous / Stringy, Sticky, Crumbly / Grainy","Dry, Tough","Moist","Holds together, Fibrous / Stringy, Chewy","Firm / Hard, Crumbly / Grainy, Fibrous / Stringy","Has peppers and beans","Grainy and bland","Bean mixture","Has fiber","None of these","None of these","None of these","None of these","Mustard","Cheesy","Doesn't hold together","Like somewhat","Neither like nor dislike","Neither like nor dislike","Grainy","Dislike","None of these","Dislike somewhat","Not at all fatty","Savory, Sweet, Good aftertaste","Very rubbery","Cheese and onions","Has fiber and spices","Not at all fatty","Slightly fatty","Slightly fatty","Not at all fatty","Not at all fatty","Moderately fibrous","Extremely fibrous","Very fibrous","Bland","Soft and chewy","Slightly fibrous","Moderately fibrous","Moderately fibrous","Not at all hard","Not at all hard","Very hard","Not at all hard","Not at all hard","Not at all hard","Not at all meaty","Not at all meaty","Not at all meaty","Not at all meaty","Not at all meaty","Not at all meaty","Extremely moist","Moderately moist","Greater than 55","Female","Flexitarian (i.e., eats meat occasionally)","Once every 1-2 months","Bachelor's Degree","Price, Convenience, Taste, Animal Welfare","_Discount Grocers_ (ex: Trader Joe's, Lidl, Aldi)"
"13106961076","2","Slightly moist","Not at all moist","Not at all moist","Not at all moist","Slightly soft","Slightly soft","Moderately soft","Not at all soft","Moderately soft","Slightly soft","Neither like nor dislike","Dislike","Like somewhat","Dislike somewhat","Dislike","Like somewhat","Like somewhat","Dislike very much","Neither like nor dislike","Dislike somewhat","Like","Like","Dislike very much","Salty, Earthy / Soil","Off-flavor, Bland, Weird Aftertaste, Earthy / Soil","Savory, Good aftertaste","Weird Aftertaste, Off-flavor, Bland","Earthy / Soil, Weird Aftertaste, Off-flavor, Strong","Crumbly / Grainy, Chewy, Soft / Mushy","Crumbly / Grainy, Dry, Brittle, Crispy / Crunchy, Chewy","Holds together","Chewy, Crumbly / Grainy, Dry","Holds together","Gummy, Chewy, Soft / Mushy, Dry","I didn’t like how nutty and Cheesy it was","Too spicy and nutty texture","How it has a kick with spice and salty.","Didn’t fall apart","Ketchup","None of these","None of these","Ketchup","None of these","To taste more of the patty and bot so much cheese.","That it had a lot of beans","Neither like nor dislike","Dislike very much","Like","Could use more flavor and condiments","Dislike very much","None of these","Dislike somewhat","Not at all fatty","Salty, Good aftertaste","Maybe not as much dressing","I like the cheese on top and the flavors","The onions were good and texture was good","Not at all fatty","Slightly fatty","Not at all fatty","Slightly fatty","Not at all fatty","Moderately fibrous","Very fibrous","Slightly fibrous","Nutty flavor and weird texture","Has onions and taste like curry flavor that I like","Moderately fibrous","Slightly fibrous","Extremely fibrous","Not at all hard","Not at all hard","Not at all hard","Moderately hard","Not at all hard","Slightly hard","Not at all meaty","Not at all meaty","Not at all meaty","Not at all meaty","Slightly meaty","Not at all meaty","Not at all moist","Slightly moist","26-35","Female","Omnivore (i.e., eats meat regularly)","4-5 times a year","Bachelor's Degree","Taste, Convenience, Familiarity (what I'm used to), Environment, Price, Health","_Big Box Retailers_ (ex: Target, Walmart)"
"14158373682","2","Extremely moist","Very moist","Extremely moist","Extremely moist","Extremely soft","Very soft","Not at all soft","Extremely soft","Very soft","Extremely soft","Neither like nor dislike","Like","Like","Like","Dislike","Like","Dislike very much","Dislike somewhat","Dislike somewhat","Dislike somewhat","Like somewhat","Like very much","Dislike somewhat","Bland, Earthy / Soil","Smoky, Savory","Meaty, Earthy / Soil, Savory, Salty","Good aftertaste, Savory, Sweet, Salty","Salty, Bland","Dry, Soft / Mushy, Brittle, Crumbly / Grainy","Firm / Hard, Brittle, Crumbly / Grainy, Dry","Chewy, Springy, Holds together","Soft / Mushy","Crumbly / Grainy, Dry, Tough, Soft / Mushy","Soft / Mushy, Tough","Too squishy, too soft and hearty to eat without being super messy","The blandness, the saginess, it looked like clumpy oatmeal","Tha the ingredients were visible and recognizable","Not much","Ketchup, Mustard","Ketchup","Ketchup","Ketchup, Mustard","Ketchup, Mustard","The flavor is hearty and well balanced. It’s a bit too squishy","It was very crumble and totally broken apart. Raw jalapeño could have been pickled or something","Dislike","Dislike somewhat","Like","I loved it","Dislike somewhat","None of these","Like","Not at all fatty","Savory, Salty, Earthy / Soil, Meaty","There was no bottom bun, th portobello needed more seasoning and the cheese was terrible","That is was a portobello not fake meat","I like the pickled onions, the burger was well seasoned and fun for something different","Not at all fatty","Not at all fatty","Not at all fatty","Slightly fatty","Not at all fatty","Very fibrous","Not at all fibrous","Slightly fibrous","The grain is too hard and seems indigestible, gets stuck in my teeth, and very crumbly","The seasoning and savory quality","Slightly fibrous","Slightly fibrous","Moderately fibrous","Not at all hard","Slightly hard","Not at all hard","Not at all hard","Not at all hard","Not at all hard","Not at all meaty","Not at all meaty","Moderately meaty","Not at all meaty","Slightly meaty","Not at all meaty","Slightly moist","Slightly moist","36-45","Female","Omnivore (i.e., eats meat regularly)","Once a week","Bachelor's Degree","Health, Price","_Discount Grocers_ (ex: Trader Joe's, Lidl, Aldi)"
"14156254985","3","Very moist","Moderately moist","Slightly moist","Slightly moist","Moderately soft","Moderately soft","Very soft","Extremely soft","Moderately soft","Very soft","Like very much","Dislike somewhat","Like very much","Like","Dislike","Like very much","Like","Like","Like","Dislike","Like very much","Like somewhat","Like","Good aftertaste, Earthy / Soil, Smoky","Earthy / Soil, Weird Aftertaste, Off-flavor","Good aftertaste, Earthy / Soil, Sweet","Fatty, Salty, Weird Aftertaste","Bland, Off-flavor, Earthy / Soil","Brittle, Crumbly / Grainy, Chewy, Soft / Mushy","Crumbly / Grainy, Chewy, Springy, Gummy, Sticky, Fibrous / Stringy","Brittle, Holds together, Springy, Soft / Mushy","Holds together, Sticky, Fibrous / Stringy, Chewy, Soft / Mushy, Fatty","Dry, Holds together, Springy","Dry, Chewy, Crumbly / Grainy, Soft / Mushy","After-taste","Tastes too grainy.","Flavor","Texture.","None of these","Pepper","None of these","Pepper","Ketchup","Flavor","Texture, crumbled and fell apart too easily.","Like somewhat","Like somewhat","Dislike somewhat","Bland taste.","Dislike somewhat","None of these","Like very much","Moderately fatty","Bland, Earthy / Soil, Salty","Enjoyed everything about it.","Texture and flavor.","Texture.","Moderately fatty","Not at all fatty","Moderately fatty","Slightly fatty","Slightly fatty","Very fibrous","Very fibrous","Very fibrous","Too chewy.","Variety of ingredients.","Very fibrous","Moderately fibrous","Moderately fibrous","Moderately hard","Moderately hard","Not at all hard","Not at all hard","Slightly hard","Slightly hard","Very meaty","Very meaty","Slightly meaty","Slightly meaty","Slightly meaty","Slightly meaty","Slightly moist","Not at all moist","46-55","Male","Flexitarian (i.e., eats meat occasionally)","2-3 times a week","Bachelor's Degree","Animal Welfare, Taste, Price","_Natural Grocers_ (ex: Whole Foods)"
"12679453401","3","Slightly moist","Moderately moist","Slightly moist","Moderately moist","Very soft","Slightly soft","Moderately soft","Moderately soft","Moderately soft","Moderately soft","Dislike","Neither like nor dislike","Like somewhat","Like somewhat","Dislike","Dislike somewhat","Like somewhat","Like somewhat","Dislike somewhat","Dislike somewhat","Like somewhat","Like somewhat","Like somewhat","Bland, Salty, Earthy / Soil","Earthy / Soil, Bland, Salty","Bland, Earthy / Soil, Weird Aftertaste","Good aftertaste","Meaty","Dry, Soft / Mushy","Dry, Crispy / Crunchy, Fibrous / Stringy, Crumbly / Grainy","Moist","Soft / Mushy, Crumbly / Grainy, Holds together","Brittle, Soft / Mushy","Fibrous / Stringy, Crumbly / Grainy, Holds together","Random chunks of lentils","Overdid the pepper","Nothing","Has flavor and texture","None of these","None of these","None of these","None of these","None of these","Has flavor, looks decent","Random piece of cilantro, no distinct flavor, too dry","Dislike very much","Like somewhat","Like somewhat","The bun overpowers the flavor of the patty","Like somewhat","None of these","Like somewhat","Not at all fatty","Savory, Earthy / Soil","The bun tastes store bought. Pretty basic burger overall","It had some flavor from the mushroom","The patty is pretty flavorful","Not at all fatty","Not at all fatty","Slightly fatty","Slightly fatty","Slightly fatty","Slightly fibrous","Moderately fibrous","Not at all fibrous","Crunchy, grainy, dry","Has flavor","Moderately fibrous","Slightly fibrous","Moderately fibrous","Slightly hard","Moderately hard","Slightly hard","Slightly hard","Moderately hard","Slightly hard","Not at all meaty","Not at all meaty","Not at all meaty","Not at all meaty","Not at all meaty","Slightly meaty","Not at all moist","Slightly moist","18-25","Male","Omnivore (i.e., eats meat regularly)","2-3 times a month","Bachelor's Degree","Health, Taste, Price","_Discount Grocers_ (ex: Trader Joe's, Lidl, Aldi)"
"16505644302","4","Extremely moist","Very moist","Slightly moist","Slightly moist","Very soft","Extremely soft","Moderately soft","Extremely soft","Very soft","Extremely soft","Like somewhat","Dislike","Like","Dislike very much","Dislike very much","Neither like nor dislike","Dislike","Dislike very much","Dislike","Dislike","Like somewhat","Neither like nor dislike","Dislike somewhat","Savory, Off-flavor, Smoky, Salty","Bland, Off-flavor","Meaty, Savory","Salty, Savory, Fatty","Salty, Strong, Savory","Crumbly / Grainy, Soft / Mushy, Moist","Crumbly / Grainy, Soft / Mushy","Holds together, Moist, Firm / Hard","Fatty, Soft / Mushy, Crumbly / Grainy, Moist","Soft / Mushy, Dry, Crumbly / Grainy","Crumbly / Grainy, Moist, Soft / Mushy","Looks like an omelette. Chunky texture.","Patty is falling apart. Pepper overwhelms any other flavor","More palatable taste than the previous 3","Peppery flavor. Tastes more burger-like than the first two","None of these","None of these","None of these","None of these","None of these","Kinda meaty flavor. Salty.","Patty completely fell apart. Big chunky bean pieces.","Dislike very much","Dislike very much","Dislike somewhat","Weird herbal flavor. Small green chunks. Offputting yellow color","Dislike somewhat","None of these","Dislike very much","Not at all fatty","Off-flavor, Savory, Weird Aftertaste","I don’t like cheese","Mushroom tastes meaty. Tomato made it more like a real burger","Patty seems the most cohesive so far (not falling apart)","Slightly fatty","Slightly fatty","Very fatty","Not at all fatty","Slightly fatty","Not at all fibrous","Not at all fibrous","Not at all fibrous","Doesn’t look like a burger, doesn’t taste like a burger","Comes in a bun, I guess","Not at all fibrous","Not at all fibrous","Not at all fibrous","Not at all hard","Not at all hard","Slightly hard","Not at all hard","Not at all hard","Slightly hard","Slightly meaty","Not at all meaty","Moderately meaty","Not at all meaty","Slightly meaty","Slightly meaty","Slightly moist","Moderately moist","36-45","Female","Flexitarian (i.e., eats meat occasionally)","2-3 times a month","Bachelor's Degree","Taste, Convenience","_Conventional Grocers_ (ex: Stop & Shop, Safeway)"
"14156357309","4","Extremely moist","Extremely moist","Not at all moist","Extremely moist","Extremely soft","Extremely soft","Extremely soft","Very soft","Not at all soft","Extremely soft","Like very much","Dislike very much","Like very much","Like very much","Dislike","Like very much","Dislike very much","Dislike very much","Like very much","Dislike","Like very much","Dislike very much","Dislike very much","Off-flavor, Savory","Good aftertaste, Off-flavor, Strong","Sweet, Good aftertaste, Meaty, Fatty, Smoky","Sweet, Meaty","Good aftertaste, Earthy / Soil","Fatty, Springy","Chewy, Moist, Fatty","Crispy / Crunchy, Moist, Soft / Mushy, Chewy","Soft / Mushy, Springy, Holds together","Fatty, Springy, Sticky","Chewy, Soft / Mushy","Nothing","Horrible","Tasty","Nothing","Ketchup","None of these","Ketchup","Ketchup","Ketchup","Tasty","Nothing","Like very much","Like very much","Dislike very much","Horrible taste","Dislike very much","Ketchup","Like very much","Extremely fatty","Weird Aftertaste, Sweet, Savory","Nothing","Excellent","Nothing","Not at all fatty","Extremely fatty","Extremely fatty","Not at all fatty","Extremely fatty","Extremely fibrous","Not at all fibrous","Extremely fibrous","Dry","Nothing","Extremely fibrous","Extremely fibrous","Extremely fibrous","Not at all hard","Not at all hard","Slightly hard","Extremely hard","Very hard","Slightly hard","Extremely meaty","Extremely meaty","Extremely meaty","Extremely meaty","Extremely meaty","Extremely meaty","Extremely moist","Extremely moist","26-35","Male","Flexitarian (i.e., eats meat occasionally)","Everyday","High School","Price, Health","_Natural Grocers_ (ex: Whole Foods)"
"19174266661","4","Extremely moist","Extremely moist","Slightly moist","Not at all moist","Moderately soft","Moderately soft","Moderately soft","Extremely soft","Very soft","Not at all soft","Dislike very much","Neither like nor dislike","Like","Like somewhat","Dislike somewhat","Neither like nor dislike","Dislike somewhat","Dislike very much","Dislike very much","Dislike somewhat","Like","Dislike somewhat","Dislike","Bland, Earthy / Soil","Bland","Salty, Savory","Sweet","Bland","Crumbly / Grainy","Holds together","Chewy","Moist","Gummy","Brittle, Firm / Hard","Not meaty","Fibrous bland","None","None","None of these","Ketchup","None of these","Ketchup","Ketchup","Sauce","All beans","Dislike very much","Neither like nor dislike","Neither like nor dislike","Veggie burger","Dislike","None of these","Like somewhat","Not at all fatty","Bland","Not meat","Mushroom","None","Moderately fatty","Not at all fatty","Moderately fatty","Not at all fatty","Not at all fatty","Extremely fibrous","Slightly fibrous","Not at all fibrous","Not meat like","Neutral taste","Not at all fibrous","Moderately fibrous","Extremely fibrous","Not at all hard","Moderately hard","Not at all hard","Not at all hard","Not at all hard","Slightly hard","Not at all meaty","Not at all meaty","Not at all meaty","Slightly meaty","Not at all meaty","Not at all meaty","Not at all moist","Moderately moist","26-35","Male","Omnivore (i.e., eats meat regularly)","2-3 times a week","Bachelor's Degree","Taste","_Conventional Grocers_ (ex: Stop & Shop, Safeway)"
"14153772148","5","Moderately moist","Moderately moist","Slightly moist","Slightly moist","Slightly soft","Very soft","Not at all soft","Moderately soft","Slightly soft","Slightly soft","Like very much","Like somewhat","Like somewhat","Neither like nor dislike","Dislike somewhat","Like somewhat","Like somewhat","Dislike somewhat","Like very much","Like somewhat","Like somewhat","Dislike somewhat","Dislike somewhat","Savory, Smoky","Savory, Meaty","Savory, Earthy / Soil, Meaty","Salty, Earthy / Soil","Savory, Off-flavor","Crumbly / Grainy","Crumbly / Grainy, Moist","Chewy, Holds together, Firm / Hard, Moist","Holds together, Moist","Holds together","Holds together, Chewy","Cheese and sauce served with it overpowered the burger","Texture and it has some hot spice","Good flavor","Looks healthy","None of these","None of these","None of these","None of these","None of these","Tastes like it has beans in it","Falls apart easily","Dislike somewhat","Neither like nor dislike","Dislike somewhat","Odd flavor that lingers","Dislike somewhat","None of these","Neither like nor dislike","Not at all fatty","Weird Aftertaste, Off-flavor","Flavor isn’t dynamic (just mushroom)","Good mushroom flavor","Looks appealing with the caramelization","Not at all fatty","Not at all fatty","Not at all fatty","Not at all fatty","Not at all fatty","Not at all fibrous","Not at all fibrous","Not at all fibrous","Crumbly texture","Good flavor, looks healthy","Not at all fibrous","Slightly fibrous","Slightly fibrous","Not at all hard","Not at all hard","Slightly hard","Not at all hard","Not at all hard","Not at all hard","Slightly meaty","Moderately meaty","Moderately meaty","Slightly meaty","Not at all meaty","Not at all meaty","Slightly moist","Very moist","46-55","Female","Omnivore (i.e., eats meat regularly)","2-3 times a month","Bachelor's Degree","Taste, Familiarity (what I'm used to), Price, Animal Welfare","_Natural Grocers_ (ex: Whole Foods)"
"14152544282","5","Very moist","Slightly moist","Extremely moist","Very moist","Moderately soft","Very soft","Very soft","Extremely soft","Extremely soft","Extremely soft","Like","Like somewhat","Like","Dislike","Dislike","Like","Like very much","Like","Like somewhat","Dislike somewhat","Like very much","Like very much","Like","Savory, Earthy / Soil","Salty, Savory","Smoky, Earthy / Soil","Salty, Off-flavor, Strong","Savory, Good aftertaste, Earthy / Soil","Dry, Springy","Dry, Brittle, Crumbly / Grainy","Firm / Hard, Chewy, Moist","Dry, Sticky","Chewy","Crumbly / Grainy, Moist, Chewy","The texture. Cheesy potato? Tastes like it was made with ketchup (didn’t like)","A bit mushy","Seasoning, onion","Grainy, nutritious","Pepper","Pepper","Pepper","Pepper","Pepper","Cheesy, a bit tomato taste","Too much heat from added pepper, a bit dry. Needs an egg yolk?","Dislike","Dislike","Like very much","Could have contained parsley, cilantro, garlic","Like","Pepper","Dislike somewhat","Not at all fatty","Meaty, Savory, Good aftertaste","Too many toppings. They fell off .","Smoky, cheesy, mushroom","Carrot taste, moist, red onions","Not at all fatty","Not at all fatty","Not at all fatty","Not at all fatty","Not at all fatty","Slightly fibrous","Extremely fibrous","Not at all fibrous","Fell apart. Didn’t have much integrity","Tasted like oat cereal","Not at all fibrous","Moderately fibrous","Extremely fibrous","Not at all hard","Not at all hard","Slightly hard","Not at all hard","Not at all hard","Not at all hard","Not at all meaty","Not at all meaty","Slightly meaty","Not at all meaty","Very meaty","Not at all meaty","Slightly moist","Very moist","Greater than 55","Male","Omnivore (i.e., eats meat regularly)","Once every 1-2 months","Master's Degree","Price, Health, Animal Welfare, Taste, Convenience, Environment, Familiarity (what I'm used to)","_Discount Grocers_ (ex: Trader Joe's, Lidl, Aldi)"
"16468310757","5","Slightly moist","Slightly moist","Slightly moist","Slightly moist","Slightly soft","Slightly soft","Slightly soft","Slightly soft","Moderately soft","Slightly soft","Like somewhat","Dislike somewhat","Like somewhat","Dislike somewhat","Dislike somewhat","Like somewhat","Like somewhat","Like somewhat","Like somewhat","Neither like nor dislike","Like somewhat","Like somewhat","Like somewhat","Good aftertaste, Salty, Savory","Weird Aftertaste, Off-flavor, Bland, Earthy / Soil","Good aftertaste, Savory","Weird Aftertaste, Strong, Earthy / Soil, Off-flavor","Good aftertaste, Smoky, Savory","Holds together, Moist","Crispy / Crunchy, Chewy, Crumbly / Grainy","Chewy, Holds together","Holds together, Soft / Mushy","Holds together, Soft / Mushy","Holds together","Mushy","Different from burger but not bad","Decent taste","Well seasoned. Good flavor","None of these","None of these","None of these","None of these","None of these","Not anything particularly","Not meaty","Like somewhat","Like somewhat","Like somewhat","Not what I’m used to","Like somewhat","None of these","Neither like nor dislike","Slightly fatty","Savory, Good aftertaste","Not expecting mushrooms","Great mushroom burger","Decent flavor","Not at all fatty","Not at all fatty","Slightly fatty","Slightly fatty","Not at all fatty","Not at all fibrous","Not at all fibrous","Not at all fibrous","Grainy. No real flavor","Not much","Not at all fibrous","Slightly fibrous","Not at all fibrous","Slightly hard","Not at all hard","Slightly hard","Slightly hard","Not at all hard","Not at all hard","Not at all meaty","Not at all meaty","Not at all meaty","Not at all meaty","Not at all meaty","Not at all meaty","Slightly moist","Not at all moist","26-35","Male","Omnivore (i.e., eats meat regularly)","Once a week","Some College","Familiarity (what I'm used to), Price, Convenience, Taste","_Conventional Grocers_ (ex: Stop & Shop, Safeway)"
"14158128001","5","Very moist","Very moist","Moderately moist","Slightly moist","Very soft","Very soft","Not at all soft","Very soft","Moderately soft","Very soft","Dislike","Neither like nor dislike","Dislike","Dislike somewhat","Dislike","Dislike","Neither like nor dislike","Dislike","Dislike","Neither like nor dislike","Dislike","Like","Like somewhat","Earthy / Soil, Off-flavor, Weird Aftertaste","Earthy / Soil, Savory","Strong, Weird Aftertaste, Salty, Off-flavor","Salty, Fatty, Smoky","Off-flavor, Weird Aftertaste, Savory","Crumbly / Grainy, Dry","Brittle, Crumbly / Grainy, Dry","Chewy, Tough","Fatty, Soft / Mushy, Fibrous / Stringy","Springy, Crumbly / Grainy, Chewy","Fibrous / Stringy, Crumbly / Grainy, Tough","Texture","A little spicy. Crumbly texture","Nothing","Seems healthy","None of these","Ketchup","None of these","Ketchup","Ketchup","Presentation","Everything","Dislike","Dislike","Like","Weird after taste","Dislike somewhat","None of these","Like somewhat","Not at all fatty","Weird Aftertaste, Savory, Earthy / Soil","Everything","Good presentation","Eats like a burger","Not at all fatty","Not at all fatty","Very fatty","Not at all fatty","Not at all fatty","Very fibrous","Very fibrous","Very fibrous","Texture","Looks good","Slightly fibrous","Slightly fibrous","Moderately fibrous","Not at all hard","Not at all hard","Slightly hard","Slightly hard","Not at all hard","Slightly hard","Not at all meaty","Not at all meaty","Not at all meaty","Not at all meaty","Slightly meaty","Not at all meaty","Slightly moist","Slightly moist","Greater than 55","Male","Omnivore (i.e., eats meat regularly)","2-3 times a month","Bachelor's Degree","Convenience, Health","_Discount Grocers_ (ex: Trader Joe's, Lidl, Aldi)"
"14157240903","5","Very moist","Slightly moist","Not at all moist","Not at all moist","Very soft","Slightly soft","Very soft","Moderately soft","Very soft","Very soft","Like very much","Like somewhat","Like very much","Like","Like very much","Like very much","Like somewhat","Neither like nor dislike","Like somewhat","Like","Like very much","Like","Dislike somewhat","Fatty, Sweet, Meaty, Good aftertaste, Savory, Earthy / Soil","Earthy / Soil, Strong, Off-flavor, Weird Aftertaste, Good aftertaste, Savory, Sweet","Salty, Savory, Good aftertaste, Earthy / Soil, Smoky, Strong, Fatty, Meaty","Good aftertaste, Sweet, Meaty, Fatty, Smoky, Salty","Weird Aftertaste, Earthy / Soil, Smoky, Off-flavor, Good aftertaste","Dry, Crumbly / Grainy, Brittle","Chewy, Sticky, Crumbly / Grainy, Springy, Soft / Mushy, Dry","Fatty, Soft / Mushy, Gummy, Moist, Chewy","Crumbly / Grainy, Fibrous / Stringy, Holds together, Crispy / Crunchy, Chewy","Crumbly / Grainy, Brittle, Fibrous / Stringy, Dry","Crumbly / Grainy, Brittle, Dry, Gummy","I can't tell what it is","It has no structure it just falls apart","I like legumes","It looks healthy and it has a unique flavor like that of long grain rice with the husk","None of these","None of these","None of these","None of these","None of these","I'm not sure what it is so let's call it curious","It just falls apart it needs a binder","Neither like nor dislike","Like","Like very much","It just falls apart also the top is crisped black and the sides seem un evenly cooked","Like","None of these","Like somewhat","Slightly fatty","Earthy / Soil, Sweet, Good aftertaste","N/a","The mushrooms color and juice complement the cheese","It reminds me ov carrots and squash","Moderately fatty","Moderately fatty","Slightly fatty","Not at all fatty","Slightly fatty","Not at all fibrous","Slightly fibrous","Slightly fibrous","It tastes like mustard","It's got a lot going on i like the consistency and flavors ov the patty","Slightly fibrous","Very fibrous","Not at all fibrous","Not at all hard","Moderately hard","Slightly hard","Moderately hard","Slightly hard","Slightly hard","Slightly meaty","Moderately meaty","Very meaty","Moderately meaty","Slightly meaty","Slightly meaty","Not at all moist","Not at all moist","26-35","Prefer not to say","Flexitarian (i.e., eats meat occasionally)","2-3 times a week","High School","Taste, Price, Health","_Conventional Grocers_ (ex: Stop & Shop, Safeway)"
"14156806484","5","Slightly moist","Moderately moist","Moderately moist","Slightly moist","Slightly soft","Slightly soft","Very soft","Extremely soft","Extremely soft","Very soft","Like","Like somewhat","Like very much","Like","Like somewhat","Like","Dislike","Dislike somewhat","Like","Like somewhat","Like very much","Dislike","Neither like nor dislike","Savory, Smoky, Good aftertaste, Earthy / Soil","Earthy / Soil","Smoky, Good aftertaste, Earthy / Soil, Savory","Salty","Off-flavor","Brittle, Crumbly / Grainy","Chewy, Soft / Mushy","Moist, Holds together","Soft / Mushy, Chewy","Soft / Mushy, Chewy, Gummy","Moist, Crumbly / Grainy, Soft / Mushy","It didn't taste like a burger, or look like one either.","I knew I was eating seeds, and it was a whole lot more than just what was on the bun.","I really like the black bean burgers, the have a good solid texture. And tasty!","It had a nice brown char on it to make it a little crisper and not so totally mushy.","Mustard","Mustard","Mustard","Mustard","Mustard","It tasted like I was having cheese tots.","A little brittle and falling apart.","Like","Neither like nor dislike","Neither like nor dislike","It was not like eating a burger at all!!! It didn't taste like beef, and it didn't feel like or have the consistency of a real burger.","Neither like nor dislike","None of these","Like somewhat","Not at all fatty","Bland","There wasn't a bigger portion.","I love mushrooms so this was the best so far, definitely loved the tomatoes and white onion.","There wasn't anything I liked.","Not at all fatty","Not at all fatty","Not at all fatty","Not at all fatty","Not at all fatty","Not at all fibrous","Not at all fibrous","Not at all fibrous","It was still to seedy and soft/mushy.","I like how they blended the carrot in, I feel like it really helped the texture, to make it feel like the real thing.","Not at all fibrous","Not at all fibrous","Not at all fibrous","Slightly hard","Not at all hard","Not at all hard","Not at all hard","Not at all hard","Slightly hard","Not at all meaty","Slightly meaty","Not at all meaty","Not at all meaty","Not at all meaty","Not at all meaty","Slightly moist","Very moist","46-55","Male","Omnivore (i.e., eats meat regularly)","2-3 times a week","Some College","Price, Taste, Health, Convenience, Animal Welfare","_Conventional Grocers_ (ex: Stop & Shop, Safeway)"
"13412597735","5","Extremely moist","Not at all moist","Extremely moist","Slightly moist","Extremely soft","Extremely soft","Very soft","Extremely soft","Extremely soft","Moderately soft","Like very much","Dislike very much","Like very much","Like very much","Dislike very much","Like very much","Like very much","Like somewhat","Like very much","Dislike","Like very much","Like very much","Like somewhat","Strong, Good aftertaste","Weird Aftertaste","Savory","Strong","Good aftertaste, Bland","Brittle","Crispy / Crunchy","Chewy","Holds together","Dry","Crispy / Crunchy","Could have more veggies added","Crunchy","The spice","The nuts","Mustard","Mustard","Mustard","Mustard","Mustard","Everything including the cheese!","Not firm","Like somewhat","Like very much","Like very much","I had no dislike","Like somewhat","Mustard","Like very much","Not at all fatty","Sweet, Good aftertaste, Savory","Nothing","All the vegetables","The patty was cooked really well o think it was a vegetarian burger","Moderately fatty","Moderately fatty","Not at all fatty","Not at all fatty","Moderately fatty","Not at all fibrous","Not at all fibrous","Not at all fibrous","The church no vegetable","No","Not at all fibrous","Moderately fibrous","Not at all fibrous","Not at all hard","Not at all hard","Slightly hard","Not at all hard","Not at all hard","Moderately hard","Not at all meaty","Not at all meaty","Very meaty","Not at all meaty","Moderately meaty","Moderately meaty","Not at all moist","Not at all moist","26-35","Female","Pescatarian","2-3 times a week","Some College","Price, Taste","_Natural Grocers_ (ex: Whole Foods)"
"14153090211","5","Very moist","Very moist","Slightly moist","Not at all moist","Slightly soft","Slightly soft","Very soft","Extremely soft","Slightly soft","Moderately soft","Like somewhat","Dislike very much","Like very much","Dislike somewhat","Dislike","Like","Neither like nor dislike","Dislike","Like somewhat","Dislike","Like very much","Neither like nor dislike","Dislike","Savory, Weird Aftertaste, Salty, Strong","Off-flavor, Weird Aftertaste","Smoky, Good aftertaste, Savory, Meaty","Off-flavor, Fatty, Savory, Weird Aftertaste","Off-flavor, Weird Aftertaste","Dry, Crumbly / Grainy, Brittle","Dry, Crumbly / Grainy, Brittle","Chewy, Moist","Chewy, Crumbly / Grainy, Moist, Fatty","Holds together","Dry, Crumbly / Grainy","Aftertaste","Taste texture consistency","Cilantro, slightly spicy","I don't like it","None of these","None of these","Ketchup","Ketchup, Mustard","None of these","Cheese","Fell apart. Bitter aftertaste","Dislike","Dislike somewhat","Neither like nor dislike","It was ok.","Dislike very much","None of these","Dislike somewhat","Not at all fatty","Bland","Nothing","Tasted good. Fresh vegetables.","Tasted like a veggie burger","Not at all fatty","Not at all fatty","Very fatty","Not at all fatty","Not at all fatty","Moderately fibrous","Very fibrous","Not at all fibrous","Bad taste, like oats. Dry , crumbly","The bun","Slightly fibrous","Slightly fibrous","Very fibrous","Not at all hard","Slightly hard","Not at all hard","Not at all hard","Slightly hard","Moderately hard","Slightly meaty","Not at all meaty","Moderately meaty","Slightly meaty","Not at all meaty","Not at all meaty","Slightly moist","Not at all moist","Greater than 55","Male","Omnivore (i.e., eats meat regularly)","2-3 times a month","Bachelor's Degree","Taste, Health, Price, Convenience","_Discount Grocers_ (ex: Trader Joe's, Lidl, Aldi)"
"14158675078","5","Very moist","Very moist","Slightly moist","Moderately moist","Extremely soft","Very soft","Moderately soft","Extremely soft","Slightly soft","Very soft","Dislike very much","Dislike","Like","Dislike","Dislike","Like somewhat","Like somewhat","Dislike somewhat","Dislike very much","Dislike","Neither like nor dislike","Like","Neither like nor dislike","Off-flavor, Weird Aftertaste, Strong","Bland, Earthy / Soil","Smoky, Earthy / Soil","Fatty, Sweet, Weird Aftertaste, Off-flavor","Savory, Earthy / Soil","Dry, Crumbly / Grainy, Springy","Crumbly / Grainy, Chewy, Gummy, Moist, Fibrous / Stringy","Moist","Sticky, Moist, Fatty, Gummy, Soft / Mushy","Dry, Crispy / Crunchy","Fibrous / Stringy, Crumbly / Grainy, Dry","Like a slice of cheese, not a burger.","Hot tasting","Nothing","Thick","None of these","None of these","None of these","None of these","None of these","Cheesy","Looks like beens & rice, not a burger. Way too hot tasting.","Dislike very much","Dislike","Like somewhat","Dry","Like somewhat","None of these","Dislike very much","Not at all fatty","Good aftertaste, Smoky","All ok","Smokey taste and toppings","Crunchy","Not at all fatty","Slightly fatty","Moderately fatty","Slightly fatty","Slightly fatty","Very fibrous","Very fibrous","Slightly fibrous","Texture","Nothing","Not at all fibrous","Moderately fibrous","Very fibrous","Not at all hard","Not at all hard","Moderately hard","Not at all hard","Slightly hard","Not at all hard","Slightly meaty","Not at all meaty","Slightly meaty","Not at all meaty","Slightly meaty","Not at all meaty","Slightly moist","Very moist","Greater than 55","Male","Omnivore (i.e., eats meat regularly)","Once a week","Bachelor's Degree","Taste, Price","_Discount Grocers_ (ex: Trader Joe's, Lidl, Aldi)"
"14152449393","5","Moderately moist","Moderately moist","Not at all moist","Not at all moist","Not at all soft","Moderately soft","Slightly soft","Slightly soft","Moderately soft","Slightly soft","Dislike","Dislike","Like somewhat","Dislike very much","Dislike","Like somewhat","Dislike","Dislike","Dislike very much","Dislike","Like somewhat","Dislike very much","Dislike somewhat","Meaty, Off-flavor","Weird Aftertaste","Savory","Bland, Off-flavor","Bland, Off-flavor","Dry, Brittle","Fibrous / Stringy, Tough, Crumbly / Grainy","Moist","Soft / Mushy","Dry","Gummy, Fibrous / Stringy","Taste, lack of flavor","Not delicious. Not good taste, meat shredded","Nothing","Some taste although not good","None of these","None of these","None of these","None of these","Mustard","Nothing","Texture and bean taste.. charred taste","Dislike","Dislike very much","Dislike very much","No Taste, dry, not interested in finishing","Dislike","None of these","Dislike very much","Not at all fatty","Bland, Off-flavor","Needs salt","Moist, flavor of mushroom","Did not like at all","Not at all fatty","Not at all fatty","Slightly fatty","Not at all fatty","Not at all fatty","Moderately fibrous","Moderately fibrous","Slightly fibrous","Texture, taste","Nothing","Not at all fibrous","Slightly fibrous","Moderately fibrous","Moderately hard","Slightly hard","Not at all hard","Not at all hard","Not at all hard","Not at all hard","Not at all meaty","Not at all meaty","Moderately meaty","Not at all meaty","Not at all meaty","Slightly meaty","Not at all moist","Not at all moist","Greater than 55","Female","Omnivore (i.e., eats meat regularly)","Once a week","Master's Degree","Taste","_Natural Grocers_ (ex: Whole Foods)"
"16153474349","5","Slightly moist","Moderately moist","Not at all moist","Slightly moist","Extremely soft","Extremely soft","Slightly soft","Moderately soft","Not at all soft","Slightly soft","Like","Dislike very much","Like very much","Like very much","Dislike very much","Like","Neither like nor dislike","Neither like nor dislike","Like somewhat","Dislike very much","Like","Dislike somewhat","Like somewhat","Smoky, Good aftertaste","Earthy / Soil","Savory, Good aftertaste","Savory, Sweet, Smoky","Strong","Soft / Mushy, Crumbly / Grainy","Crumbly / Grainy","Springy, Crumbly / Grainy","Holds together, Gummy, Sticky","Holds together","Fibrous / Stringy","None","Needs salt","Bean flavor","Peppery","None of these","None of these","None of these","None of these","None of these","Smoky cheese flavor,  it held together","Didn't hold up well","Dislike","Like very much","Dislike somewhat","No taste","Like somewhat","None of these","Like","Very fatty","Bland","Doesn't hold well together","Mixture of flavors","Dry like cardboard","Slightly fatty","Not at all fatty","Moderately fatty","Not at all fatty","Slightly fatty","Slightly fibrous","Not at all fibrous","Not at all fibrous","Too many seeds","None","Not at all fibrous","Slightly fibrous","Slightly fibrous","Not at all hard","Not at all hard","Not at all hard","Not at all hard","Slightly hard","Not at all hard","Not at all meaty","Not at all meaty","Slightly meaty","Not at all meaty","Not at all meaty","Slightly meaty","Not at all moist","Very moist","36-45","Male","Flexitarian (i.e., eats meat occasionally)","2-3 times a week","Master's Degree","Health, Convenience, Taste","_Discount Grocers_ (ex: Trader Joe's, Lidl, Aldi)"
"14156016308","5","Very moist","Moderately moist","Slightly moist","Slightly moist","Moderately soft","Moderately soft","Moderately soft","Moderately soft","Moderately soft","Slightly soft","Like somewhat","Like","Like","Like","Dislike somewhat","Like very much","Dislike somewhat","Dislike somewhat","Like somewhat","Like somewhat","Like very much","Like somewhat","Like","Savory, Smoky, Earthy / Soil","Salty, Savory, Smoky, Earthy / Soil","Meaty, Strong, Smoky, Savory, Earthy / Soil","Savory, Salty, Smoky, Sweet","Smoky, Strong, Salty, Earthy / Soil","Dry, Chewy, Crumbly / Grainy","Crumbly / Grainy, Dry","Springy, Moist, Chewy, Firm / Hard","Moist, Holds together, Chewy, Springy, Sticky","Dry, Crumbly / Grainy","Crumbly / Grainy, Dry, Springy","A little bland","A bit dry","Beany flavor","Dense, spicy","Mustard","Mustard","Mustard","Mustard","Mustard","Good texture","Quite dry","Neither like nor dislike","Like","Like somewhat","A bit dry","Like","Mustard","Like somewhat","Slightly fatty","Bland, Earthy / Soil, Savory","Bit of a sour aftertaste","Meaty mushroomy","Nice flavor","Not at all fatty","Slightly fatty","Moderately fatty","Slightly fatty","Slightly fatty","Moderately fibrous","Very fibrous","Slightly fibrous","A bit too dry and crumbly","Nutty flavor","Not at all fibrous","Moderately fibrous","Moderately fibrous","Moderately hard","Moderately hard","Moderately hard","Moderately hard","Not at all hard","Moderately hard","Slightly meaty","Slightly meaty","Very meaty","Moderately meaty","Slightly meaty","Moderately meaty","Not at all moist","Slightly moist","Greater than 55","Male","Flexitarian (i.e., eats meat occasionally)","Once a week","Ph.D. or higher","Taste, Health","_Natural Grocers_ (ex: Whole Foods)"
"17072003304","6","Extremely moist","Extremely moist","Extremely moist","Very moist","Extremely soft","Moderately soft","Moderately soft","Extremely soft","Extremely soft","Slightly soft","Dislike somewhat","Dislike","Like very much","Like","Like","Like very much","Dislike somewhat","Like very much","Dislike somewhat","Like somewhat","Like very much","Like","Like somewhat","Smoky","Smoky, Savory","Smoky, Good aftertaste","Good aftertaste, Savory","Good aftertaste","Brittle, Crumbly / Grainy","Crumbly / Grainy, Chewy","Holds together, Moist, Springy","Soft / Mushy","Soft / Mushy","Crispy / Crunchy","Weird texture like undercooked piece inside and incredibly mushy","Over peppery","Color","Texture","Mustard","Mustard","Mustard","Mustard","Mustard","Spicy flavor melted cheese","Beany. Random killing spicy bit. Don’t hold form","Like somewhat","Dislike very much","Like very much","Mushy","Like somewhat","Mustard","Dislike","Not at all fatty","Good aftertaste","Not enough lol","Flavor color texture cheese melted","Colorful patty,  crispy bun","Slightly fatty","Not at all fatty","Moderately fatty","Not at all fatty","Not at all fatty","Extremely fibrous","Very fibrous","Slightly fibrous","Salty","Texture","Not at all fibrous","Very fibrous","Moderately fibrous","Not at all hard","Moderately hard","Slightly hard","Not at all hard","Not at all hard","Not at all hard","Not at all meaty","Slightly meaty","Moderately meaty","Not at all meaty","Moderately meaty","Moderately meaty","Moderately moist","Very moist","36-45","Female","Omnivore (i.e., eats meat regularly)","2-3 times a month","Bachelor's Degree","Price, Taste, Health, Convenience","_Natural Grocers_ (ex: Whole Foods)"
"14158103043","6","Moderately moist","Moderately moist","Moderately moist","Slightly moist","Not at all soft","Slightly soft","Moderately soft","Extremely soft","Very soft","Not at all soft","Dislike","Dislike somewhat","Like","Neither like nor dislike","Dislike somewhat","Like","Like somewhat","Like somewhat","Dislike somewhat","Neither like nor dislike","Like","Dislike","Like somewhat","Smoky, Weird Aftertaste","Weird Aftertaste","Good aftertaste","Off-flavor","Bland","Dry","Crispy / Crunchy, Brittle, Soft / Mushy","Soft / Mushy","Moist","Moist, Soft / Mushy","Crumbly / Grainy","It’s not meaty it’s more of cheesy. It’s very soft","Too much pepper a bit dry","Beans","It taste good not oily","None of these","Ketchup","Ketchup","None of these","Ketchup","Cheesy, soft","After taste","Dislike somewhat","Neither like nor dislike","Dislike","The after taste. The taste. Is weird.","Like somewhat","Ketchup","Neither like nor dislike","Not at all fatty","Off-flavor","None","Good Taste","It’s moist and soft","Slightly fatty","Slightly fatty","Not at all fatty","Slightly fatty","Slightly fatty","Slightly fibrous","Slightly fibrous","Slightly fibrous","It’s crunchy. The aftertaste","I like that there’s vegetable but they should slice small. It’s chewable because it’s soft.","Slightly fibrous","Slightly fibrous","Slightly fibrous","Slightly hard","Slightly hard","Not at all hard","Not at all hard","Not at all hard","Slightly hard","Not at all meaty","Not at all meaty","Not at all meaty","Not at all meaty","Not at all meaty","Slightly meaty","Not at all moist","Slightly moist","Greater than 55","Female","Omnivore (i.e., eats meat regularly)","2-3 times a month","Bachelor's Degree","Health","_Conventional Grocers_ (ex: Stop & Shop, Safeway)"
"19256999759","6","Very moist","Very moist","Very moist","Slightly moist","Moderately soft","Moderately soft","Not at all soft","Very soft","Extremely soft","Very soft","Like","Dislike somewhat","Like very much","Like very much","Dislike","Dislike","Like very much","Like somewhat","Like somewhat","Neither like nor dislike","Like very much","Neither like nor dislike","Like somewhat","Earthy / Soil, Smoky","Bland","Savory, Meaty","Fatty, Salty, Good aftertaste, Savory","Earthy / Soil","Crumbly / Grainy, Soft / Mushy","Fibrous / Stringy, Crumbly / Grainy","Chewy, Moist","Holds together, Moist","Moist, Holds together","Soft / Mushy, Crumbly / Grainy, Holds together","would like a lil more spice/meatyness","wish it was moister","love bean flavor","spice level and consistency","None of these","Ketchup","None of these","Mustard","None of these","flavor and consistency and moistness","crumbly and falls apart, taste like a burrito","Neither like nor dislike","Like very much","Dislike somewhat","weird aftertaste","Like somewhat","None of these","Like very much","Slightly fatty","Weird Aftertaste, Earthy / Soil","texture of mushroom but still good","umami of mushroom and cheese","consistency was so good","Not at all fatty","Slightly fatty","Moderately fatty","Moderately fatty","Not at all fatty","Moderately fibrous","Extremely fibrous","Moderately fibrous","tasted like quinoa/rice sandwich with spice","n/a","Moderately fibrous","Moderately fibrous","Very fibrous","Not at all hard","Slightly hard","Not at all hard","Not at all hard","Not at all hard","Not at all hard","Slightly meaty","Not at all meaty","Slightly meaty","Moderately meaty","Slightly meaty","Slightly meaty","Moderately moist","Not at all moist","18-25","Female","Omnivore (i.e., eats meat regularly)","Once a week","Bachelor's Degree","Animal Welfare, Taste, Health","_Bulk Grocers_ (ex: Costco, Sam's Club)"
"17075010435","6","Very moist","Very moist","Very moist","Slightly moist","Moderately soft","Moderately soft","Very soft","Slightly soft","Moderately soft","Moderately soft","Dislike somewhat","Dislike somewhat","Like","Dislike","Dislike somewhat","Like","Like","Like","Dislike very much","Dislike somewhat","Like very much","Like","Like","Earthy / Soil, Sweet, Meaty","Earthy / Soil, Savory, Salty","Salty, Smoky, Savory","Weird Aftertaste, Salty, Off-flavor","Sweet, Savory","Fatty, Gummy, Moist, Crumbly / Grainy, Soft / Mushy","Crumbly / Grainy, Holds together, Fibrous / Stringy","Springy, Soft / Mushy, Moist","Crumbly / Grainy, Moist, Gummy, Soft / Mushy, Sticky","Moist, Holds together","Crispy / Crunchy, Holds together, Moist","Flavor","Cut onion smaller","Black bean","The flavor","None of these","None of these","None of these","None of these","None of these","Cheese","Too much jalapeño","Like somewhat","Dislike very much","Like","Excessive onions","Like very much","None of these","Dislike somewhat","Slightly fatty","Meaty, Sweet, Savory, Strong","Onion n tomato excessive","The mushroom","Flavor","Not at all fatty","Very fatty","Slightly fatty","Moderately fatty","Not at all fatty","Slightly fibrous","Very fibrous","Slightly fibrous","Texture","Firm","Moderately fibrous","Not at all fibrous","Slightly fibrous","Slightly hard","Not at all hard","Not at all hard","Moderately hard","Not at all hard","Not at all hard","Moderately meaty","Slightly meaty","Moderately meaty","Slightly meaty","Slightly meaty","Not at all meaty","Moderately moist","Moderately moist","18-25","Female","Flexitarian (i.e., eats meat occasionally)","2-3 times a month","Some College","Price, Taste","_Discount Grocers_ (ex: Trader Joe's, Lidl, Aldi)"
"14152401872","6","Extremely moist","Extremely moist","Moderately moist","Very moist","Very soft","Very soft","Extremely soft","Extremely soft","Very soft","Very soft","Neither like nor dislike","Like somewhat","Dislike somewhat","Like somewhat","Neither like nor dislike","Dislike somewhat","Neither like nor dislike","Like","Dislike","Like","Neither like nor dislike","Like","Like very much","Smoky, Earthy / Soil, Strong, Weird Aftertaste","Earthy / Soil","Savory","Fatty, Smoky","Savory","Crumbly / Grainy, Moist, Gummy","Crumbly / Grainy","Fatty, Soft / Mushy","Moist, Soft / Mushy","Dry, Brittle, Moist, Crumbly / Grainy","Crumbly / Grainy, Moist","Too soft","All good","Nothing","Nice little tang","None of these","Ketchup","None of these","Ketchup","Ketchup","Cheese","The burger","Dislike","Neither like nor dislike","Neither like nor dislike","Grainy","Like","None of these","Like somewhat","Moderately fatty","Sweet, Savory, Meaty","The whole thing","The letters tomato and onions","A really good taste","Slightly fatty","Very fatty","Very fatty","Slightly fatty","Not at all fatty","Very fibrous","Very fibrous","Slightly fibrous","Too crumbly","Good taste","Slightly fibrous","Very fibrous","Moderately fibrous","Moderately hard","Not at all hard","Not at all hard","Not at all hard","Not at all hard","Not at all hard","Slightly meaty","Moderately meaty","Not at all meaty","Moderately meaty","Moderately meaty","Very meaty","Moderately moist","Very moist","Greater than 55","Male","Omnivore (i.e., eats meat regularly)","2-3 times a month","Some College","Health","_Conventional Grocers_ (ex: Stop & Shop, Safeway)"
"19255774788","6","Very moist","Not at all moist","Slightly moist","Slightly moist","Extremely soft","Extremely soft","Moderately soft","Not at all soft","Moderately soft","Very soft","Like","Dislike","Dislike very much","Like","Dislike somewhat","Dislike","Like very much","Like","Like somewhat","Dislike","Dislike","Like very much","Like","Earthy / Soil, Good aftertaste","Sweet, Off-flavor","Earthy / Soil, Bland","Savory, Salty","Savory, Good aftertaste, Salty, Strong","Crumbly / Grainy, Dry","Crumbly / Grainy, Dry","Moist, Soft / Mushy","Crispy / Crunchy, Dry","Crispy / Crunchy, Holds together, Moist","Crumbly / Grainy, Soft / Mushy, Holds together","chunky","no extra toppings with the burger","the jalapeños, good taste","good textured patty, great bun, flavored patty, pairs well with ketchup and mustard","Mustard","Ketchup, Mustard","Ketchup, Mustard","Ketchup, Mustard","Ketchup, Mustard","held together well, pairs great with the cheese","way too crumbly, partly dry","Dislike very much","Like somewhat","Like very much","doesn’t pair well with mustard and ketchup","Like very much","None of these","Like very much","Not at all fatty","Salty, Savory, Good aftertaste, Strong","the mushroom texture and taste.","the extra toppings on the burger , paired well with ketchup","Held together well, good color, diverse ingredients packed into a burger, crispy","Not at all fatty","Not at all fatty","Not at all fatty","Moderately fatty","Not at all fatty","Very fibrous","Extremely fibrous","Slightly fibrous","the taste is overpowered with carrots","good bread, burger texture, pairs well with ketchup","Slightly fibrous","Moderately fibrous","Extremely fibrous","Not at all hard","Not at all hard","Slightly hard","Slightly hard","Slightly hard","Not at all hard","Not at all meaty","Not at all meaty","Not at all meaty","Not at all meaty","Moderately meaty","Slightly meaty","Not at all moist","Not at all moist","No response","No response","No response","2-3 times a week","Bachelor's Degree","Health, Price, Taste","_Discount Grocers_ (ex: Trader Joe's, Lidl, Aldi)"
"14152405191","6","Extremely moist","Slightly moist","Very moist","Slightly moist","Moderately soft","Very soft","Moderately soft","Moderately soft","Very soft","Very soft","Dislike somewhat","Neither like nor dislike","Like very much","Like somewhat","Neither like nor dislike","Like very much","Dislike somewhat","Neither like nor dislike","Dislike somewhat","Neither like nor dislike","Like very much","Neither like nor dislike","Like","Earthy / Soil, Bland","Bland, Off-flavor, Earthy / Soil","Strong, Earthy / Soil, Savory, Salty, Smoky, Good aftertaste","Sweet, Earthy / Soil, Strong, Good aftertaste","Savory, Good aftertaste","Dry, Crumbly / Grainy, Soft / Mushy","Holds together, Soft / Mushy, Crumbly / Grainy, Chewy","Firm / Hard","Crispy / Crunchy, Firm / Hard, Crumbly / Grainy, Holds together","Soft / Mushy, Crumbly / Grainy","Dry, Brittle, Crumbly / Grainy","Totally unlike a meaty sandwich","Was not a beef burger taste","Healthy natural ingredients","Unexpected taste but it was good","None of these","None of these","None of these","None of these","None of these","Cheesy potato flavored","Crumbled and fell apart","Dislike very much","Neither like nor dislike","Neither like nor dislike","Unexpected bitter aftertaste","Like","None of these","Like somewhat","Not at all fatty","Weird Aftertaste, Strong, Sweet, Off-flavor","Nothing","Portobello mushroom flavor","It was flavorful","Not at all fatty","Not at all fatty","Slightly fatty","Not at all fatty","Slightly fatty","Moderately fibrous","Very fibrous","Not at all fibrous","No taste, very bland","Looked like healthy vegetarian alternative","Slightly fibrous","Not at all fibrous","Not at all fibrous","Not at all hard","Slightly hard","Moderately hard","Slightly hard","Not at all hard","Not at all hard","Not at all meaty","Not at all meaty","Very meaty","Slightly meaty","Not at all meaty","Not at all meaty","Slightly moist","Moderately moist","Greater than 55","Male","Omnivore (i.e., eats meat regularly)","2-3 times a week","Bachelor's Degree","Health, Taste, Animal Welfare, Environment, Price","_Conventional Grocers_ (ex: Stop & Shop, Safeway)"
"14159306904","6","Extremely moist","Extremely moist","Extremely moist","Extremely moist","Extremely soft","Extremely soft","Extremely soft","Extremely soft","Extremely soft","Extremely soft","Like very much","Like somewhat","Like very much","Like very much","Dislike somewhat","Like very much","Dislike","Dislike somewhat","Like very much","Like","Like very much","Neither like nor dislike","Like very much","Good aftertaste, Smoky, Savory, Earthy / Soil, Strong","Sweet","Good aftertaste","Good aftertaste, Salty, Sweet, Fatty, Savory, Meaty, Strong","Savory, Good aftertaste, Meaty, Sweet","Crumbly / Grainy","Soft / Mushy, Gummy, Sticky, Brittle","Holds together, Springy","Soft / Mushy, Crumbly / Grainy","Soft / Mushy","Crumbly / Grainy, Moist","Falls apart","Texture was falling apart out of.bun","Flavors smoky bean, fresh jalapeño","Seeds, savory onion essence","None of these","Ketchup, Mustard","None of these","None of these","Salt, Pepper","Corn pancake style burger patty","Falls apart","Like very much","Dislike somewhat","Like very much","It was too smooshy but flavor was good. Needs a spread for the bun.","Like very much","None of these","Like very much","Not at all fatty","Sweet","Too sour","Balsamic marinated chewy and soft at the same time like a meaty juicy filet of portabella","Pickled onions and cilantro","Not at all fatty","Not at all fatty","Extremely fatty","Not at all fatty","Not at all fatty","Extremely fibrous","Extremely fibrous","Extremely fibrous","Texture was wet","Savory wholesome flavor","Extremely fibrous","Not at all fibrous","Extremely fibrous","Not at all hard","Moderately hard","Not at all hard","Not at all hard","Not at all hard","Not at all hard","Extremely meaty","Extremely meaty","Extremely meaty","Extremely meaty","Not at all meaty","Not at all meaty","Extremely moist","Extremely moist","26-35","Female","Flexitarian (i.e., eats meat occasionally)","Once a week","Trade School","Environment","_Small Neighborhood Grocers _"
"14153732583","6","Moderately moist","Slightly moist","Slightly moist","Slightly moist","Moderately soft","Moderately soft","Moderately soft","Moderately soft","Moderately soft","Moderately soft","Like","Like somewhat","Like","Like","Like somewhat","Like","Neither like nor dislike","Like","Like somewhat","Like somewhat","Like","Like","Like","Strong, Earthy / Soil","Bland","Savory, Earthy / Soil, Smoky, Good aftertaste","Good aftertaste, Savory","Smoky, Earthy / Soil, Strong","Chewy, Soft / Mushy, Gummy, Crumbly / Grainy","Dry, Crumbly / Grainy","Springy, Moist, Chewy","Holds together, Springy","Holds together, Dry, Chewy","Crispy / Crunchy, Holds together","N/A","N/A","spicy","flavor","None of these","None of these","None of these","None of these","None of these","warmth","dry","Neither like nor dislike","Like","Like somewhat","N/A","Like","None of these","Like very much","Not at all fatty","Bland","N/A","flavor","texture","Not at all fatty","Not at all fatty","Not at all fatty","Not at all fatty","Not at all fatty","Not at all fibrous","Not at all fibrous","Not at all fibrous","N/A","consistency","Not at all fibrous","Slightly fibrous","Slightly fibrous","Not at all hard","Not at all hard","Not at all hard","Not at all hard","Not at all hard","Not at all hard","Slightly meaty","Not at all meaty","Moderately meaty","Moderately meaty","Slightly meaty","Moderately meaty","Not at all moist","Not at all moist","36-45","Male","Flexitarian (i.e., eats meat occasionally)","Once a week","Some College","Environment, Health, Price","_Natural Grocers_ (ex: Whole Foods)"
"15109318856","6","Moderately moist","Moderately moist","Moderately moist","Moderately moist","Moderately soft","Moderately soft","Slightly soft","Slightly soft","Moderately soft","Moderately soft","Dislike","Neither like nor dislike","Like somewhat","Like","Dislike somewhat","Like somewhat","Like somewhat","Like somewhat","Dislike somewhat","Dislike somewhat","Like somewhat","Like","Dislike somewhat","Weird Aftertaste, Off-flavor","Salty, Off-flavor","Meaty, Strong","Meaty, Savory, Good aftertaste","Bland, Off-flavor","Fibrous / Stringy, Gummy, Soft / Mushy","Crumbly / Grainy, Gummy","Firm / Hard, Moist","Holds together, Firm / Hard","Crumbly / Grainy, Holds together","Holds together, Chewy","Nothing","It seemed a little mealy.","Nothing","Not really","Ketchup","Ketchup","Ketchup","Ketchup","Ketchup","Tasty 😋","It was crumbly and spicy 🌶️.","Dislike somewhat","Like somewhat","Like","Nothing","Neither like nor dislike","Ketchup","Like somewhat","Moderately fatty","Good aftertaste, Savory, Meaty","Nothing","The additional ingredients that were included with the burger","Good taste","Slightly fatty","Slightly fatty","Slightly fatty","Slightly fatty","Slightly fatty","Very fibrous","Slightly fibrous","Slightly fibrous","It seemed like the burger fell apart easily.","Mealy, too.","Slightly fibrous","Slightly fibrous","Very fibrous","Not at all hard","Slightly hard","Very hard","Moderately hard","Moderately hard","Slightly hard","Moderately meaty","Slightly meaty","Moderately meaty","Very meaty","Moderately meaty","Slightly meaty","Slightly moist","Moderately moist","Greater than 55","Male","Flexitarian (i.e., eats meat occasionally)","Once every 1-2 months","Bachelor's Degree","Taste, Convenience, Price","_Discount Grocers_ (ex: Trader Joe's, Lidl, Aldi)"
"19254879398","6","Extremely moist","Slightly moist","Very moist","Very moist","Very soft","Slightly soft","Slightly soft","Very soft","Moderately soft","Moderately soft","Neither like nor dislike","Dislike somewhat","Like very much","Neither like nor dislike","Dislike somewhat","Like very much","Like","Like very much","Like somewhat","Dislike somewhat","Like very much","Like somewhat","Like very much","Earthy / Soil","Bland","Good aftertaste, Savory","Bland","Savory, Strong, Good aftertaste","Soft / Mushy, Dry","Dry, Crispy / Crunchy, Brittle, Crumbly / Grainy","Gummy, Holds together, Firm / Hard","Dry, Soft / Mushy, Crumbly / Grainy","Holds together, Moist","Moist, Firm / Hard, Crispy / Crunchy","Doesn’t hold together. Not too much flavor","N/a","I like beans, tastes healthy","Flavor, especially spices","Ketchup, Mustard","Ketchup, Mustard","Ketchup, Mustard","Ketchup, Mustard","Ketchup","Tastes healthy, with beans","A little too mushy and flavorless","Dislike somewhat","Neither like nor dislike","Like very much","N/a","Like very much","Ketchup, Mustard","Neither like nor dislike","Not at all fatty","Savory, Good aftertaste, Strong","N/a","I love mushrooms, and the whole burger is very hearty","Flavor and texture","Not at all fatty","Not at all fatty","Not at all fatty","Not at all fatty","Not at all fatty","Not at all fibrous","Not at all fibrous","Slightly fibrous","Dryness, crumbly","Seems healthy. I see the carrot pieces","Not at all fibrous","Not at all fibrous","Not at all fibrous","Not at all hard","Slightly hard","Moderately hard","Not at all hard","Not at all hard","Moderately hard","Not at all meaty","Not at all meaty","Not at all meaty","Not at all meaty","Not at all meaty","Slightly meaty","Slightly moist","Not at all moist","36-45","Female","Flexitarian (i.e., eats meat occasionally)","Once every 1-2 months","Bachelor's Degree","Price, Health, Animal Welfare, Environment, Taste, Convenience, Familiarity (what I'm used to)","_Conventional Grocers_ (ex: Stop & Shop, Safeway)"
"16503386524","6","Not at all moist","Very moist","Moderately moist","Very moist","Slightly soft","Very soft","Slightly soft","Moderately soft","Very soft","Very soft","Neither like nor dislike","Like","Dislike somewhat","Like very much","Like somewhat","Neither like nor dislike","Like very much","Like","Dislike somewhat","Like somewhat","Neither like nor dislike","Like very much","Like","Smoky, Earthy / Soil, Bland","Meaty, Savory, Earthy / Soil, Good aftertaste","Earthy / Soil, Bland","Savory, Good aftertaste, Strong","Bland, Meaty, Earthy / Soil, Savory","Crumbly / Grainy, Dry, Soft / Mushy, Fibrous / Stringy","Brittle, Dry, Firm / Hard, Soft / Mushy, Fibrous / Stringy, Crumbly / Grainy, Chewy","Chewy, Tough","Holds together, Moist, Chewy, Firm / Hard","Moist, Chewy, Firm / Hard","Chewy, Soft / Mushy, Crumbly / Grainy","Smaller patty","Dull, needed ketchup","Black beans","Different flavor & consistency","None of these","Mustard","Ketchup, Mustard","Ketchup, Mustard","Ketchup","Cheese & beans...","Patty was better for Nachos","Dislike very much","Like","Like very much","Not thick enough","Like somewhat","Mustard","Like somewhat","Not at all fatty","Strong, Smoky, Savory, Meaty, Good aftertaste","No flavor","Combination of filling","Savory, spicy, patty held together","Moderately fatty","Not at all fatty","Not at all fatty","Moderately fatty","Slightly fatty","Extremely fibrous","Very fibrous","Not at all fibrous","Fell apart","Veggies, earthly taste","Not at all fibrous","Slightly fibrous","Very fibrous","Not at all hard","Not at all hard","Not at all hard","Not at all hard","Not at all hard","Not at all hard","Slightly meaty","Very meaty","Not at all meaty","Slightly meaty","Very meaty","Slightly meaty","Not at all moist","Moderately moist","Greater than 55","Male","Omnivore (i.e., eats meat regularly)","2-3 times a week","Bachelor's Degree","Taste","_Natural Grocers_ (ex: Whole Foods)"
"19253300684","6","Extremely moist","Very moist","Very moist","Slightly moist","Moderately soft","Slightly soft","Slightly soft","Moderately soft","Very soft","Moderately soft","Neither like nor dislike","Neither like nor dislike","Dislike somewhat","Like somewhat","Dislike somewhat","Dislike","Dislike","Dislike somewhat","Like somewhat","Dislike somewhat","Dislike somewhat","Dislike","Like somewhat","Sweet, Fatty, Salty, Earthy / Soil, Bland, Savory","Bland, Earthy / Soil, Sweet","Sweet, Smoky, Salty, Off-flavor","Sweet, Fatty, Salty, Good aftertaste, Savory","Savory, Earthy / Soil, Good aftertaste","Firm / Hard, Fibrous / Stringy, Chewy, Crumbly / Grainy","Crumbly / Grainy, Gummy, Sticky, Dry","Moist, Soft / Mushy","Crispy / Crunchy, Fatty, Firm / Hard, Soft / Mushy, Sticky, Moist, Chewy","Soft / Mushy, Moist, Sticky, Holds together","Crumbly / Grainy, Gummy, Springy","Inconsistent texture","Crumbly patty","Spicy","Hearty bite, good spice","None of these","Ketchup","None of these","None of these","Ketchup","Flavorful","Blanc","Like somewhat","Neither like nor dislike","Like somewhat","Mushy","Like somewhat","None of these","Like somewhat","Moderately fatty","Weird Aftertaste, Salty, Earthy / Soil, Sweet","Wet, slimy","Bright flavor","Fresh","Slightly fatty","Slightly fatty","Very fatty","Slightly fatty","Not at all fatty","Slightly fibrous","Moderately fibrous","Slightly fibrous","Fell apart","Slight sweetness","Not at all fibrous","Slightly fibrous","Slightly fibrous","Moderately hard","Slightly hard","Not at all hard","Moderately hard","Not at all hard","Slightly hard","Moderately meaty","Slightly meaty","Not at all meaty","Moderately meaty","Slightly meaty","Not at all meaty","Not at all moist","Slightly moist","26-35","Male","Omnivore (i.e., eats meat regularly)","Once a week","Bachelor's Degree","Taste, Price, Familiarity (what I'm used to)","_Small Neighborhood Grocers _"
"14155708608","6","Moderately moist","Moderately moist","Moderately moist","Moderately moist","Not at all soft","Slightly soft","Not at all soft","Slightly soft","Slightly soft","Slightly soft","Like very much","Like","Like very much","Like very much","Like","Like very much","Like","Like very much","Like very much","Like","Like very much","Like","Like very much","Meaty, Smoky, Good aftertaste, Savory, Fatty","Meaty, Good aftertaste, Savory","Meaty, Smoky, Good aftertaste, Savory","Savory, Smoky, Good aftertaste","Smoky, Savory, Good aftertaste","Holds together, Moist, Firm / Hard, Fibrous / Stringy, Fatty","Holds together, Moist, Crispy / Crunchy","Moist, Holds together, Chewy, Fatty","Fatty, Moist, Holds together, Chewy","Holds together, Fatty, Moist, Crispy / Crunchy","Moist, Springy, Fibrous / Stringy, Holds together","All good","All good","Savory crunchy","Kinda spicy, flavorful","None of these","Ketchup","None of these","Ketchup","None of these","Cheesy, savory","All good","Like very much","Like very much","Like","All good","Like very much","None of these","Like very much","Moderately fatty","Savory, Smoky, Sweet, Meaty","All good","Savory, 🍄 y, crunchy","Savory. A little sweet?","Slightly fatty","Moderately fatty","Moderately fatty","Slightly fatty","Slightly fatty","Moderately fibrous","Moderately fibrous","Moderately fibrous","All good","Savory. Maybe not spicy like the first","Moderately fibrous","Moderately fibrous","Moderately fibrous","Slightly hard","Not at all hard","Moderately hard","Not at all hard","Not at all hard","Not at all hard","Moderately meaty","Moderately meaty","Moderately meaty","Moderately meaty","Moderately meaty","Moderately meaty","Moderately moist","Moderately moist","46-55","Male","Omnivore (i.e., eats meat regularly)","2-3 times a month","Bachelor's Degree","Familiarity (what I'm used to), Taste, Convenience, Price","_Discount Grocers_ (ex: Trader Joe's, Lidl, Aldi)"
"16465350417","6","Moderately moist","Slightly moist","Slightly moist","Slightly moist","Moderately soft","Moderately soft","Moderately soft","Moderately soft","Extremely soft","Moderately soft","Dislike","Like","Like","Dislike somewhat","Like","Like","Dislike","Like","Dislike somewhat","Like","Like","Like somewhat","Like","Bland, Earthy / Soil","Smoky","Good aftertaste","Bland","Strong","Crumbly / Grainy","Fibrous / Stringy","Springy","Dry","Gummy, Soft / Mushy","Holds together","Dry, inconsistent","Color","Healthy","Texture, onions","Ketchup","Ketchup","Ketchup","Ketchup","Ketchup","Cheese sauce","Dry bland","Dislike very much","Dislike","Dislike somewhat","Color, flavor","Like","Ketchup","Dislike somewhat","Not at all fatty","Sweet","Fell apart","Mushroom","Soft","Not at all fatty","Not at all fatty","Slightly fatty","Not at all fatty","Not at all fatty","Not at all fibrous","Moderately fibrous","Slightly fibrous","One bun means mess","Tomato mushroom","Slightly fibrous","Slightly fibrous","Not at all fibrous","Slightly hard","Not at all hard","Not at all hard","Slightly hard","Not at all hard","Slightly hard","Not at all meaty","Not at all meaty","Not at all meaty","Not at all meaty","Not at all meaty","Not at all meaty","Not at all moist","Slightly moist","36-45","Female","Flexitarian (i.e., eats meat occasionally)","2-3 times a week","Ph.D. or higher","Familiarity (what I'm used to)","_Natural Grocers_ (ex: Whole Foods)"